{"type":"FeatureCollection","crs":{"type":"name","properties":{"name":"urn:ogc:def:crs:OGC:1.3:CRS84"}},"features":[{"type":"Feature","properties":{"name":"French Guiana (France)","cartodb_id":1,"created_at":"2013-11-28T06:32:17+0100","updated_at":"2013-11-28T06:33:02+0100"},"geometry":{"type":"Polygon","coordinates":[[[-52.288916,4.876123],[-52.324609,4.770898],[-52.219971,4.862793],[-52.058105,4.717383],[-52.012305,4.645996],[-51.961914,4.514404],[-51.979346,4.429883],[-52.001709,4.38623],[-52.00293,4.352295],[-51.954785,4.399072],[-51.927686,4.436133],[-51.91958,4.524316],[-51.880273,4.63374],[-51.827539,4.635693],[-51.785645,4.570508],[-51.698633,4.286816],[-51.66582,4.228809],[-51.653271,4.13877],[-51.658105,4.098486],[-51.652539,4.061279],[-51.683447,4.039697],[-51.76709,3.992676],[-51.805273,3.929932],[-51.82749,3.86958],[-51.879492,3.828564],[-51.928906,3.776953],[-51.944336,3.735107],[-51.99062,3.702002],[-51.999512,3.646875],[-52.116113,3.452295],[-52.162598,3.364697],[-52.229443,3.27168],[-52.27124,3.237109],[-52.327881,3.181738],[-52.356641,3.117725],[-52.356641,3.051562],[-52.396387,2.972217],[-52.418408,2.903857],[-52.455859,2.86416],[-52.554688,2.647656],[-52.559473,2.573145],[-52.583008,2.528906],[-52.653174,2.425732],[-52.700635,2.363672],[-52.783398,2.317188],[-52.87041,2.26665],[-52.903467,2.211523],[-52.964844,2.183545],[-53.009717,2.181738],[-53.082275,2.201709],[-53.180078,2.211328],[-53.229785,2.204883],[-53.252197,2.232275],[-53.285498,2.295215],[-53.334424,2.339746],[-53.366016,2.324219],[-53.431836,2.279443],[-53.508984,2.253125],[-53.563965,2.261914],[-53.683691,2.29292],[-53.734717,2.308545],[-53.750146,2.33501],[-53.767773,2.354834],[-53.794238,2.345996],[-53.829541,2.312939],[-53.876611,2.278271],[-53.946436,2.232568],[-54.089746,2.150488],[-54.130078,2.121045],[-54.167383,2.137061],[-54.227979,2.15332],[-54.293066,2.154248],[-54.433105,2.20752],[-54.515088,2.245459],[-54.550488,2.293066],[-54.591943,2.31377],[-54.61626,2.326758],[-54.604736,2.335791],[-54.568408,2.342578],[-54.535937,2.343311],[-54.485547,2.416113],[-54.402002,2.461523],[-54.256738,2.713721],[-54.195508,2.817871],[-54.188086,2.874854],[-54.170703,2.993604],[-54.203125,3.138184],[-54.188037,3.17876],[-54.063184,3.35332],[-54.00957,3.448535],[-54.005957,3.530518],[-53.990479,3.589551],[-54.005908,3.62041],[-54.034229,3.629395],[-54.081982,3.705957],[-54.112793,3.769434],[-54.197461,3.834424],[-54.255518,3.901074],[-54.350732,4.054102],[-54.342139,4.140039],[-54.369141,4.170947],[-54.398389,4.20249],[-54.39624,4.241406],[-54.416016,4.337646],[-54.440674,4.428027],[-54.449609,4.48501],[-54.426074,4.583008],[-54.440234,4.691992],[-54.471143,4.749316],[-54.479687,4.836523],[-54.47334,4.914697],[-54.446875,4.958789],[-54.452197,5.013477],[-54.331641,5.187402],[-54.240186,5.288232],[-54.155957,5.358984],[-54.085303,5.411816],[-53.9896,5.676025],[-53.919922,5.768994],[-53.847168,5.782227],[-53.454443,5.563477],[-53.270361,5.543262],[-52.899316,5.425049],[-52.76499,5.273486],[-52.453955,5.021338],[-52.290527,4.942188],[-52.288916,4.876123]]]}},{"type":"Feature","properties":{"name":"Brazil","cartodb_id":33,"created_at":"2013-11-27T20:16:22+0100","updated_at":"2013-11-27T20:16:23+0100"},"geometry":{"type":"MultiPolygon","coordinates":[[[[-48.485889,-27.766992],[-48.55459,-27.812207],[-48.542187,-27.574805],[-48.505176,-27.495508],[-48.464746,-27.436328],[-48.414893,-27.399609],[-48.37793,-27.451465],[-48.40957,-27.566309],[-48.496777,-27.707031],[-48.485889,-27.766992]]],[[[-48.584424,-26.401562],[-48.603076,-26.41377],[-48.665771,-26.289648],[-48.539746,-26.170313],[-48.497607,-26.21875],[-48.531104,-26.313184],[-48.568066,-26.379687],[-48.584424,-26.401562]]],[[[-45.260254,-23.88916],[-45.260889,-23.941309],[-45.302539,-23.914746],[-45.412842,-23.934961],[-45.451416,-23.895605],[-45.302344,-23.727539],[-45.272266,-23.751953],[-45.249072,-23.782617],[-45.233105,-23.825391],[-45.250293,-23.853027],[-45.260254,-23.88916]]],[[[-44.129297,-23.141895],[-44.098047,-23.169336],[-44.155762,-23.166602],[-44.220508,-23.19082],[-44.320068,-23.212305],[-44.360156,-23.17207],[-44.274121,-23.116211],[-44.242871,-23.074121],[-44.22041,-23.08291],[-44.191602,-23.113281],[-44.129297,-23.141895]]],[[[-38.903564,-13.473437],[-38.937891,-13.532324],[-38.977588,-13.523535],[-38.993213,-13.484082],[-39.022168,-13.445605],[-39.006592,-13.415527],[-38.980127,-13.398437],[-38.907129,-13.401074],[-38.903564,-13.473437]]],[[[-38.743848,-13.09707],[-38.783008,-13.118652],[-38.786963,-13.055078],[-38.684863,-12.974902],[-38.668115,-12.880176],[-38.614551,-12.924023],[-38.600293,-12.972461],[-38.601172,-12.992578],[-38.743848,-13.09707]]],[[[-44.499316,-2.939648],[-44.597754,-3.037598],[-44.565332,-2.923926],[-44.581885,-2.845605],[-44.569092,-2.784961],[-44.501953,-2.72627],[-44.481445,-2.717578],[-44.487305,-2.789746],[-44.482568,-2.811914],[-44.499316,-2.939648]]],[[[-44.883105,-1.317871],[-44.947119,-1.366016],[-44.967871,-1.39082],[-45.02085,-1.372363],[-45.01123,-1.344727],[-44.995605,-1.347559],[-44.978662,-1.267285],[-44.888281,-1.276855],[-44.883105,-1.317871]]],[[[-51.83252,-1.433789],[-51.938379,-1.452637],[-51.802051,-1.202539],[-51.680029,-1.086133],[-51.678271,-0.855078],[-51.546045,-0.649609],[-51.424463,-0.565918],[-51.254004,-0.541406],[-51.160742,-0.666699],[-51.276318,-1.021777],[-51.310107,-1.023828],[-51.465137,-1.211133],[-51.637695,-1.341895],[-51.83252,-1.433789]]],[[[-49.628662,-0.229199],[-49.535205,-0.233594],[-49.402881,-0.214648],[-49.314258,-0.167871],[-49.215088,-0.158691],[-49.116992,-0.163574],[-48.786572,-0.215527],[-48.588037,-0.231641],[-48.51543,-0.248242],[-48.444482,-0.271875],[-48.392676,-0.297363],[-48.379687,-0.352832],[-48.428027,-0.441504],[-48.463965,-0.534766],[-48.497461,-0.664941],[-48.52334,-0.691406],[-48.56665,-0.684473],[-48.539697,-0.800977],[-48.549512,-0.847559],[-48.570947,-0.892871],[-48.624072,-0.986914],[-48.70459,-1.106641],[-48.728516,-1.131738],[-48.789844,-1.17334],[-48.839697,-1.226563],[-48.829004,-1.276562],[-48.804053,-1.326953],[-48.833594,-1.390039],[-48.928906,-1.482324],[-48.985938,-1.504688],[-49.038477,-1.514062],[-49.086865,-1.505078],[-49.172705,-1.412598],[-49.181689,-1.484961],[-49.204785,-1.558984],[-49.233984,-1.599512],[-49.344824,-1.595215],[-49.406592,-1.555566],[-49.506641,-1.511621],[-49.525684,-1.630469],[-49.587891,-1.712402],[-49.650586,-1.738086],[-49.748779,-1.755371],[-49.805127,-1.790234],[-49.911328,-1.762988],[-50.009961,-1.708496],[-50.065723,-1.703809],[-50.109277,-1.747852],[-50.338428,-1.755957],[-50.443457,-1.800684],[-50.507617,-1.787988],[-50.602051,-1.697754],[-50.617188,-1.637695],[-50.673389,-1.516016],[-50.723828,-1.371484],[-50.759766,-1.240234],[-50.729492,-1.126758],[-50.668311,-1.130566],[-50.595898,-1.147461],[-50.580518,-1.139453],[-50.576953,-1.103125],[-50.59292,-1.072949],[-50.709619,-1.077734],[-50.783301,-1.010352],[-50.796094,-0.90625],[-50.780957,-0.689844],[-50.771387,-0.64541],[-50.719922,-0.583398],[-50.703076,-0.528516],[-50.71582,-0.470215],[-50.693701,-0.364453],[-50.645508,-0.272852],[-50.461572,-0.157422],[-50.248242,-0.116406],[-49.628662,-0.229199]]],[[[-50.652881,-0.131641],[-50.926367,-0.327344],[-51.018994,-0.263086],[-51.038086,-0.225879],[-51.022363,-0.188379],[-51.025732,-0.172363],[-50.995068,-0.105273],[-50.842188,-0.050195],[-50.765283,-0.040869],[-50.666992,-0.058008],[-50.650586,-0.105859],[-50.652881,-0.131641]]],[[[-49.443896,-0.112402],[-49.708838,-0.14375],[-49.830078,-0.093896],[-49.802686,-0.051855],[-49.712305,0.015137],[-49.602197,0.062695],[-49.503467,0.083691],[-49.400488,0.057227],[-49.372314,0.001074],[-49.380859,-0.055469],[-49.443896,-0.112402]]],[[[-49.738232,0.268164],[-49.697266,0.215967],[-49.838965,0.006885],[-49.91709,-0.023193],[-50.00249,-0.029297],[-50.113135,0.033008],[-50.285596,0.028564],[-50.339453,0.043359],[-50.345117,0.134473],[-50.272656,0.231738],[-50.127979,0.226514],[-49.879004,0.304541],[-49.738232,0.268164]]],[[[-50.426123,0.139258],[-50.443945,-0.007666],[-50.623926,0.054395],[-50.610449,0.204785],[-50.526221,0.246924],[-50.451563,0.326904],[-50.426074,0.424951],[-50.424561,0.558252],[-50.396875,0.581396],[-50.372754,0.590869],[-50.350977,0.581738],[-50.342529,0.381592],[-50.332275,0.259033],[-50.426123,0.139258]]],[[[-50.15293,0.393018],[-50.261328,0.35918],[-50.281543,0.39082],[-50.281689,0.516504],[-50.251172,0.585449],[-50.112793,0.604736],[-50.098633,0.625],[-50.058838,0.638037],[-50.036816,0.594824],[-50.040039,0.522803],[-50.15293,0.393018]]],[[[-50.298975,1.938525],[-50.398779,1.892871],[-50.456104,1.910498],[-50.508984,2.029541],[-50.491016,2.128613],[-50.41875,2.161475],[-50.362646,2.154443],[-50.341992,2.141748],[-50.29209,1.97959],[-50.298975,1.938525]]],[[[-60.24165,5.257959],[-60.181738,5.238818],[-60.142041,5.238818],[-60.105957,5.194238],[-60.078076,5.143994],[-59.990674,5.082861],[-59.999365,4.989844],[-60.015479,4.90752],[-60.026758,4.812695],[-60.031787,4.740527],[-60.068945,4.66665],[-60.124561,4.597656],[-60.140918,4.569629],[-60.148633,4.533252],[-60.111133,4.511182],[-60.04502,4.50459],[-59.962354,4.501709],[-59.906104,4.480322],[-59.83335,4.475928],[-59.745801,4.41665],[-59.703271,4.381104],[-59.699707,4.353516],[-59.72749,4.287646],[-59.738574,4.226758],[-59.716895,4.188184],[-59.691211,4.1604],[-59.620215,4.023145],[-59.586426,3.975391],[-59.557764,3.96001],[-59.551123,3.933545],[-59.575391,3.883447],[-59.604443,3.819678],[-59.670215,3.752734],[-59.679004,3.699805],[-59.731641,3.666553],[-59.854395,3.5875],[-59.833057,3.462158],[-59.828809,3.398584],[-59.831152,3.349219],[-59.873047,3.283105],[-59.945654,3.087842],[-59.972314,2.990479],[-59.995898,2.76543],[-59.994336,2.68999],[-59.960791,2.588379],[-59.889648,2.362939],[-59.849121,2.327051],[-59.755225,2.274121],[-59.743506,2.121631],[-59.751758,1.962402],[-59.756201,1.900635],[-59.740723,1.87417],[-59.698535,1.861475],[-59.668506,1.842334],[-59.66377,1.795215],[-59.666602,1.746289],[-59.596631,1.718018],[-59.535693,1.7],[-59.479443,1.632422],[-59.377686,1.527344],[-59.337256,1.508203],[-59.316992,1.4646],[-59.231201,1.376025],[-59.100391,1.343652],[-58.968506,1.30459],[-58.916602,1.248877],[-58.8625,1.203613],[-58.821777,1.201221],[-58.787207,1.208496],[-58.730322,1.24751],[-58.684619,1.281055],[-58.605078,1.27915],[-58.511865,1.284668],[-58.495703,1.312256],[-58.486865,1.347754],[-58.506055,1.438672],[-58.472949,1.46626],[-58.395801,1.481738],[-58.380371,1.530225],[-58.362695,1.556689],[-58.340674,1.587549],[-58.314209,1.591943],[-58.281152,1.574316],[-58.23042,1.563281],[-58.173096,1.547852],[-58.142236,1.516992],[-58.091309,1.514355],[-58.034668,1.520264],[-58.011768,1.539941],[-57.995117,1.574316],[-57.982812,1.648438],[-57.946338,1.650586],[-57.873438,1.667285],[-57.795654,1.7],[-57.691748,1.704785],[-57.594434,1.704102],[-57.545752,1.726074],[-57.500439,1.773828],[-57.412695,1.908936],[-57.366797,1.940137],[-57.31748,1.963477],[-57.275586,1.959229],[-57.1896,1.981592],[-57.118896,2.013965],[-57.092676,2.005811],[-57.037598,1.936475],[-57.010059,1.92124],[-56.969531,1.916406],[-56.836719,1.88125],[-56.76626,1.892188],[-56.689844,1.914307],[-56.616455,1.922656],[-56.563574,1.907227],[-56.525488,1.927246],[-56.482812,1.942139],[-56.452832,1.932324],[-56.38584,1.923877],[-56.227148,1.885352],[-56.019922,1.842236],[-55.96333,1.85708],[-55.929639,1.8875],[-55.921631,1.97666],[-55.915332,2.039551],[-55.961963,2.095117],[-56.020068,2.158154],[-56.073633,2.236768],[-56.137695,2.259033],[-56.129395,2.299512],[-56.087793,2.341309],[-56.045117,2.364404],[-56.020361,2.392773],[-55.993506,2.49751],[-55.975586,2.515967],[-55.957471,2.520459],[-55.935937,2.516602],[-55.89375,2.489502],[-55.730566,2.406152],[-55.658936,2.41875],[-55.385352,2.440625],[-55.343994,2.48877],[-55.286035,2.499658],[-55.187695,2.54751],[-55.148828,2.550781],[-55.114111,2.539209],[-55.070312,2.54834],[-55.005811,2.592969],[-54.978662,2.597656],[-54.968408,2.54834],[-54.926562,2.497363],[-54.876074,2.450391],[-54.85166,2.439551],[-54.766846,2.454736],[-54.722217,2.44165],[-54.70293,2.397949],[-54.697412,2.359814],[-54.661865,2.327539],[-54.61626,2.326758],[-54.591943,2.31377],[-54.550488,2.293066],[-54.515088,2.245459],[-54.433105,2.20752],[-54.293066,2.154248],[-54.227979,2.15332],[-54.167383,2.137061],[-54.130078,2.121045],[-54.089746,2.150488],[-53.946436,2.232568],[-53.876611,2.278271],[-53.829541,2.312939],[-53.794238,2.345996],[-53.767773,2.354834],[-53.750146,2.33501],[-53.734717,2.308545],[-53.683691,2.29292],[-53.563965,2.261914],[-53.508984,2.253125],[-53.431836,2.279443],[-53.366016,2.324219],[-53.334424,2.339746],[-53.285498,2.295215],[-53.252197,2.232275],[-53.229785,2.204883],[-53.180078,2.211328],[-53.082275,2.201709],[-53.009717,2.181738],[-52.964844,2.183545],[-52.903467,2.211523],[-52.87041,2.26665],[-52.783398,2.317188],[-52.700635,2.363672],[-52.653174,2.425732],[-52.583008,2.528906],[-52.559473,2.573145],[-52.554688,2.647656],[-52.455859,2.86416],[-52.418408,2.903857],[-52.396387,2.972217],[-52.356641,3.051562],[-52.356641,3.117725],[-52.327881,3.181738],[-52.27124,3.237109],[-52.229443,3.27168],[-52.162598,3.364697],[-52.116113,3.452295],[-51.999512,3.646875],[-51.990625,3.702002],[-51.944336,3.735107],[-51.928906,3.776953],[-51.879492,3.828564],[-51.82749,3.86958],[-51.805273,3.929932],[-51.76709,3.992676],[-51.683447,4.039697],[-51.652539,4.061279],[-51.557812,4.233789],[-51.54707,4.310889],[-51.461523,4.31377],[-51.3271,4.224756],[-51.219922,4.093604],[-51.07627,3.67168],[-51.052393,3.281836],[-50.994141,3.077539],[-50.827197,2.651855],[-50.816504,2.573047],[-50.789697,2.477783],[-50.736963,2.376758],[-50.67876,2.210352],[-50.676563,2.179443],[-50.714404,2.134033],[-50.658936,2.130957],[-50.608691,2.104102],[-50.575879,1.998584],[-50.534424,1.927246],[-50.458887,1.82959],[-50.304297,1.797656],[-50.187598,1.785986],[-50.054687,1.730713],[-49.957129,1.659863],[-49.881592,1.419922],[-49.90625,1.269043],[-49.898877,1.162988],[-49.937939,1.121436],[-50.047217,1.051953],[-50.070996,1.015088],[-50.294434,0.835742],[-50.343262,0.751025],[-50.462988,0.637305],[-50.581543,0.420508],[-50.755078,0.222559],[-50.816357,0.172559],[-50.910156,0.160986],[-50.96709,0.130273],[-51.101953,-0.03125],[-51.28291,-0.085205],[-51.299561,-0.178809],[-51.40415,-0.392676],[-51.496289,-0.509473],[-51.555029,-0.549121],[-51.702637,-0.762305],[-51.721533,-0.855469],[-51.720605,-1.018457],[-51.819141,-1.117773],[-51.921631,-1.180859],[-51.934473,-1.320312],[-51.980811,-1.367969],[-52.020459,-1.399023],[-52.229248,-1.3625],[-52.553418,-1.514062],[-52.66416,-1.551758],[-52.310303,-1.55957],[-52.19668,-1.640137],[-51.947559,-1.586719],[-51.646289,-1.394336],[-51.531201,-1.354102],[-51.297363,-1.223535],[-51.202344,-1.136523],[-51.028955,-1.032129],[-50.992041,-0.986328],[-50.894922,-0.937598],[-50.842285,-0.999609],[-50.838184,-1.038867],[-50.917871,-1.115234],[-50.897168,-1.164453],[-50.84458,-1.22627],[-50.825537,-1.311426],[-50.818652,-1.37627],[-50.786133,-1.489941],[-50.678955,-1.643848],[-50.675293,-1.694727],[-50.690039,-1.761719],[-50.63877,-1.81709],[-50.585596,-1.849902],[-50.403223,-2.015527],[-50.260449,-1.922949],[-50.172705,-1.896191],[-50.116602,-1.85752],[-49.999219,-1.831836],[-49.902979,-1.870605],[-49.719531,-1.926367],[-49.585352,-1.867187],[-49.313672,-1.731738],[-49.398633,-1.971582],[-49.460156,-2.191504],[-49.506982,-2.280273],[-49.553369,-2.519922],[-49.599316,-2.583887],[-49.636523,-2.656934],[-49.575879,-2.631445],[-49.523926,-2.596875],[-49.45752,-2.50459],[-49.407666,-2.344336],[-49.211035,-1.916504],[-49.154785,-1.878516],[-48.991309,-1.829785],[-48.71001,-1.487695],[-48.6,-1.48877],[-48.52959,-1.56748],[-48.462939,-1.613965],[-48.44585,-1.52041],[-48.349805,-1.482129],[-48.451465,-1.43584],[-48.468066,-1.393848],[-48.477734,-1.323828],[-48.408594,-1.229199],[-48.449805,-1.145508],[-48.306494,-1.039844],[-48.317578,-0.960547],[-48.266455,-0.895117],[-48.201758,-0.82793],[-48.128467,-0.795215],[-48.115088,-0.7375],[-48.068848,-0.713672],[-48.032568,-0.705078],[-47.960938,-0.769629],[-47.883398,-0.693359],[-47.807666,-0.663477],[-47.77373,-0.676758],[-47.731494,-0.710449],[-47.687109,-0.724805],[-47.651074,-0.71875],[-47.557324,-0.669922],[-47.470703,-0.748535],[-47.418652,-0.765918],[-47.43291,-0.721875],[-47.460352,-0.680957],[-47.439063,-0.647656],[-47.398096,-0.62666],[-47.268604,-0.64541],[-47.200537,-0.680469],[-47.126904,-0.74541],[-47.024609,-0.750195],[-46.944336,-0.743359],[-46.893652,-0.779883],[-46.81123,-0.779688],[-46.769922,-0.836523],[-46.644434,-0.916406],[-46.617236,-0.970605],[-46.516309,-0.996875],[-46.421729,-1.030078],[-46.32085,-1.03916],[-46.219141,-1.03125],[-46.21499,-1.099805],[-46.140381,-1.118359],[-46.044629,-1.103027],[-45.972266,-1.187402],[-45.778809,-1.250781],[-45.644775,-1.347852],[-45.556934,-1.330664],[-45.458594,-1.35625],[-45.353027,-1.567383],[-45.32915,-1.717285],[-45.282129,-1.696582],[-45.238574,-1.629492],[-45.18208,-1.507031],[-45.076367,-1.466406],[-45.025781,-1.513477],[-44.919775,-1.588867],[-44.828369,-1.67168],[-44.789844,-1.724805],[-44.721143,-1.733496],[-44.778516,-1.798828],[-44.720947,-1.792285],[-44.65127,-1.745801],[-44.59165,-1.841797],[-44.546777,-1.946289],[-44.537793,-2.052734],[-44.580029,-2.113867],[-44.617285,-2.152148],[-44.658643,-2.227539],[-44.70752,-2.241113],[-44.756348,-2.265527],[-44.700635,-2.32041],[-44.662402,-2.373242],[-44.579004,-2.230469],[-44.520361,-2.190332],[-44.435449,-2.168066],[-44.391309,-2.269629],[-44.381836,-2.365527],[-44.520117,-2.405469],[-44.520654,-2.48125],[-44.562012,-2.524219],[-44.589014,-2.573437],[-44.610791,-2.676855],[-44.638965,-2.7625],[-44.721387,-3.142285],[-44.723047,-3.204785],[-44.622656,-3.137891],[-44.437549,-2.944434],[-44.381152,-2.738379],[-44.308154,-2.535156],[-44.228613,-2.471289],[-44.179395,-2.471191],[-44.105566,-2.493457],[-44.101367,-2.560059],[-44.112646,-2.598535],[-44.191602,-2.699609],[-44.225195,-2.75498],[-44.192676,-2.80957],[-44.013232,-2.642187],[-43.93291,-2.583496],[-43.864453,-2.59541],[-43.728613,-2.518164],[-43.455127,-2.502051],[-43.434619,-2.413672],[-43.380078,-2.376074],[-43.229687,-2.386035],[-42.936719,-2.465039],[-42.832275,-2.52959],[-42.675879,-2.589648],[-42.593555,-2.661035],[-42.249609,-2.791992],[-41.999854,-2.806055],[-41.876172,-2.746582],[-41.721875,-2.808887],[-41.640137,-2.878613],[-41.479932,-2.916504],[-41.318213,-2.93623],[-41.194531,-2.886133],[-40.875586,-2.869629],[-40.474561,-2.795605],[-40.235352,-2.813184],[-39.964697,-2.861523],[-39.771826,-2.98584],[-39.609424,-3.05625],[-39.511182,-3.125586],[-39.352686,-3.197363],[-39.014355,-3.390234],[-38.895996,-3.501758],[-38.68623,-3.653711],[-38.475781,-3.71748],[-38.361914,-3.876465],[-38.271875,-3.948047],[-38.048828,-4.216406],[-37.795654,-4.404297],[-37.626318,-4.59209],[-37.301465,-4.713086],[-37.174658,-4.912402],[-36.954883,-4.936719],[-36.861133,-4.966602],[-36.747363,-5.050684],[-36.590723,-5.097559],[-36.386719,-5.084277],[-36.161768,-5.09375],[-35.979883,-5.054395],[-35.549414,-5.129395],[-35.481689,-5.166016],[-35.392578,-5.250879],[-35.235449,-5.566699],[-35.141748,-5.917187],[-35.095459,-6.185352],[-34.988184,-6.39375],[-34.92959,-6.785059],[-34.879883,-6.908203],[-34.875977,-7.00293],[-34.833887,-7.024414],[-34.805469,-7.288379],[-34.816602,-7.394824],[-34.857764,-7.533301],[-34.86084,-7.59502],[-34.854785,-7.634277],[-34.872998,-7.69209],[-34.878613,-7.747461],[-34.836914,-7.871777],[-34.834668,-7.971484],[-34.890527,-8.092188],[-34.96665,-8.407617],[-35.157764,-8.930566],[-35.340869,-9.230664],[-35.59707,-9.540625],[-35.763965,-9.702539],[-35.830127,-9.719043],[-35.89082,-9.687012],[-35.847754,-9.772461],[-35.885449,-9.847656],[-36.05498,-10.075781],[-36.223535,-10.225098],[-36.39834,-10.484082],[-36.411621,-10.489941],[-36.635742,-10.589941],[-36.768311,-10.67168],[-36.937793,-10.82041],[-37.093359,-11.054785],[-37.125488,-11.084961],[-37.182812,-11.068457],[-37.181201,-11.1875],[-37.315137,-11.375977],[-37.356006,-11.403906],[-37.354883,-11.350488],[-37.331641,-11.309863],[-37.320801,-11.266602],[-37.321777,-11.215137],[-37.359229,-11.252539],[-37.438477,-11.39375],[-37.411816,-11.497266],[-37.469336,-11.653613],[-37.688721,-12.1],[-37.957324,-12.475488],[-38.019238,-12.591309],[-38.239746,-12.844238],[-38.401758,-12.966211],[-38.447314,-12.96709],[-38.498926,-12.956641],[-38.524902,-12.762305],[-38.654004,-12.644629],[-38.690967,-12.623926],[-38.743896,-12.748535],[-38.787988,-12.782715],[-38.851758,-12.790137],[-38.783594,-12.844434],[-38.763721,-12.907227],[-38.833154,-13.03291],[-38.835303,-13.147168],[-38.95918,-13.273047],[-39.030908,-13.365137],[-39.067383,-13.480469],[-39.089355,-13.588184],[-39.034912,-13.558789],[-39.009082,-13.581445],[-38.988623,-13.615039],[-39.001221,-13.664551],[-39.041113,-13.758105],[-39.034912,-13.991016],[-39.048145,-14.043945],[-39.008496,-14.101172],[-38.966504,-14.003418],[-38.942334,-14.030664],[-39.05957,-14.654785],[-39.013379,-14.935645],[-38.996191,-15.253809],[-38.943213,-15.564355],[-38.885254,-15.841992],[-38.880615,-15.864258],[-38.960791,-16.186523],[-39.063232,-16.504395],[-39.125049,-16.763574],[-39.163965,-17.043555],[-39.202881,-17.178125],[-39.215234,-17.31582],[-39.170605,-17.64209],[-39.154004,-17.703906],[-39.278369,-17.849414],[-39.412598,-17.92002],[-39.486768,-17.990137],[-39.650781,-18.252344],[-39.739795,-18.639844],[-39.741943,-18.845996],[-39.699854,-19.277832],[-39.731445,-19.453906],[-39.783301,-19.571777],[-39.844727,-19.649121],[-40.001367,-19.741992],[-40.141699,-19.968262],[-40.202734,-20.206055],[-40.298877,-20.292676],[-40.318555,-20.425781],[-40.395947,-20.569434],[-40.596582,-20.783789],[-40.727051,-20.846191],[-40.789258,-20.906055],[-40.82876,-21.031348],[-40.954541,-21.237891],[-41.047266,-21.505664],[-41.023145,-21.596875],[-41.021582,-21.61084],[-40.987842,-21.920312],[-41.000293,-21.999023],[-41.12251,-22.084375],[-41.58291,-22.243652],[-41.705518,-22.309668],[-41.98042,-22.580664],[-41.997559,-22.644629],[-41.986133,-22.73584],[-41.940918,-22.788281],[-41.9875,-22.845117],[-42.042383,-22.94707],[-42.122461,-22.94082],[-42.581055,-22.941016],[-42.829297,-22.97334],[-42.958301,-22.96709],[-43.016211,-22.942578],[-43.081152,-22.902539],[-43.100684,-22.850098],[-43.06543,-22.770703],[-43.086279,-22.72334],[-43.154297,-22.725195],[-43.229004,-22.747656],[-43.241943,-22.795117],[-43.236621,-22.828809],[-43.208838,-22.878125],[-43.193604,-22.938574],[-43.22417,-22.991211],[-43.369482,-22.998047],[-43.532813,-23.046387],[-43.736523,-23.066602],[-43.898828,-23.101465],[-43.973828,-23.057324],[-43.898828,-23.035254],[-43.791406,-23.045996],[-43.675977,-23.009473],[-43.70293,-22.966309],[-43.866162,-22.910547],[-44.047461,-22.944727],[-44.147998,-23.011035],[-44.36792,-23.00498],[-44.637256,-23.055469],[-44.681152,-23.106934],[-44.673828,-23.206641],[-44.621094,-23.228516],[-44.569678,-23.274023],[-44.619092,-23.316406],[-44.667188,-23.335156],[-44.95166,-23.381445],[-45.21543,-23.575586],[-45.325391,-23.599707],[-45.423291,-23.685352],[-45.433398,-23.758496],[-45.464307,-23.802539],[-45.5271,-23.804785],[-45.664648,-23.764844],[-45.843164,-23.763672],[-45.97207,-23.795508],[-46.630762,-24.110352],[-46.867285,-24.236328],[-47.137207,-24.493164],[-47.592187,-24.781055],[-47.831152,-24.95293],[-47.876562,-24.997461],[-47.914307,-24.999902],[-47.98916,-25.035742],[-47.959375,-25.06543],[-47.90835,-25.068164],[-47.929395,-25.168262],[-48.024365,-25.236719],[-48.202734,-25.416504],[-48.242432,-25.40332],[-48.185937,-25.309863],[-48.273486,-25.306348],[-48.40249,-25.27207],[-48.458496,-25.310742],[-48.427637,-25.40332],[-48.476123,-25.442969],[-48.56416,-25.447461],[-48.643994,-25.436523],[-48.731738,-25.36875],[-48.692187,-25.491504],[-48.507031,-25.521289],[-48.429883,-25.550195],[-48.401172,-25.597363],[-48.545166,-25.815918],[-48.665771,-25.844336],[-48.679004,-25.875195],[-48.612842,-25.875],[-48.576318,-25.935449],[-48.619434,-26.179395],[-48.679004,-26.225781],[-48.71377,-26.226953],[-48.748291,-26.268652],[-48.700684,-26.34834],[-48.651611,-26.406445],[-48.658154,-26.519141],[-48.676514,-26.612402],[-48.677734,-26.70293],[-48.615674,-26.878125],[-48.593408,-27.058008],[-48.568359,-27.123437],[-48.55415,-27.195996],[-48.595508,-27.263867],[-48.571973,-27.372754],[-48.642578,-27.55791],[-48.605664,-27.825195],[-48.620801,-28.075586],[-48.648438,-28.207227],[-48.693213,-28.310156],[-48.797266,-28.442676],[-48.799658,-28.575293],[-49.023584,-28.698633],[-49.271289,-28.871191],[-49.499902,-29.075391],[-49.745996,-29.363184],[-50.03335,-29.800977],[-50.299512,-30.425781],[-50.619971,-30.897656],[-50.748145,-31.068066],[-50.921387,-31.258398],[-51.151758,-31.480371],[-51.4604,-31.702441],[-51.798145,-31.900293],[-51.920215,-31.989551],[-52.039209,-32.114844],[-52.068945,-32.063086],[-52.043164,-31.977539],[-52.05957,-31.913477],[-52.063232,-31.830371],[-51.995117,-31.815039],[-51.893164,-31.867773],[-51.841211,-31.832031],[-51.803418,-31.79668],[-51.680664,-31.774609],[-51.446191,-31.557324],[-51.272168,-31.476953],[-51.174316,-31.339746],[-51.15752,-31.266797],[-51.161426,-31.118848],[-51.105957,-31.081348],[-50.980078,-31.094238],[-50.954395,-31.052148],[-50.965332,-31.005469],[-50.94082,-30.903711],[-50.770166,-30.813379],[-50.689307,-30.704199],[-50.716309,-30.425977],[-50.685059,-30.413477],[-50.614844,-30.456836],[-50.581934,-30.438867],[-50.546533,-30.316895],[-50.563525,-30.253613],[-50.646191,-30.236816],[-50.931885,-30.374316],[-51.024951,-30.368652],[-51.040381,-30.260645],[-51.179297,-30.211035],[-51.233594,-30.121387],[-51.249854,-30.059961],[-51.298047,-30.034863],[-51.29502,-30.141016],[-51.281787,-30.244141],[-51.157275,-30.364258],[-51.187549,-30.411914],[-51.246582,-30.467578],[-51.287695,-30.591211],[-51.283057,-30.751562],[-51.316406,-30.702734],[-51.359082,-30.674512],[-51.376465,-30.846875],[-51.459131,-30.912793],[-51.485254,-30.977539],[-51.463672,-31.052637],[-51.506299,-31.104492],[-51.716895,-31.24375],[-51.926807,-31.338867],[-51.972461,-31.383789],[-51.994873,-31.489941],[-52.026953,-31.599023],[-52.119824,-31.694922],[-52.193555,-31.885547],[-52.191553,-31.967578],[-52.16709,-32.088477],[-52.127393,-32.167773],[-52.190186,-32.220801],[-52.274609,-32.32373],[-52.34165,-32.439746],[-52.508496,-32.875293],[-52.652246,-33.137793],[-52.762891,-33.266406],[-52.92085,-33.401953],[-53.370605,-33.742188],[-53.397559,-33.737305],[-53.463574,-33.709863],[-53.518848,-33.677246],[-53.531348,-33.655469],[-53.537646,-33.622852],[-53.530371,-33.500293],[-53.531348,-33.170898],[-53.511865,-33.108691],[-53.482861,-33.068555],[-53.395215,-33.010352],[-53.310107,-32.927051],[-53.214062,-32.821094],[-53.125586,-32.736719],[-53.157275,-32.680078],[-53.23125,-32.625391],[-53.362744,-32.581152],[-53.489404,-32.503223],[-53.601709,-32.403027],[-53.653613,-32.29873],[-53.701123,-32.186328],[-53.746582,-32.097461],[-53.761719,-32.056836],[-53.806104,-32.039941],[-53.876514,-31.994531],[-53.920605,-31.952344],[-53.985156,-31.928125],[-54.100439,-31.901563],[-54.220557,-31.855176],[-54.369922,-31.74502],[-54.477686,-31.622754],[-54.530908,-31.541992],[-54.587646,-31.485156],[-54.895996,-31.391211],[-55.036035,-31.279004],[-55.091162,-31.313965],[-55.173535,-31.27959],[-55.254639,-31.225586],[-55.278955,-31.18418],[-55.313281,-31.141699],[-55.345508,-31.092969],[-55.366064,-31.046191],[-55.449561,-30.964453],[-55.557324,-30.875977],[-55.603027,-30.850781],[-55.627148,-30.858105],[-55.650488,-30.89209],[-55.665234,-30.924902],[-55.705957,-30.946582],[-55.756348,-30.987109],[-55.807764,-31.036719],[-55.873682,-31.069629],[-55.952002,-31.080859],[-56.004687,-31.079199],[-56.015527,-31.059668],[-56.018457,-30.991895],[-55.998975,-30.837207],[-56.044824,-30.777637],[-56.105859,-30.71377],[-56.176172,-30.628418],[-56.407227,-30.447461],[-56.72168,-30.186914],[-56.832715,-30.107227],[-56.937256,-30.101074],[-57.032715,-30.109961],[-57.120508,-30.144434],[-57.186914,-30.264844],[-57.214453,-30.283398],[-57.383838,-30.280664],[-57.552295,-30.26123],[-57.608887,-30.187793],[-57.563867,-30.139941],[-57.405225,-30.033887],[-57.31748,-29.939453],[-57.300684,-29.856543],[-57.224658,-29.782129],[-57.089355,-29.716211],[-56.938623,-29.594824],[-56.772461,-29.417871],[-56.671533,-29.287305],[-56.63584,-29.203027],[-56.570703,-29.138086],[-56.475977,-29.09248],[-56.393262,-28.997266],[-56.322363,-28.852441],[-56.225537,-28.737207],[-56.102881,-28.651758],[-56.034229,-28.580859],[-56.019629,-28.524609],[-55.984912,-28.488574],[-55.930176,-28.472852],[-55.903662,-28.443262],[-55.90542,-28.399609],[-55.890527,-28.37002],[-55.858887,-28.354199],[-55.806055,-28.359766],[-55.731982,-28.386621],[-55.687256,-28.381641],[-55.671973,-28.344922],[-55.691504,-28.302832],[-55.745996,-28.255469],[-55.725488,-28.204102],[-55.582373,-28.120996],[-55.47666,-28.089355],[-55.409814,-28.037793],[-55.346484,-27.955957],[-55.24375,-27.898828],[-55.101514,-27.866797],[-55.063867,-27.835937],[-55.068994,-27.796289],[-55.039941,-27.767773],[-54.955908,-27.747168],[-54.910205,-27.708594],[-54.902783,-27.651953],[-54.875732,-27.599219],[-54.829102,-27.550586],[-54.7771,-27.53252],[-54.719727,-27.544922],[-54.665869,-27.526563],[-54.61543,-27.477148],[-54.554932,-27.454102],[-54.484326,-27.457324],[-54.448145,-27.446484],[-54.327002,-27.423535],[-54.260156,-27.382031],[-54.205225,-27.289648],[-54.156445,-27.253809],[-54.113818,-27.274707],[-54.040137,-27.24375],[-53.935352,-27.161133],[-53.915625,-27.15957],[-53.838184,-27.121094],[-53.758496,-26.97832],[-53.717285,-26.882812],[-53.727148,-26.804688],[-53.75332,-26.748633],[-53.74458,-26.666504],[-53.718164,-26.443164],[-53.710938,-26.351855],[-53.668555,-26.288184],[-53.671289,-26.225098],[-53.746924,-26.083691],[-53.823242,-25.95957],[-53.864209,-25.748828],[-53.891162,-25.668848],[-53.954785,-25.647656],[-54.012305,-25.57793],[-54.08501,-25.571875],[-54.119238,-25.545215],[-54.15459,-25.523047],[-54.206152,-25.52959],[-54.250098,-25.57041],[-54.331885,-25.571875],[-54.38335,-25.588672],[-54.443945,-25.625],[-54.501514,-25.608301],[-54.537842,-25.576465],[-54.615869,-25.576074],[-54.610547,-25.432715],[-54.473145,-25.220215],[-54.43623,-25.121289],[-54.454102,-25.065234],[-54.412988,-24.86748],[-54.312939,-24.528125],[-54.281006,-24.306055],[-54.317285,-24.20127],[-54.318262,-24.128125],[-54.266895,-24.06582],[-54.241797,-24.047266],[-54.370801,-23.971191],[-54.440234,-23.901758],[-54.52959,-23.852148],[-54.625488,-23.8125],[-54.671777,-23.829004],[-54.721387,-23.852148],[-54.817285,-23.888477],[-54.926465,-23.951367],[-54.982666,-23.974512],[-55.081885,-23.997656],[-55.194336,-24.01748],[-55.286914,-24.004297],[-55.366309,-23.991016],[-55.415918,-23.951367],[-55.442383,-23.865332],[-55.442383,-23.792578],[-55.458887,-23.686719],[-55.518457,-23.627246],[-55.538281,-23.580957],[-55.541602,-23.524707],[-55.534961,-23.461914],[-55.518457,-23.415625],[-55.528369,-23.359375],[-55.554834,-23.319629],[-55.548193,-23.250195],[-55.561426,-23.154297],[-55.601123,-23.094727],[-55.620996,-23.025293],[-55.620996,-22.955859],[-55.650732,-22.886426],[-55.654053,-22.810352],[-55.627588,-22.740918],[-55.617676,-22.671484],[-55.647412,-22.621875],[-55.703662,-22.59209],[-55.746631,-22.512695],[-55.753271,-22.410156],[-55.799561,-22.353906],[-55.84917,-22.307617],[-55.905371,-22.307617],[-55.991406,-22.281152],[-56.06748,-22.284473],[-56.189844,-22.281152],[-56.246045,-22.264648],[-56.275781,-22.228223],[-56.351855,-22.178613],[-56.394873,-22.092676],[-56.447803,-22.076172],[-56.523828,-22.102539],[-56.550293,-22.135645],[-56.580078,-22.181934],[-56.633008,-22.234863],[-56.702441,-22.231543],[-56.775195,-22.261328],[-56.844678,-22.264648],[-56.937256,-22.271289],[-57.029883,-22.244824],[-57.142334,-22.215039],[-57.238232,-22.195215],[-57.330859,-22.215039],[-57.393652,-22.198437],[-57.476367,-22.188574],[-57.568945,-22.181934],[-57.641699,-22.129004],[-57.721094,-22.099219],[-57.764063,-22.10918],[-57.820313,-22.142285],[-57.879834,-22.135645],[-57.955908,-22.10918],[-57.985693,-22.046387],[-57.979053,-22.006641],[-57.9625,-21.966992],[-57.932764,-21.910742],[-57.949316,-21.851172],[-57.942676,-21.79834],[-57.929443,-21.751953],[-57.916211,-21.699121],[-57.926172,-21.649512],[-57.929443,-21.596582],[-57.936084,-21.546973],[-57.945996,-21.494043],[-57.906299,-21.417969],[-57.873242,-21.355078],[-57.893066,-21.302246],[-57.886475,-21.26582],[-57.86001,-21.20625],[-57.826953,-21.133594],[-57.830225,-20.997949],[-57.86001,-20.918555],[-57.892236,-20.89707],[-57.900488,-20.873047],[-57.884814,-20.841699],[-57.901904,-20.809375],[-57.908496,-20.776367],[-57.891406,-20.747461],[-57.915137,-20.690332],[-57.9625,-20.673828],[-57.979053,-20.657324],[-57.995605,-20.594434],[-58.008838,-20.52168],[-58.002246,-20.46543],[-58.025391,-20.41582],[-58.058447,-20.386133],[-58.091504,-20.333203],[-58.124609,-20.293457],[-58.137793,-20.237305],[-58.159766,-20.164648],[-58.09375,-20.151074],[-58.067627,-20.110352],[-58.021143,-20.055176],[-57.960156,-20.040723],[-57.887598,-20.02041],[-57.860742,-19.97959],[-58.029932,-19.832715],[-58.131494,-19.744531],[-58.072021,-19.625293],[-57.97168,-19.424219],[-57.874512,-19.229492],[-57.800391,-19.080957],[-57.781445,-19.053516],[-57.716797,-19.044043],[-57.728613,-18.967383],[-57.730859,-18.917188],[-57.783105,-18.914258],[-57.725,-18.733203],[-57.63916,-18.475],[-57.574023,-18.279297],[-57.553125,-18.246484],[-57.506152,-18.237305],[-57.495654,-18.214648],[-57.552051,-18.183105],[-57.586475,-18.122266],[-57.66167,-17.947363],[-57.780176,-17.671777],[-57.788867,-17.573047],[-57.832471,-17.512109],[-57.905029,-17.532324],[-57.990918,-17.512891],[-58.205566,-17.363086],[-58.347754,-17.282129],[-58.395996,-17.234277],[-58.417383,-17.080566],[-58.459814,-16.910742],[-58.478125,-16.700684],[-58.470605,-16.650195],[-58.350391,-16.49082],[-58.350781,-16.410254],[-58.340576,-16.339941],[-58.345605,-16.284375],[-58.375391,-16.283594],[-58.423682,-16.30791],[-58.496582,-16.32666],[-58.537939,-16.328223],[-58.957275,-16.313184],[-59.434277,-16.295996],[-59.831152,-16.281738],[-60.175586,-16.269336],[-60.187207,-16.132129],[-60.206641,-15.901953],[-60.22041,-15.738672],[-60.242334,-15.47959],[-60.380469,-15.318262],[-60.530469,-15.143164],[-60.583203,-15.09834],[-60.402002,-15.092773],[-60.27334,-15.08877],[-60.298877,-14.618555],[-60.338037,-14.570508],[-60.372705,-14.41875],[-60.39624,-14.332812],[-60.460156,-14.263086],[-60.474658,-14.184766],[-60.462988,-14.132422],[-60.428076,-14.1],[-60.40498,-14.019238],[-60.422363,-13.937988],[-60.460156,-13.862402],[-60.506592,-13.789844],[-60.595312,-13.745313],[-60.722363,-13.664355],[-60.914502,-13.561426],[-61.077002,-13.489746],[-61.12915,-13.498535],[-61.416064,-13.526562],[-61.511572,-13.541211],[-61.575684,-13.524805],[-61.789941,-13.525586],[-61.874121,-13.47041],[-61.944727,-13.40625],[-62.094775,-13.241992],[-62.118018,-13.159766],[-62.176074,-13.133691],[-62.263916,-13.143652],[-62.352832,-13.132422],[-62.525537,-13.064258],[-62.687061,-12.994336],[-62.765479,-12.997266],[-62.835156,-12.953711],[-62.95791,-12.84707],[-63.015186,-12.805566],[-63.041357,-12.750391],[-63.06748,-12.669141],[-63.116797,-12.65166],[-63.180664,-12.666211],[-63.249756,-12.70791],[-63.34668,-12.680078],[-63.465234,-12.605176],[-63.541895,-12.54668],[-63.585645,-12.518945],[-63.688574,-12.478027],[-63.788086,-12.469434],[-63.938574,-12.529687],[-64.061621,-12.505078],[-64.255029,-12.483301],[-64.420508,-12.439746],[-64.480762,-12.326172],[-64.513428,-12.250977],[-64.61167,-12.203906],[-64.690039,-12.146484],[-64.783447,-12.059375],[-64.829883,-12.030273],[-64.914355,-12.005957],[-64.992529,-11.975195],[-65.001221,-11.92002],[-65.030273,-11.847363],[-65.037109,-11.829395],[-65.090283,-11.741211],[-65.115137,-11.735059],[-65.142676,-11.752344],[-65.163379,-11.765137],[-65.185742,-11.749512],[-65.189746,-11.710059],[-65.175391,-11.646875],[-65.206201,-11.580566],[-65.282275,-11.511035],[-65.322021,-11.43916],[-65.325488,-11.364746],[-65.342383,-11.315039],[-65.372852,-11.289941],[-65.389893,-11.246289],[-65.393604,-11.184277],[-65.371582,-11.110352],[-65.323779,-11.024805],[-65.334033,-10.892773],[-65.402295,-10.714746],[-65.43999,-10.58623],[-65.447119,-10.507422],[-65.436914,-10.449023],[-65.395459,-10.392285],[-65.313086,-10.253027],[-65.298584,-10.146777],[-65.324561,-10.026953],[-65.328125,-9.935547],[-65.309326,-9.872656],[-65.337891,-9.790234],[-65.396143,-9.712402],[-65.436768,-9.710449],[-65.491992,-9.731738],[-65.558691,-9.797461],[-65.637109,-9.809082],[-65.706787,-9.768457],[-65.924707,-9.785449],[-66.263574,-9.826074],[-66.399219,-9.868164],[-66.478906,-9.886133],[-66.575342,-9.899902],[-66.72998,-9.975488],[-67.111523,-10.268945],[-67.190479,-10.311426],[-67.280469,-10.317285],[-67.332715,-10.35791],[-67.416943,-10.389844],[-67.582422,-10.505957],[-67.66665,-10.598926],[-67.721777,-10.683105],[-67.785693,-10.686035],[-67.83501,-10.662793],[-67.991699,-10.674414],[-68.07168,-10.703125],[-68.158643,-10.785059],[-68.266602,-10.933105],[-68.311133,-10.975195],[-68.397998,-11.01875],[-68.49834,-11.054785],[-68.622656,-11.10918],[-68.678369,-11.112793],[-68.72749,-11.122461],[-68.769922,-11.097656],[-68.784082,-11.044629],[-68.84834,-11.011133],[-69.00166,-10.994336],[-69.228516,-10.955664],[-69.462549,-10.948145],[-69.578613,-10.951758],[-69.674023,-10.954102],[-69.839795,-10.933398],[-69.960352,-10.929883],[-70.066309,-10.982422],[-70.220068,-11.047656],[-70.290381,-11.064258],[-70.341992,-11.066699],[-70.392285,-11.058594],[-70.450879,-11.024805],[-70.533252,-10.946875],[-70.596533,-10.976855],[-70.642334,-11.010254],[-70.641553,-10.84082],[-70.640332,-10.586035],[-70.639355,-10.361328],[-70.638525,-10.181543],[-70.637598,-9.971777],[-70.636914,-9.82373],[-70.593799,-9.76748],[-70.567236,-9.70459],[-70.59917,-9.620508],[-70.592236,-9.543457],[-70.570166,-9.489844],[-70.541113,-9.4375],[-70.60791,-9.463672],[-70.636914,-9.478223],[-70.672461,-9.517969],[-70.758496,-9.57168],[-70.81626,-9.625293],[-70.884521,-9.669043],[-70.970752,-9.765723],[-71.041748,-9.81875],[-71.115283,-9.852441],[-71.237939,-9.966016],[-71.339404,-9.988574],[-71.608008,-10.006055],[-71.887451,-10.005566],[-72.142969,-10.005176],[-72.181592,-10.003711],[-72.179102,-9.910156],[-72.172852,-9.844043],[-72.259961,-9.774316],[-72.26582,-9.688477],[-72.289014,-9.629199],[-72.318066,-9.556641],[-72.379053,-9.510156],[-72.464746,-9.492187],[-72.605469,-9.452051],[-72.814258,-9.410352],[-73.01377,-9.407422],[-73.209424,-9.411426],[-73.089844,-9.265723],[-72.970361,-9.120117],[-72.974023,-8.993164],[-73.070508,-8.882812],[-73.122559,-8.814063],[-73.203125,-8.719336],[-73.302441,-8.654004],[-73.356738,-8.566992],[-73.351709,-8.51416],[-73.3604,-8.479297],[-73.398145,-8.458984],[-73.435889,-8.427051],[-73.488135,-8.392187],[-73.549121,-8.345801],[-73.549121,-8.299316],[-73.572363,-8.249902],[-73.610107,-8.191895],[-73.610107,-8.14541],[-73.644922,-8.072852],[-73.682666,-8.020605],[-73.72041,-7.985742],[-73.775586,-7.936426],[-73.772705,-7.895703],[-73.732031,-7.875391],[-73.7146,-7.829004],[-73.72041,-7.78252],[-73.766895,-7.753516],[-73.82207,-7.738965],[-73.894629,-7.654785],[-73.946875,-7.61123],[-73.981738,-7.585059],[-74.002051,-7.556055],[-73.981738,-7.535742],[-73.958496,-7.506641],[-73.952686,-7.460254],[-73.964307,-7.416699],[-73.964307,-7.378906],[-73.929443,-7.367285],[-73.891748,-7.373145],[-73.854004,-7.349902],[-73.804639,-7.341211],[-73.749463,-7.335352],[-73.72041,-7.309277],[-73.72334,-7.262793],[-73.758203,-7.172754],[-73.793018,-7.135059],[-73.804639,-7.079883],[-73.77627,-6.973535],[-73.758105,-6.905762],[-73.694531,-6.833789],[-73.499902,-6.679492],[-73.325488,-6.574707],[-73.240332,-6.564063],[-73.177441,-6.525195],[-73.137354,-6.46582],[-73.126318,-6.400879],[-73.135352,-6.344336],[-73.167725,-6.260645],[-73.206494,-6.156445],[-73.235547,-6.098438],[-73.209375,-6.028711],[-73.162891,-5.933398],[-73.068066,-5.789551],[-72.979883,-5.634863],[-72.970215,-5.589648],[-72.958936,-5.495215],[-72.918262,-5.302539],[-72.895801,-5.198242],[-72.907471,-5.157715],[-72.887061,-5.122754],[-72.831934,-5.09375],[-72.69873,-5.067187],[-72.60835,-5.00957],[-72.468994,-4.90127],[-72.352832,-4.786035],[-72.256787,-4.748926],[-72.08252,-4.642285],[-71.982422,-4.574609],[-71.943164,-4.55332],[-71.844727,-4.504395],[-71.668359,-4.487305],[-71.521338,-4.469727],[-71.438281,-4.437598],[-71.316797,-4.424316],[-71.23501,-4.388184],[-71.144238,-4.387207],[-70.973682,-4.350488],[-70.915625,-4.295313],[-70.866016,-4.22959],[-70.799512,-4.17334],[-70.721582,-4.158887],[-70.63457,-4.168652],[-70.530664,-4.167578],[-70.404639,-4.150098],[-70.343652,-4.193652],[-70.316895,-4.246973],[-70.23916,-4.301172],[-70.183984,-4.298145],[-70.128809,-4.286621],[-70.05332,-4.333105],[-70.003955,-4.327246],[-69.972021,-4.301172],[-69.965918,-4.235938],[-69.948193,-4.200586],[-69.911035,-3.996582],[-69.849756,-3.659863],[-69.794141,-3.35459],[-69.732617,-3.016699],[-69.669043,-2.667676],[-69.604687,-2.314258],[-69.551855,-2.024219],[-69.506445,-1.774902],[-69.478613,-1.621973],[-69.434912,-1.42168],[-69.417871,-1.245703],[-69.400244,-1.194922],[-69.411426,-1.152246],[-69.449121,-1.091602],[-69.44873,-1.064941],[-69.444336,-1.02959],[-69.44873,-0.99873],[-69.488428,-0.965723],[-69.519287,-0.945801],[-69.543555,-0.917187],[-69.55459,-0.877441],[-69.574414,-0.837793],[-69.583252,-0.795898],[-69.611914,-0.762793],[-69.620703,-0.720898],[-69.600879,-0.68125],[-69.592041,-0.639355],[-69.600879,-0.599609],[-69.611914,-0.55332],[-69.633984,-0.509277],[-69.66748,-0.482422],[-69.747461,-0.452539],[-69.82793,-0.381348],[-69.922754,-0.31748],[-70.044043,-0.196191],[-70.070508,-0.138867],[-70.070947,0.018555],[-70.065723,0.189355],[-70.05791,0.447363],[-70.053906,0.578613],[-69.985449,0.58584],[-69.925098,0.589404],[-69.862061,0.598486],[-69.807129,0.607471],[-69.756738,0.626367],[-69.718896,0.649805],[-69.673828,0.665088],[-69.638721,0.659668],[-69.603613,0.680371],[-69.564844,0.700195],[-69.527051,0.716406],[-69.472119,0.729932],[-69.420801,0.698389],[-69.391992,0.666895],[-69.358643,0.651562],[-69.327148,0.655176],[-69.305518,0.652441],[-69.283008,0.627246],[-69.254199,0.625439],[-69.212793,0.629932],[-69.174072,0.635352],[-69.156055,0.642529],[-69.15332,0.658789],[-69.163232,0.68667],[-69.176758,0.712842],[-69.165967,0.75332],[-69.165039,0.801953],[-69.163232,0.864063],[-69.193848,0.898291],[-69.224463,0.963135],[-69.258691,1.015381],[-69.311816,1.050488],[-69.361377,1.064014],[-69.402783,1.042383],[-69.441504,1.038818],[-69.470312,1.058594],[-69.517139,1.059473],[-69.567578,1.065771],[-69.620898,1.073242],[-69.716992,1.059082],[-69.751318,1.076611],[-69.798145,1.078418],[-69.852148,1.059521],[-69.850781,1.308789],[-69.849463,1.543896],[-69.848584,1.70874],[-69.799951,1.705176],[-69.7396,1.734863],[-69.650049,1.739453],[-69.58125,1.770752],[-69.54292,1.773242],[-69.470166,1.75791],[-69.394336,1.725781],[-69.319727,1.72124],[-69.124268,1.721289],[-68.913184,1.721387],[-68.678467,1.721484],[-68.443457,1.721582],[-68.239551,1.72168],[-68.176562,1.719824],[-68.213281,1.774561],[-68.255957,1.845508],[-68.239453,1.901367],[-68.218359,1.957617],[-68.193799,1.987012],[-68.130273,1.955762],[-68.077051,1.860107],[-68.032861,1.788037],[-67.989746,1.752539],[-67.93623,1.748486],[-67.875537,1.760596],[-67.815088,1.790088],[-67.711865,1.922119],[-67.609229,2.035059],[-67.556055,2.072998],[-67.499658,2.10791],[-67.457764,2.121143],[-67.400439,2.116699],[-67.351953,2.08584],[-67.320605,2.03208],[-67.205811,1.844824],[-67.119238,1.703613],[-67.090137,1.615576],[-67.088281,1.400586],[-67.093652,1.21001],[-67.082275,1.1854],[-67.065234,1.178369],[-66.876025,1.223047],[-66.619043,0.992139],[-66.429248,0.82168],[-66.347119,0.767187],[-66.30166,0.751953],[-66.191211,0.763281],[-66.060059,0.785352],[-65.996338,0.809766],[-65.925879,0.863135],[-65.811328,0.937256],[-65.718115,0.978027],[-65.681445,0.983447],[-65.644678,0.970361],[-65.566016,0.926074],[-65.522998,0.843408],[-65.562695,0.74751],[-65.556055,0.687988],[-65.473389,0.69126],[-65.407227,0.790479],[-65.36084,0.868652],[-65.263965,0.931885],[-65.169629,1.022217],[-65.10376,1.108105],[-65.026562,1.158447],[-64.910107,1.219727],[-64.817969,1.257129],[-64.731543,1.25332],[-64.667432,1.293848],[-64.584375,1.369873],[-64.52627,1.431006],[-64.486035,1.452783],[-64.405127,1.446875],[-64.304199,1.455273],[-64.205029,1.529492],[-64.114844,1.619287],[-64.067041,1.770508],[-64.035449,1.904443],[-64.008496,1.931592],[-63.975781,1.953027],[-63.937158,1.966992],[-63.844482,1.976709],[-63.682129,2.048145],[-63.570264,2.120508],[-63.463916,2.136035],[-63.43252,2.155566],[-63.393945,2.22251],[-63.374854,2.34043],[-63.389258,2.411914],[-63.584619,2.433936],[-63.712549,2.434033],[-63.92417,2.452441],[-64.024902,2.481885],[-64.046582,2.502393],[-64.048828,2.525098],[-64.028711,2.576074],[-64.009033,2.671875],[-64.037793,2.801514],[-64.143555,3.004883],[-64.218848,3.204687],[-64.22876,3.343994],[-64.227051,3.491211],[-64.221094,3.587402],[-64.275293,3.662695],[-64.56792,3.899805],[-64.668994,4.011816],[-64.702588,4.089307],[-64.817871,4.232275],[-64.788672,4.276025],[-64.722266,4.274414],[-64.665527,4.237109],[-64.613672,4.157715],[-64.576367,4.139893],[-64.525537,4.13999],[-64.255664,4.140332],[-64.19248,4.126855],[-64.154297,4.100146],[-64.121729,4.066992],[-64.073389,3.974414],[-64.021484,3.929102],[-63.914648,3.930664],[-63.746973,3.932568],[-63.65293,3.94082],[-63.596631,3.915039],[-63.526807,3.893701],[-63.379785,3.942871],[-63.338672,3.943896],[-63.294727,3.922266],[-63.13623,3.756445],[-63.045313,3.686475],[-62.968652,3.593945],[-62.856982,3.593457],[-62.7646,3.672949],[-62.739941,3.940332],[-62.712109,4.01792],[-62.665332,4.039648],[-62.609766,4.042285],[-62.543945,4.084326],[-62.472559,4.138525],[-62.410645,4.156738],[-62.153125,4.098389],[-62.081592,4.126318],[-61.82085,4.197021],[-61.554248,4.287793],[-61.479395,4.402246],[-61.367529,4.433008],[-61.280078,4.516895],[-61.209424,4.508057],[-61.102441,4.504687],[-61.036279,4.519336],[-61.002832,4.535254],[-60.966406,4.574707],[-60.90625,4.686816],[-60.833398,4.729199],[-60.741748,4.774121],[-60.67915,4.8271],[-60.627588,4.892529],[-60.603857,4.949365],[-60.604492,4.99458],[-60.63501,5.081982],[-60.671973,5.164355],[-60.711963,5.191553],[-60.742139,5.202051],[-60.651367,5.221143],[-60.576416,5.19248],[-60.459521,5.188086],[-60.408789,5.210156],[-60.335205,5.199316],[-60.24165,5.257959]]]]}},{"type":"Feature","properties":{"name":"Chile","cartodb_id":41,"created_at":"2013-11-27T20:16:22+0100","updated_at":"2013-11-27T20:16:23+0100"},"geometry":{"type":"MultiPolygon","coordinates":[[[[-67.575195,-55.889648],[-67.611426,-55.891699],[-67.699512,-55.873145],[-67.831543,-55.864844],[-67.846436,-55.857227],[-67.849707,-55.842578],[-67.834082,-55.827539],[-67.762061,-55.816113],[-67.544824,-55.825977],[-67.517285,-55.832812],[-67.509814,-55.844336],[-67.545264,-55.877441],[-67.575195,-55.889648]]],[[[-67.288867,-55.776855],[-67.325293,-55.784766],[-67.352246,-55.766016],[-67.393359,-55.752734],[-67.559961,-55.724805],[-67.563477,-55.707813],[-67.546143,-55.683691],[-67.512793,-55.662012],[-67.448828,-55.640625],[-67.397363,-55.585156],[-67.374072,-55.589355],[-67.350586,-55.612109],[-67.310449,-55.688672],[-67.262451,-55.74375],[-67.267285,-55.762793],[-67.288867,-55.776855]]],[[[-66.472119,-55.229102],[-66.551709,-55.272852],[-66.611133,-55.269922],[-66.630176,-55.254102],[-66.636621,-55.234375],[-66.624756,-55.213086],[-66.599707,-55.193652],[-66.541553,-55.169434],[-66.523145,-55.165527],[-66.435791,-55.189746],[-66.472119,-55.229102]]],[[[-67.079932,-55.153809],[-67.109473,-55.19209],[-67.172559,-55.242578],[-67.257422,-55.281836],[-67.339697,-55.292578],[-67.399268,-55.272266],[-67.429395,-55.236523],[-67.443262,-55.201172],[-67.463477,-55.181738],[-67.494727,-55.177441],[-67.535254,-55.178516],[-67.585205,-55.191992],[-67.691455,-55.242969],[-67.736963,-55.256445],[-67.767773,-55.25957],[-68.07002,-55.221094],[-68.099512,-55.206836],[-68.135107,-55.172656],[-68.174316,-55.071289],[-68.301367,-54.980664],[-68.106934,-54.929395],[-67.874121,-54.929688],[-67.424561,-54.968945],[-67.245264,-54.977637],[-67.107324,-55.063574],[-67.085498,-55.115234],[-67.079932,-55.153809]]],[[[-69.702979,-54.919043],[-68.900781,-55.017773],[-68.653516,-54.95791],[-68.458008,-54.959668],[-68.399805,-55.041992],[-68.598096,-55.12832],[-68.613281,-55.155566],[-68.585547,-55.177734],[-68.381738,-55.191602],[-68.330078,-55.219434],[-68.282666,-55.255176],[-68.322754,-55.308203],[-68.326562,-55.332715],[-68.30542,-55.356641],[-68.152588,-55.436914],[-68.089893,-55.47832],[-68.058301,-55.517969],[-68.045557,-55.5875],[-68.04834,-55.643164],[-68.082666,-55.650586],[-68.15708,-55.633691],[-68.229639,-55.601562],[-68.293359,-55.521387],[-68.338037,-55.505273],[-68.466699,-55.489063],[-68.594189,-55.45],[-68.693555,-55.452246],[-68.78501,-55.435645],[-68.867041,-55.450195],[-68.896143,-55.423828],[-68.931299,-55.370605],[-68.93208,-55.347363],[-68.888965,-55.263281],[-68.890088,-55.241211],[-68.912646,-55.238574],[-69.008203,-55.255762],[-69.046826,-55.244336],[-69.150781,-55.183398],[-69.192627,-55.171875],[-69.29707,-55.16582],[-69.356152,-55.273926],[-69.359229,-55.300684],[-69.299023,-55.369336],[-69.180859,-55.474805],[-69.24082,-55.476758],[-69.411816,-55.444238],[-69.455713,-55.424023],[-69.508691,-55.370898],[-69.610254,-55.339941],[-69.645898,-55.320898],[-69.656299,-55.298438],[-69.657373,-55.229004],[-69.679834,-55.218945],[-69.824023,-55.236523],[-69.853711,-55.219824],[-69.865771,-55.190625],[-69.886768,-55.174121],[-69.979785,-55.147461],[-69.987988,-55.130762],[-69.946533,-55.111035],[-69.92085,-55.061133],[-69.884424,-54.882031],[-69.702979,-54.919043]]],[[[-70.991602,-54.867969],[-70.945117,-54.931348],[-70.92793,-54.942969],[-70.804834,-54.967676],[-70.749316,-54.952734],[-70.615283,-54.945605],[-70.534766,-54.921289],[-70.417529,-54.908887],[-70.283057,-55.065918],[-70.297852,-55.11377],[-70.40415,-55.165625],[-70.475586,-55.177051],[-70.543457,-55.161328],[-70.538721,-55.134961],[-70.551074,-55.111914],[-70.597461,-55.082031],[-70.640918,-55.084863],[-70.710986,-55.106934],[-70.744434,-55.104199],[-70.815479,-55.079883],[-70.939844,-55.061914],[-70.964502,-55.039648],[-70.967285,-55.006836],[-70.990723,-54.99043],[-71.120361,-54.937793],[-71.20332,-54.892969],[-71.273633,-54.886914],[-71.299316,-54.892285],[-71.325342,-54.91377],[-71.388574,-54.934277],[-71.406641,-54.930859],[-71.426904,-54.91377],[-71.437207,-54.889258],[-71.410547,-54.839355],[-71.374268,-54.83457],[-71.19707,-54.844434],[-71.088623,-54.86748],[-70.991602,-54.867969]]],[[[-71.390479,-54.032813],[-71.16875,-54.112598],[-71.021924,-54.111816],[-71.022852,-54.161719],[-71.004883,-54.24668],[-71.028027,-54.281152],[-71.082959,-54.316309],[-71.117529,-54.366309],[-71.143262,-54.374023],[-71.304639,-54.313574],[-71.473291,-54.231152],[-71.558105,-54.245605],[-71.670605,-54.225391],[-71.76123,-54.229785],[-71.817578,-54.276465],[-71.948535,-54.300879],[-71.972363,-54.207227],[-72.091553,-54.11875],[-72.210449,-54.047754],[-72.146045,-53.938867],[-72.068945,-53.921289],[-71.996484,-53.884863],[-71.705127,-53.92334],[-71.55415,-53.956055],[-71.390479,-54.032813]]],[[[-72.923242,-53.481641],[-72.896289,-53.562793],[-72.882227,-53.57832],[-72.809375,-53.565332],[-72.685498,-53.55791],[-72.482275,-53.588086],[-72.459229,-53.598828],[-72.3729,-53.6875],[-72.306689,-53.725391],[-72.20542,-53.807422],[-72.30625,-53.862109],[-72.365967,-53.94082],[-72.369141,-53.980762],[-72.408545,-54.003809],[-72.470508,-54.027734],[-72.562891,-54.07373],[-72.676562,-54.078906],[-72.788623,-54.103125],[-72.840381,-54.125098],[-72.870996,-54.126563],[-72.907275,-54.114648],[-72.946094,-54.09209],[-72.958594,-54.065918],[-72.881738,-54.041602],[-72.781689,-53.954785],[-72.76377,-53.864844],[-72.871729,-53.848535],[-72.936133,-53.86084],[-72.984229,-53.860547],[-73.039453,-53.832813],[-73.073047,-53.875293],[-73.085547,-53.915918],[-73.07085,-53.978027],[-73.080762,-53.998047],[-73.119971,-54.009375],[-73.210645,-53.98584],[-73.304736,-53.943945],[-73.312158,-53.919629],[-73.292871,-53.83584],[-73.294922,-53.79209],[-73.314355,-53.729199],[-73.324805,-53.722656],[-73.360107,-53.724023],[-73.470947,-53.736133],[-73.581641,-53.655469],[-73.641504,-53.570313],[-73.845459,-53.545801],[-73.686523,-53.426855],[-73.44707,-53.410059],[-73.365869,-53.470215],[-73.099365,-53.511914],[-73.115332,-53.448047],[-73.110889,-53.425195],[-73.074316,-53.396777],[-73.053613,-53.394434],[-73.02207,-53.414551],[-72.970947,-53.423047],[-72.947266,-53.44248],[-72.923242,-53.481641]]],[[[-74.385742,-52.922363],[-74.369336,-52.931445],[-74.32998,-52.929297],[-74.274609,-52.945508],[-74.065967,-52.965332],[-73.879199,-53.012207],[-73.781787,-53.056055],[-73.654004,-53.069824],[-73.549268,-53.125684],[-73.504541,-53.140039],[-73.450586,-53.144336],[-73.310352,-53.247656],[-73.30249,-53.259473],[-73.143359,-53.340918],[-73.135205,-53.353906],[-73.225732,-53.358398],[-73.409375,-53.320508],[-73.501025,-53.318457],[-73.567285,-53.306836],[-73.582812,-53.300195],[-73.595947,-53.25293],[-73.61709,-53.229688],[-73.793506,-53.120703],[-73.866943,-53.096875],[-73.993994,-53.075781],[-74.138574,-53.090527],[-74.236377,-53.076465],[-74.270215,-53.081543],[-74.414404,-52.994922],[-74.558301,-52.921875],[-74.619922,-52.834766],[-74.711523,-52.768164],[-74.712012,-52.74873],[-74.669971,-52.733887],[-74.571533,-52.771289],[-74.474561,-52.835645],[-74.422266,-52.860059],[-74.385742,-52.922363]]],[[[-69.167041,-52.667578],[-69.079932,-52.674316],[-68.789795,-52.576758],[-68.75752,-52.582031],[-68.659229,-52.631543],[-68.629932,-52.652637],[-68.631689,-52.949512],[-68.633447,-53.241895],[-68.635059,-53.51543],[-68.63667,-53.788867],[-68.638232,-54.05293],[-68.639795,-54.324023],[-68.64751,-54.627832],[-68.653223,-54.853613],[-68.803857,-54.853613],[-68.843555,-54.876758],[-69.081641,-54.909863],[-69.486279,-54.858887],[-69.587549,-54.812793],[-69.723438,-54.712109],[-69.771826,-54.73916],[-69.899463,-54.781836],[-70.030518,-54.815527],[-70.138086,-54.819238],[-70.237793,-54.777539],[-70.259082,-54.756348],[-70.281738,-54.751758],[-70.497168,-54.80957],[-70.735156,-54.750586],[-70.924707,-54.714355],[-71.229248,-54.694141],[-71.440918,-54.619629],[-71.831543,-54.626172],[-71.901562,-54.601562],[-71.927734,-54.528711],[-71.906982,-54.494824],[-71.823438,-54.474414],[-71.800146,-54.433984],[-71.71582,-54.443652],[-71.606299,-54.497168],[-71.572754,-54.495313],[-71.500391,-54.444922],[-71.393408,-54.400195],[-71.355225,-54.39541],[-71.158838,-54.450586],[-71.079932,-54.444238],[-70.966455,-54.419531],[-70.946191,-54.398047],[-70.928174,-54.360059],[-70.898242,-54.337891],[-70.797266,-54.327246],[-70.698828,-54.348828],[-70.687549,-54.414746],[-70.701123,-54.485449],[-70.572998,-54.504395],[-70.41792,-54.502246],[-70.310986,-54.528516],[-70.297656,-54.485547],[-70.468311,-54.373242],[-70.53999,-54.303418],[-70.636133,-54.262305],[-70.759863,-54.241309],[-70.863086,-54.110449],[-70.856738,-53.995801],[-70.867725,-53.88418],[-70.644482,-53.822852],[-70.695605,-53.727441],[-70.61875,-53.655078],[-70.531299,-53.627344],[-70.443164,-53.893457],[-70.379736,-53.986719],[-70.460547,-54.005664],[-70.629834,-54.005566],[-70.535303,-54.136133],[-70.37998,-54.180664],[-70.246094,-54.277441],[-70.243359,-54.347656],[-70.168994,-54.379297],[-69.990137,-54.381348],[-69.866992,-54.36748],[-69.809082,-54.320801],[-69.741846,-54.305859],[-69.62168,-54.364063],[-69.419287,-54.407129],[-69.364795,-54.437598],[-69.325098,-54.488184],[-69.322461,-54.542676],[-69.312061,-54.571484],[-69.253174,-54.557422],[-69.169189,-54.483301],[-69.127881,-54.457617],[-69.077246,-54.44502],[-69.045215,-54.428418],[-69.044336,-54.406738],[-69.195654,-54.354395],[-69.988135,-54.109082],[-70.085596,-54.011133],[-70.151123,-53.888086],[-70.148828,-53.761133],[-70.091113,-53.721777],[-69.949707,-53.671582],[-69.689746,-53.600879],[-69.389941,-53.499414],[-69.352441,-53.47998],[-69.355957,-53.416309],[-69.393555,-53.373437],[-69.512549,-53.341992],[-69.637012,-53.334082],[-69.755615,-53.337207],[-69.874121,-53.350488],[-70.090381,-53.418164],[-70.212842,-53.413965],[-70.329297,-53.377637],[-70.415674,-53.304785],[-70.460254,-53.20625],[-70.459961,-53.143359],[-70.443359,-53.085547],[-70.390674,-53.026465],[-70.32002,-53.000684],[-70.256348,-53.004102],[-70.196484,-52.990234],[-70.160889,-52.969922],[-70.130615,-52.942773],[-70.139551,-52.919336],[-70.162744,-52.899023],[-70.25918,-52.857227],[-70.297363,-52.816992],[-70.380127,-52.751953],[-70.334912,-52.733789],[-70.189648,-52.723633],[-70.088232,-52.768555],[-69.993555,-52.821289],[-69.935449,-52.821094],[-69.883203,-52.799023],[-69.763574,-52.731348],[-69.663281,-52.646289],[-69.571875,-52.549316],[-69.498389,-52.491406],[-69.414062,-52.48623],[-69.167041,-52.667578]]],[[[-74.142187,-51.931055],[-74.17207,-51.94209],[-74.283105,-51.91875],[-74.338672,-51.897949],[-74.423633,-51.845117],[-74.437109,-51.790625],[-74.475391,-51.725684],[-74.450781,-51.724902],[-74.362109,-51.750684],[-74.325684,-51.770215],[-74.277051,-51.811621],[-74.133398,-51.870898],[-74.11543,-51.888477],[-74.118896,-51.911133],[-74.142187,-51.931055]]],[[[-74.822949,-51.630176],[-74.780127,-51.824707],[-74.749512,-51.851855],[-74.647461,-51.866211],[-74.536816,-51.965137],[-74.531836,-51.991992],[-74.665967,-52.160059],[-74.694482,-52.279199],[-74.851807,-52.270703],[-74.917725,-52.152246],[-75.017139,-52.037891],[-75.050684,-51.903906],[-75.105371,-51.788867],[-75.008105,-51.72373],[-74.915186,-51.738281],[-74.909668,-51.65],[-74.822949,-51.630176]]],[[[-74.558643,-51.277051],[-74.560889,-51.36084],[-74.592578,-51.3875],[-74.620361,-51.395703],[-74.690723,-51.370215],[-74.730908,-51.367383],[-74.797363,-51.411719],[-74.85332,-51.43418],[-74.93667,-51.42832],[-75.047363,-51.39834],[-75.146289,-51.524316],[-75.192432,-51.566699],[-75.289111,-51.625391],[-75.300049,-51.556445],[-75.238477,-51.453516],[-75.21001,-51.383301],[-75.153662,-51.278809],[-75.040332,-51.318164],[-74.881445,-51.279492],[-74.73667,-51.207617],[-74.611572,-51.207129],[-74.570508,-51.24541],[-74.558643,-51.277051]]],[[[-75.302002,-50.67998],[-75.330469,-50.772363],[-75.411377,-50.764355],[-75.438525,-50.741113],[-75.452637,-50.68252],[-75.477393,-50.654199],[-75.442676,-50.595508],[-75.419775,-50.530371],[-75.427637,-50.480566],[-75.303711,-50.483984],[-75.156152,-50.496777],[-75.115332,-50.510449],[-75.160449,-50.554395],[-75.203418,-50.580664],[-75.292334,-50.596875],[-75.302002,-50.67998]]],[[[-75.054785,-50.296094],[-75.250391,-50.37627],[-75.307861,-50.343066],[-75.449121,-50.343359],[-75.412109,-50.256641],[-75.397852,-50.192676],[-75.376709,-50.167969],[-75.368848,-50.112695],[-75.32666,-50.011816],[-75.209668,-50.04541],[-75.122559,-50.055273],[-75.004248,-50.088672],[-74.875977,-50.109961],[-74.838574,-50.197266],[-74.963379,-50.237305],[-75.054785,-50.296094]]],[[[-75.106689,-48.836523],[-75.115088,-48.916016],[-75.262695,-49.068945],[-75.389941,-49.15918],[-75.506104,-49.230664],[-75.580371,-49.22998],[-75.641162,-49.19541],[-75.572852,-49.138867],[-75.487646,-49.082422],[-75.514551,-49.00957],[-75.540137,-48.988477],[-75.576172,-48.980762],[-75.637842,-48.942578],[-75.619141,-48.885938],[-75.583105,-48.858887],[-75.535254,-48.838184],[-75.490479,-48.850488],[-75.297266,-48.810645],[-75.236182,-48.778613],[-75.118604,-48.772949],[-75.106689,-48.836523]]],[[[-74.476172,-49.147852],[-74.466797,-49.294531],[-74.483594,-49.441895],[-74.52207,-49.622949],[-74.515771,-49.65957],[-74.47085,-49.668555],[-74.458838,-49.691113],[-74.471973,-49.78623],[-74.496094,-49.859473],[-74.542578,-49.919141],[-74.569824,-49.990723],[-74.594727,-50.006641],[-74.703369,-50.019238],[-74.762988,-50.011426],[-74.81084,-49.929687],[-74.824707,-49.879492],[-74.821924,-49.813867],[-74.88042,-49.725879],[-74.882227,-49.692187],[-74.859326,-49.63418],[-74.812012,-49.605273],[-74.804834,-49.516016],[-74.781006,-49.489258],[-74.727051,-49.452344],[-74.718848,-49.437012],[-74.723828,-49.423828],[-74.743848,-49.422461],[-74.960107,-49.533008],[-74.981299,-49.56416],[-74.99082,-49.605664],[-74.993506,-49.751758],[-75.031543,-49.83623],[-75.066016,-49.852344],[-75.166943,-49.855957],[-75.300098,-49.847461],[-75.451172,-49.769922],[-75.549805,-49.791309],[-75.570117,-49.69707],[-75.520752,-49.62168],[-75.337061,-49.628223],[-75.305859,-49.494043],[-75.364209,-49.4625],[-75.428857,-49.408398],[-75.46748,-49.358887],[-75.433154,-49.32207],[-75.32666,-49.268652],[-75.269629,-49.262891],[-75.216846,-49.292773],[-75.086035,-49.270215],[-75.093701,-49.185352],[-75.210156,-49.148047],[-75.184229,-49.083594],[-75.037109,-49.02207],[-74.949219,-48.960156],[-74.945215,-48.889453],[-74.980762,-48.818848],[-74.969531,-48.791309],[-74.89624,-48.733203],[-74.793457,-48.705078],[-74.74668,-48.708887],[-74.651563,-48.749902],[-74.566602,-48.754785],[-74.546094,-48.766895],[-74.530664,-48.812598],[-74.476172,-49.147852]]],[[[-75.510254,-48.763477],[-75.622852,-48.764648],[-75.650928,-48.586328],[-75.518457,-48.328809],[-75.509033,-48.230664],[-75.553516,-48.156738],[-75.571484,-48.095898],[-75.560693,-48.070898],[-75.391406,-48.019727],[-75.338379,-48.074023],[-75.275488,-48.218457],[-75.155518,-48.425195],[-75.158496,-48.622656],[-75.225098,-48.671387],[-75.433984,-48.721191],[-75.510254,-48.763477]]],[[[-74.567285,-48.591992],[-74.586279,-48.615723],[-74.70957,-48.601172],[-74.923047,-48.626465],[-75.012842,-48.535742],[-75.052148,-48.391406],[-75.078906,-48.361523],[-75.131934,-48.279297],[-75.158496,-48.225293],[-75.212891,-48.141699],[-75.233887,-48.053418],[-75.247266,-48.026758],[-75.198291,-47.974609],[-74.975098,-47.922852],[-74.895654,-47.839355],[-74.827441,-47.850391],[-74.846191,-48.020801],[-74.805225,-48.078223],[-74.729297,-48.125879],[-74.715234,-48.145508],[-74.702393,-48.205859],[-74.664355,-48.299316],[-74.615137,-48.343066],[-74.602441,-48.370312],[-74.600146,-48.393066],[-74.618213,-48.425195],[-74.567285,-48.591992]]],[[[-75.112207,-47.837695],[-75.18584,-47.850684],[-75.194336,-47.818066],[-75.261035,-47.763867],[-75.203125,-47.728027],[-75.089844,-47.690625],[-75.003955,-47.694727],[-74.926465,-47.723145],[-74.916016,-47.756641],[-75.05127,-47.800488],[-75.084473,-47.824512],[-75.112207,-47.837695]]],[[[-74.312891,-45.691504],[-74.368457,-45.73584],[-74.465527,-45.757227],[-74.561621,-45.722461],[-74.677734,-45.738574],[-74.689844,-45.662598],[-74.646436,-45.6],[-74.558398,-45.525586],[-74.494678,-45.425879],[-74.502344,-45.285156],[-74.45,-45.25293],[-74.421875,-45.203223],[-74.310547,-45.172656],[-74.2854,-45.277246],[-74.31543,-45.464063],[-74.240039,-45.574512],[-74.229199,-45.611328],[-74.243896,-45.653613],[-74.312891,-45.691504]]],[[[-75.04248,-44.890137],[-75.06748,-44.906543],[-75.09873,-44.901758],[-75.124219,-44.869922],[-75.142139,-44.815625],[-75.107422,-44.795117],[-75.079492,-44.795117],[-75.048437,-44.823926],[-75.032227,-44.870508],[-75.04248,-44.890137]]],[[[-73.632178,-44.821484],[-73.664844,-44.83291],[-73.69458,-44.831152],[-73.724756,-44.796875],[-73.734863,-44.75166],[-73.800146,-44.684082],[-73.818457,-44.652148],[-73.816992,-44.613965],[-73.779492,-44.55918],[-73.723926,-44.544238],[-73.686475,-44.546289],[-73.641211,-44.61084],[-73.628223,-44.680762],[-73.616602,-44.75293],[-73.632178,-44.821484]]],[[[-72.986133,-44.780078],[-73.228467,-44.859961],[-73.35,-44.833203],[-73.39707,-44.774316],[-73.420068,-44.724805],[-73.445068,-44.641016],[-73.403662,-44.596094],[-73.314941,-44.531348],[-73.281982,-44.489551],[-73.266016,-44.440234],[-73.271582,-44.394141],[-73.26001,-44.350293],[-73.207715,-44.334961],[-73.028418,-44.384082],[-72.842432,-44.457715],[-72.776367,-44.508594],[-72.764062,-44.549023],[-72.845313,-44.638477],[-72.897168,-44.712012],[-72.986133,-44.780078]]],[[[-73.735352,-44.394531],[-73.78457,-44.4375],[-73.862305,-44.445117],[-73.983301,-44.494824],[-73.996045,-44.537988],[-74.002051,-44.590918],[-73.918555,-44.654688],[-73.877393,-44.728809],[-73.827881,-44.839844],[-73.792139,-44.945801],[-73.795361,-44.978613],[-73.786475,-45.033594],[-73.727148,-45.119043],[-73.72168,-45.157617],[-73.728174,-45.195898],[-73.7521,-45.266797],[-73.770996,-45.276563],[-73.829883,-45.283496],[-73.834473,-45.326563],[-73.848975,-45.340625],[-74.01626,-45.344922],[-74.099072,-45.325391],[-74.089258,-45.195703],[-74.195215,-45.144824],[-74.267969,-45.058984],[-74.349902,-44.91084],[-74.41875,-44.865234],[-74.498828,-44.748145],[-74.617773,-44.647949],[-74.480518,-44.58457],[-74.501807,-44.473535],[-74.42168,-44.435449],[-74.301221,-44.395703],[-74.2125,-44.426953],[-74.132813,-44.415918],[-74.097217,-44.389355],[-74.108105,-44.275879],[-74.082812,-44.186426],[-73.994922,-44.140234],[-73.900195,-44.134863],[-73.864551,-44.185352],[-73.817773,-44.234961],[-73.703223,-44.274121],[-73.703711,-44.325391],[-73.735352,-44.394531]]],[[[-73.810645,-43.827246],[-73.789648,-43.876465],[-73.833643,-43.883203],[-73.90415,-43.875391],[-73.938281,-43.914258],[-73.955664,-43.921973],[-74.117773,-43.8875],[-74.142969,-43.872168],[-74.139941,-43.820996],[-73.967187,-43.816504],[-73.856934,-43.783789],[-73.841406,-43.788965],[-73.810645,-43.827246]]],[[[-74.66875,-43.607812],[-74.810449,-43.625391],[-74.842676,-43.595508],[-74.841992,-43.570312],[-74.817676,-43.549414],[-74.74502,-43.535937],[-74.697461,-43.553027],[-74.672656,-43.577441],[-74.664795,-43.599609],[-74.66875,-43.607812]]],[[[-73.773389,-43.345898],[-73.848584,-43.366797],[-73.918701,-43.371973],[-73.989941,-43.356641],[-74.114404,-43.35791],[-74.238574,-43.318848],[-74.354932,-43.263574],[-74.387354,-43.231641],[-74.373145,-43.185742],[-74.289355,-43.079492],[-74.209473,-42.878711],[-74.156299,-42.590527],[-74.198828,-42.481348],[-74.193555,-42.436035],[-74.174072,-42.381543],[-74.164355,-42.325488],[-74.170313,-42.268945],[-74.160205,-42.216406],[-74.072314,-42.105859],[-74.059375,-42.05625],[-74.056836,-42.002344],[-74.018799,-41.890918],[-74.030518,-41.854004],[-74.063037,-41.822754],[-74.03667,-41.795508],[-73.730957,-41.877246],[-73.527832,-41.896289],[-73.516943,-41.980859],[-73.477783,-42.047168],[-73.454492,-42.165918],[-73.4229,-42.192871],[-73.439258,-42.277832],[-73.532813,-42.314453],[-73.524561,-42.392578],[-73.470801,-42.466309],[-73.549268,-42.492578],[-73.633887,-42.508203],[-73.653467,-42.528711],[-73.714746,-42.544727],[-73.789258,-42.585742],[-73.766846,-42.621875],[-73.673047,-42.704395],[-73.568262,-42.761621],[-73.510742,-42.847168],[-73.436328,-42.936523],[-73.472656,-42.993262],[-73.54082,-43.07373],[-73.649609,-43.127148],[-73.749658,-43.159082],[-73.737891,-43.291406],[-73.773389,-43.345898]]],[[[-78.80415,-33.646484],[-78.98335,-33.667773],[-78.989453,-33.661719],[-78.979297,-33.644141],[-78.938135,-33.613574],[-78.888281,-33.576367],[-78.877441,-33.575195],[-78.859033,-33.578125],[-78.838184,-33.585059],[-78.784668,-33.610156],[-78.768945,-33.627344],[-78.774707,-33.641602],[-78.80415,-33.646484]]],[[[-109.27998,-27.14043],[-109.434131,-27.171289],[-109.42915,-27.116211],[-109.390479,-27.068359],[-109.276465,-27.095898],[-109.222852,-27.101074],[-109.27998,-27.14043]]],[[[-67.707324,-22.88916],[-67.579932,-22.891699],[-67.362256,-22.855176],[-67.194873,-22.82168],[-67.008789,-23.001367],[-67.089746,-23.245117],[-67.219141,-23.633984],[-67.319141,-23.934668],[-67.335596,-23.974805],[-67.356201,-24.033789],[-67.571777,-24.118945],[-67.88623,-24.243359],[-68.047363,-24.308301],[-68.250293,-24.391992],[-68.299512,-24.460352],[-68.358105,-24.497266],[-68.422559,-24.545117],[-68.447119,-24.596973],[-68.507275,-24.629785],[-68.562012,-24.747363],[-68.562012,-24.837695],[-68.527051,-24.899219],[-68.466309,-24.925195],[-68.447119,-24.998926],[-68.428027,-25.050977],[-68.384229,-25.091895],[-68.395215,-25.124707],[-68.430713,-25.149316],[-68.496338,-25.162988],[-68.54082,-25.236719],[-68.59209,-25.42002],[-68.600293,-25.485645],[-68.541895,-25.651563],[-68.51084,-25.741016],[-68.426758,-26.06543],[-68.414502,-26.153711],[-68.529834,-26.276953],[-68.575781,-26.351953],[-68.592187,-26.418066],[-68.591602,-26.47041],[-68.581152,-26.518359],[-68.485107,-26.670313],[-68.37334,-26.806445],[-68.318652,-26.877539],[-68.318652,-26.973242],[-68.345996,-27.02793],[-68.405371,-27.048145],[-68.537354,-27.085352],[-68.59209,-27.140039],[-68.652197,-27.14834],[-68.709619,-27.104492],[-68.769775,-27.11543],[-68.846338,-27.153711],[-68.875098,-27.24668],[-68.941992,-27.405176],[-68.999414,-27.449023],[-69.042187,-27.57002],[-69.118506,-27.743555],[-69.155273,-27.848145],[-69.174414,-27.924707],[-69.251221,-27.973633],[-69.340723,-28.070801],[-69.40957,-28.165332],[-69.436914,-28.192676],[-69.488867,-28.200879],[-69.527148,-28.285645],[-69.656934,-28.413574],[-69.687891,-28.562012],[-69.734912,-28.641113],[-69.743164,-28.783887],[-69.814844,-29.045508],[-69.827881,-29.103223],[-69.900342,-29.148828],[-69.995605,-29.25],[-70.026807,-29.324023],[-69.982617,-29.54541],[-69.927637,-29.769141],[-69.924121,-29.874023],[-69.945459,-30.016406],[-69.959961,-30.07832],[-69.923535,-30.103906],[-69.863379,-30.120312],[-69.844287,-30.175],[-69.888037,-30.213281],[-69.907129,-30.281641],[-69.956348,-30.358203],[-70.102002,-30.388281],[-70.153223,-30.360937],[-70.169629,-30.385547],[-70.161426,-30.440234],[-70.193945,-30.504688],[-70.269385,-30.677246],[-70.319238,-30.833984],[-70.348145,-30.902344],[-70.336426,-30.959766],[-70.311816,-30.992578],[-70.309082,-31.022656],[-70.350586,-31.060449],[-70.388379,-31.121094],[-70.429395,-31.129297],[-70.473096,-31.112793],[-70.51958,-31.148438],[-70.529053,-31.222852],[-70.554688,-31.317383],[-70.566406,-31.42793],[-70.585205,-31.569434],[-70.525635,-31.666406],[-70.450146,-31.841895],[-70.393848,-31.883789],[-70.330957,-31.881055],[-70.281738,-31.916602],[-70.254395,-31.957715],[-70.290918,-32.031055],[-70.355566,-32.042383],[-70.36377,-32.083496],[-70.344629,-32.176465],[-70.32002,-32.266699],[-70.257812,-32.309961],[-70.229785,-32.430664],[-70.169629,-32.47168],[-70.176953,-32.626074],[-70.116162,-32.807422],[-70.052051,-32.859961],[-70.021973,-32.88457],[-70.042139,-32.963672],[-70.093066,-33.026758],[-70.104004,-33.12793],[-70.084863,-33.201758],[-70.019824,-33.271484],[-69.969043,-33.279395],[-69.896191,-33.250977],[-69.819629,-33.283789],[-69.808691,-33.343945],[-69.797754,-33.398633],[-69.83877,-33.469727],[-69.882568,-33.600977],[-69.894336,-33.731348],[-69.881494,-33.929785],[-69.861523,-34.083594],[-69.857373,-34.180469],[-69.852441,-34.224316],[-69.879785,-34.254395],[-69.946338,-34.269922],[-70.002832,-34.27627],[-70.052051,-34.300781],[-70.062988,-34.35],[-70.101465,-34.432031],[-70.14126,-34.492871],[-70.210693,-34.58125],[-70.254687,-34.672656],[-70.289941,-34.732812],[-70.286768,-34.774512],[-70.312109,-34.85498],[-70.338135,-34.921777],[-70.393164,-35.146875],[-70.466602,-35.193652],[-70.525098,-35.216797],[-70.555176,-35.246875],[-70.532324,-35.30791],[-70.47041,-35.326172],[-70.448535,-35.375391],[-70.456738,-35.451953],[-70.415723,-35.523047],[-70.419727,-35.60918],[-70.380176,-35.771875],[-70.415723,-35.878516],[-70.403662,-35.970508],[-70.404785,-36.061719],[-70.456738,-36.132715],[-70.563379,-36.146387],[-70.621875,-36.211914],[-70.721924,-36.283203],[-70.732861,-36.340625],[-70.749268,-36.392578],[-70.790283,-36.411719],[-70.853174,-36.411719],[-70.905127,-36.419922],[-70.97793,-36.487305],[-71.055518,-36.52373],[-71.073242,-36.578027],[-71.066406,-36.644043],[-71.107422,-36.685059],[-71.159375,-36.761621],[-71.192188,-36.843652],[-71.159375,-36.920215],[-71.123828,-37.056934],[-71.118408,-37.114355],[-71.163477,-37.227441],[-71.200391,-37.300293],[-71.164893,-37.393262],[-71.134814,-37.445117],[-71.162842,-37.55918],[-71.186719,-37.631055],[-71.167578,-37.762305],[-71.096191,-37.909961],[-71.028174,-38.041211],[-71.018164,-38.193945],[-71.000488,-38.314844],[-70.967969,-38.445898],[-70.899658,-38.497852],[-70.847656,-38.541602],[-70.858643,-38.604492],[-70.896924,-38.681055],[-70.951611,-38.738477],[-71.087109,-38.75752],[-71.197266,-38.809375],[-71.285742,-38.84541],[-71.353174,-38.888867],[-71.401562,-38.935059],[-71.425586,-38.985645],[-71.409375,-39.205957],[-71.42002,-39.287207],[-71.465381,-39.402344],[-71.507764,-39.495215],[-71.525781,-39.523145],[-71.53125,-39.56416],[-71.539453,-39.602441],[-71.587012,-39.611133],[-71.654297,-39.594238],[-71.692578,-39.605176],[-71.719922,-39.635254],[-71.696826,-39.707031],[-71.67207,-39.833301],[-71.637891,-39.886816],[-71.647119,-39.929199],[-71.659766,-40.020801],[-71.704395,-40.094922],[-71.763672,-40.094629],[-71.801953,-40.124707],[-71.818311,-40.17666],[-71.800586,-40.244336],[-71.722656,-40.299707],[-71.695313,-40.335254],[-71.708984,-40.381738],[-71.769141,-40.400879],[-71.804639,-40.43916],[-71.838525,-40.524414],[-71.883789,-40.620605],[-71.932129,-40.691699],[-71.941357,-40.78916],[-71.873047,-40.892969],[-71.880713,-40.994629],[-71.885596,-41.292383],[-71.892187,-41.393359],[-71.871143,-41.560547],[-71.897607,-41.606641],[-71.911279,-41.650391],[-71.844482,-41.771973],[-71.77002,-41.968555],[-71.75,-42.046777],[-71.760937,-42.101465],[-71.860791,-42.147852],[-71.944092,-42.16709],[-71.993311,-42.134277],[-72.026123,-42.147949],[-72.064404,-42.205371],[-72.108203,-42.251855],[-72.124609,-42.29834],[-72.078125,-42.358496],[-72.053467,-42.473242],[-72.10542,-42.522461],[-72.143701,-42.577148],[-72.130029,-42.648242],[-72.113623,-42.776758],[-72.146436,-42.990039],[-72.102393,-43.065625],[-72.054687,-43.101953],[-71.898584,-43.145312],[-71.781494,-43.166797],[-71.750635,-43.237305],[-71.763867,-43.294629],[-71.820215,-43.322949],[-71.90498,-43.347559],[-71.90498,-43.440137],[-71.832422,-43.527148],[-71.750635,-43.590137],[-71.732764,-43.646777],[-71.737402,-43.704687],[-71.794727,-43.753223],[-71.715967,-43.858398],[-71.680078,-43.92959],[-71.716162,-43.984473],[-71.767188,-44.066699],[-71.812354,-44.106055],[-71.812109,-44.150781],[-71.830762,-44.241406],[-71.835059,-44.330176],[-71.82002,-44.383105],[-71.325732,-44.424902],[-71.212598,-44.441211],[-71.150879,-44.494043],[-71.159717,-44.560254],[-71.221484,-44.630762],[-71.261133,-44.763086],[-71.358154,-44.785156],[-71.455176,-44.749805],[-71.5604,-44.762012],[-71.65166,-44.77041],[-71.782812,-44.774414],[-71.957031,-44.791504],[-72.063721,-44.771875],[-72.07251,-44.82041],[-72.041699,-44.904199],[-71.812354,-44.930664],[-71.596289,-44.979199],[-71.531299,-45.067871],[-71.443457,-45.168262],[-71.35376,-45.230469],[-71.349316,-45.331934],[-71.49043,-45.437695],[-71.508105,-45.512695],[-71.693311,-45.534766],[-71.746191,-45.578906],[-71.772656,-45.724414],[-71.750635,-45.839062],[-71.680078,-45.878711],[-71.631543,-45.953711],[-71.684473,-46.041895],[-71.809277,-46.102734],[-71.875684,-46.160547],[-71.834131,-46.206738],[-71.777637,-46.27998],[-71.762109,-46.319824],[-71.731299,-46.427832],[-71.695215,-46.578418],[-71.699658,-46.651367],[-71.732715,-46.705859],[-71.856445,-46.791602],[-71.940234,-46.83125],[-71.956641,-46.936816],[-71.962988,-47.016016],[-71.954248,-47.0875],[-71.900537,-47.144336],[-71.90498,-47.20166],[-71.978516,-47.213867],[-72.041699,-47.241406],[-72.103418,-47.342773],[-72.28291,-47.446289],[-72.345947,-47.492676],[-72.341504,-47.57207],[-72.412598,-47.685547],[-72.472217,-47.78418],[-72.51792,-47.876367],[-72.509082,-47.97334],[-72.40791,-48.015918],[-72.32832,-48.110059],[-72.293018,-48.229102],[-72.354736,-48.36582],[-72.498145,-48.417383],[-72.582861,-48.475391],[-72.608398,-48.519336],[-72.585938,-48.6625],[-72.591748,-48.729688],[-72.614404,-48.792871],[-72.65127,-48.841602],[-72.728467,-48.896289],[-72.86543,-48.943945],[-72.981738,-48.976758],[-73.033643,-49.014355],[-73.09458,-49.096875],[-73.148877,-49.187988],[-73.135254,-49.300684],[-73.461572,-49.313867],[-73.483643,-49.397656],[-73.554199,-49.463867],[-73.57627,-49.58291],[-73.504541,-49.698047],[-73.47041,-49.794531],[-73.528906,-49.910938],[-73.507715,-50.030273],[-73.50127,-50.125293],[-73.386621,-50.231152],[-73.311719,-50.361914],[-73.27417,-50.472559],[-73.251611,-50.558496],[-73.221631,-50.610742],[-73.174512,-50.67002],[-73.15293,-50.738281],[-73.082373,-50.760352],[-72.955566,-50.696484],[-72.865918,-50.653125],[-72.803613,-50.637695],[-72.62041,-50.647656],[-72.509814,-50.60752],[-72.460156,-50.611719],[-72.392578,-50.634277],[-72.340234,-50.681836],[-72.300635,-50.789551],[-72.276318,-50.910254],[-72.307373,-51.033398],[-72.35918,-51.060156],[-72.376807,-51.09541],[-72.35918,-51.17041],[-72.301855,-51.22334],[-72.303223,-51.298926],[-72.366406,-51.470313],[-72.407666,-51.54082],[-72.334521,-51.620313],[-72.268994,-51.691113],[-72.136963,-51.744043],[-72.028418,-51.818652],[-71.953467,-51.880371],[-71.971094,-51.96416],[-71.918652,-51.989551],[-71.716602,-51.991309],[-71.414746,-51.993945],[-70.943164,-51.998145],[-70.482861,-52.002246],[-69.960254,-52.008203],[-69.712598,-52.075391],[-69.488428,-52.136133],[-69.206201,-52.136133],[-68.924561,-52.208105],[-68.715186,-52.255469],[-68.589795,-52.27334],[-68.460986,-52.29043],[-68.443359,-52.356641],[-69.007227,-52.262695],[-69.133789,-52.211426],[-69.241016,-52.205469],[-69.446875,-52.269434],[-69.560596,-52.421582],[-69.620312,-52.464746],[-69.76333,-52.505566],[-69.907227,-52.513574],[-70.390967,-52.66084],[-70.562939,-52.673438],[-70.680322,-52.7125],[-70.795117,-52.76875],[-70.839063,-52.889551],[-70.821191,-52.963086],[-70.952051,-53.226953],[-70.984326,-53.373633],[-70.985107,-53.44834],[-70.947803,-53.57041],[-70.99585,-53.779297],[-71.082812,-53.825],[-71.297754,-53.883398],[-71.443896,-53.840918],[-71.693799,-53.803125],[-71.871875,-53.722656],[-72.100928,-53.66582],[-72.174414,-53.632324],[-72.376807,-53.471191],[-72.398242,-53.417773],[-72.412891,-53.350195],[-72.306055,-53.253711],[-72.248633,-53.24668],[-72.081152,-53.249609],[-71.941699,-53.234082],[-71.852734,-53.285742],[-71.828223,-53.39834],[-71.867334,-53.458398],[-71.902783,-53.495508],[-71.891699,-53.523535],[-71.791455,-53.48457],[-71.740527,-53.232617],[-71.400342,-53.107031],[-71.288965,-53.033691],[-71.180225,-52.920508],[-71.163281,-52.888086],[-71.155078,-52.845605],[-71.227148,-52.810645],[-71.387744,-52.764258],[-71.897998,-53.001758],[-72.129102,-53.064355],[-72.278027,-53.132324],[-72.458301,-53.254492],[-72.492578,-53.290625],[-72.530811,-53.37168],[-72.548926,-53.460742],[-72.726807,-53.42002],[-72.998389,-53.290723],[-73.052734,-53.243457],[-72.998242,-53.177246],[-72.915527,-53.121973],[-72.909912,-52.936523],[-72.88916,-52.871582],[-72.831885,-52.819531],[-72.727686,-52.762305],[-72.675977,-52.749023],[-72.63208,-52.773828],[-72.626611,-52.817578],[-72.453467,-52.814453],[-72.117578,-52.65],[-71.979297,-52.646094],[-71.79707,-52.682812],[-71.591211,-52.660742],[-71.55415,-52.643945],[-71.511279,-52.605371],[-71.664746,-52.560059],[-71.811914,-52.537012],[-72.225684,-52.520996],[-72.315381,-52.538574],[-72.437695,-52.625781],[-72.478271,-52.604004],[-72.504395,-52.560059],[-72.644824,-52.529102],[-72.712109,-52.535547],[-72.776562,-52.577441],[-72.766016,-52.642578],[-72.801904,-52.712402],[-72.931885,-52.781641],[-73.020264,-52.891797],[-73.016113,-52.977441],[-73.022998,-53.02207],[-73.055469,-53.045605],[-73.122461,-53.073926],[-73.338184,-53.054687],[-73.459863,-52.964844],[-73.50752,-52.903516],[-73.645215,-52.837012],[-73.345947,-52.754297],[-73.24082,-52.707129],[-73.144824,-52.601953],[-73.073193,-52.535059],[-73.123926,-52.487988],[-73.183789,-52.487891],[-73.178174,-52.562695],[-73.244141,-52.624023],[-73.382129,-52.595117],[-73.585693,-52.685742],[-73.71084,-52.661523],[-73.914697,-52.688184],[-74.014453,-52.639355],[-74.03584,-52.577246],[-73.999902,-52.512598],[-74.037354,-52.40293],[-74.093506,-52.37627],[-74.15083,-52.38252],[-74.176562,-52.317187],[-74.238477,-52.202344],[-74.265967,-52.171289],[-74.295654,-52.117871],[-74.264941,-52.104883],[-74.194922,-52.120215],[-74.133545,-52.154785],[-74.040234,-52.15918],[-73.834473,-52.233984],[-73.749121,-52.216016],[-73.702783,-52.198828],[-73.6854,-52.136719],[-73.684326,-52.077734],[-73.649023,-52.077734],[-73.532227,-52.153125],[-73.457959,-52.145996],[-73.326758,-52.165918],[-73.260449,-52.157813],[-73.137354,-52.129687],[-72.943701,-52.046875],[-72.843213,-51.961133],[-72.79502,-51.949512],[-72.7354,-51.960547],[-72.695459,-51.985156],[-72.694824,-52.044727],[-72.649561,-52.099902],[-72.587988,-52.145117],[-72.57085,-52.200098],[-72.583447,-52.254199],[-72.693604,-52.330273],[-72.714014,-52.356738],[-72.677051,-52.384668],[-72.631494,-52.371582],[-72.568701,-52.333984],[-72.53291,-52.282324],[-72.52334,-52.255469],[-72.519336,-52.21709],[-72.524121,-52.170313],[-72.613574,-52.037012],[-72.624756,-52.006934],[-72.624609,-51.946484],[-72.522852,-51.890918],[-72.494141,-51.847559],[-72.489648,-51.763672],[-72.542529,-51.706152],[-72.76123,-51.573242],[-73.126758,-51.439941],[-73.16875,-51.453906],[-73.197021,-51.478027],[-73.163379,-51.495605],[-73.11499,-51.504492],[-72.789355,-51.614258],[-72.70459,-51.67793],[-72.649072,-51.69502],[-72.583301,-51.737305],[-72.600049,-51.799121],[-72.928369,-51.859863],[-73.188672,-51.990625],[-73.383252,-52.07002],[-73.518164,-52.041016],[-73.582324,-51.960352],[-73.650293,-51.85625],[-73.752637,-51.795508],[-73.810645,-51.801172],[-73.857568,-51.789941],[-73.894434,-51.757812],[-73.973242,-51.784473],[-74.146436,-51.712109],[-74.19668,-51.680566],[-74.06958,-51.578711],[-73.929785,-51.617871],[-73.895898,-51.331445],[-73.939502,-51.266309],[-74.12124,-51.19541],[-74.210498,-51.20459],[-74.332324,-51.19502],[-74.414355,-51.1625],[-74.507861,-51.149609],[-74.586865,-51.130664],[-74.690088,-51.086523],[-74.814746,-51.062891],[-74.983105,-50.881055],[-75.055322,-50.785547],[-75.094678,-50.68125],[-74.836621,-50.678906],[-74.685742,-50.662012],[-74.648926,-50.618457],[-74.702051,-50.535352],[-74.775879,-50.469922],[-74.72168,-50.408496],[-74.644482,-50.360937],[-74.564111,-50.382031],[-74.365576,-50.487891],[-74.331445,-50.55957],[-74.190186,-50.778027],[-74.156104,-50.797461],[-74.139404,-50.817773],[-73.847461,-50.940039],[-73.806543,-50.938379],[-73.824609,-50.83584],[-73.740576,-50.69668],[-73.659033,-50.650684],[-73.618164,-50.651172],[-73.613965,-50.62793],[-73.693262,-50.57002],[-73.654443,-50.492676],[-73.679932,-50.490234],[-73.750195,-50.539844],[-73.891504,-50.782715],[-73.978027,-50.827051],[-74.096729,-50.71709],[-74.164111,-50.637891],[-74.197217,-50.609766],[-74.185596,-50.485352],[-73.950342,-50.510547],[-74.031055,-50.469824],[-74.305566,-50.398047],[-74.374121,-50.362988],[-74.425098,-50.350195],[-74.516406,-50.265625],[-74.62959,-50.194043],[-74.434326,-50.065234],[-74.33374,-49.974609],[-74.019434,-50.022754],[-73.958594,-49.994727],[-74.01123,-49.928516],[-74.073291,-49.948535],[-74.171338,-49.907324],[-74.323926,-49.783398],[-74.31875,-49.720117],[-74.29082,-49.604102],[-74.230371,-49.579297],[-74.102002,-49.555371],[-73.955518,-49.593066],[-73.891553,-49.62373],[-73.836377,-49.609375],[-73.89248,-49.523437],[-73.988037,-49.490918],[-74.094434,-49.429687],[-74.083496,-49.361816],[-74.049219,-49.305664],[-74.023438,-49.244141],[-74.005615,-49.158008],[-74.015381,-49.090918],[-73.984766,-49.059961],[-73.937891,-49.046094],[-73.934961,-49.020898],[-74.027734,-49.026172],[-74.061328,-49.111035],[-74.073877,-49.188379],[-74.139795,-49.250488],[-74.167871,-49.320508],[-74.18457,-49.404395],[-74.221289,-49.500586],[-74.301514,-49.463965],[-74.348535,-49.42627],[-74.366553,-49.400488],[-74.358154,-49.351367],[-74.37998,-49.047852],[-74.382129,-48.793652],[-74.341016,-48.595703],[-74.227686,-48.516992],[-74.176221,-48.494141],[-74.129297,-48.504199],[-74.056934,-48.503613],[-74.009082,-48.475],[-74.171533,-48.427441],[-74.270068,-48.45459],[-74.342969,-48.492578],[-74.474414,-48.463965],[-74.499414,-48.362305],[-74.577197,-48.274414],[-74.590723,-48.161914],[-74.584668,-47.999023],[-74.400488,-48.013086],[-74.250439,-48.044922],[-73.853809,-48.042188],[-73.528174,-48.198242],[-73.384473,-48.177344],[-73.391064,-48.145898],[-73.500977,-48.106641],[-73.56958,-48.019336],[-73.609912,-47.993945],[-73.628906,-47.941504],[-73.635107,-47.880371],[-73.715869,-47.655469],[-73.748242,-47.661328],[-73.779248,-47.738477],[-73.84668,-47.866992],[-73.940869,-47.929395],[-74.084766,-47.954688],[-74.227051,-47.968945],[-74.350586,-47.944336],[-74.379346,-47.891211],[-74.376221,-47.829687],[-74.429688,-47.799609],[-74.569238,-47.772949],[-74.608887,-47.758008],[-74.654932,-47.702246],[-74.588428,-47.617969],[-74.533789,-47.567676],[-74.466895,-47.577637],[-74.403564,-47.600391],[-74.322559,-47.666699],[-74.242969,-47.679297],[-74.151953,-47.62666],[-74.134082,-47.59082],[-74.191016,-47.568359],[-74.24292,-47.559668],[-74.323682,-47.531445],[-74.482666,-47.430469],[-74.403271,-47.327539],[-74.215674,-47.20957],[-74.158398,-47.18252],[-74.208057,-47.083105],[-74.151904,-46.974414],[-74.209473,-46.884766],[-74.313574,-46.788184],[-74.454199,-46.766797],[-74.484424,-46.79502],[-74.489355,-46.83457],[-74.466992,-46.864355],[-74.480176,-46.88584],[-74.512256,-46.885156],[-74.69082,-46.863965],[-74.810645,-46.799707],[-75.005957,-46.741113],[-75.031445,-46.695312],[-75.052539,-46.628027],[-74.98418,-46.512109],[-75.01875,-46.510547],[-75.145752,-46.600098],[-75.337402,-46.64707],[-75.478418,-46.662402],[-75.540332,-46.69873],[-75.565088,-46.728711],[-75.527588,-46.746387],[-75.445996,-46.750781],[-75.386426,-46.862695],[-75.401221,-46.905664],[-75.430371,-46.93457],[-75.496631,-46.940137],[-75.635254,-46.862793],[-75.708105,-46.775],[-75.706396,-46.705273],[-75.656787,-46.610352],[-75.436914,-46.483008],[-75.376025,-46.429102],[-75.247021,-46.369336],[-75.074854,-46.23457],[-74.924463,-46.159668],[-74.997656,-46.097656],[-75.074512,-46.004492],[-75.066699,-45.874902],[-74.763135,-45.823633],[-74.630664,-45.844727],[-74.462793,-45.840723],[-74.369141,-45.809668],[-74.301172,-45.803027],[-74.157861,-45.767187],[-74.096191,-45.716797],[-74.081836,-45.67832],[-74.08252,-45.644727],[-74.099268,-45.603418],[-74.122705,-45.496191],[-74.098926,-45.460352],[-74.037549,-45.417676],[-73.957178,-45.404395],[-73.920312,-45.407715],[-73.825,-45.446875],[-73.844141,-45.502441],[-73.882324,-45.569336],[-73.960254,-45.835254],[-73.999512,-45.895312],[-74.061035,-45.947363],[-74.019922,-46.055859],[-74.081543,-46.131836],[-74.356787,-46.212695],[-74.392969,-46.217383],[-74.372461,-46.246289],[-74.213135,-46.239453],[-74.089746,-46.222363],[-73.967578,-46.154102],[-73.929199,-46.049902],[-73.878711,-45.846875],[-73.812549,-45.818164],[-73.735254,-45.811719],[-73.694873,-45.85957],[-73.70791,-45.966699],[-73.708154,-46.070313],[-73.810645,-46.377344],[-73.934814,-46.500684],[-73.948633,-46.533105],[-73.94375,-46.571582],[-73.845361,-46.566016],[-73.770264,-46.499805],[-73.716211,-46.415234],[-73.662061,-46.297461],[-73.668213,-46.212109],[-73.65166,-46.159277],[-73.629443,-45.986523],[-73.591846,-45.899121],[-73.594336,-45.776855],[-73.661963,-45.730762],[-73.756592,-45.702832],[-73.780371,-45.62793],[-73.730762,-45.47998],[-73.549902,-45.483789],[-73.378564,-45.382813],[-73.266211,-45.346191],[-73.202344,-45.353809],[-72.978174,-45.451172],[-72.933838,-45.452344],[-72.94082,-45.417285],[-72.975537,-45.392578],[-73.063867,-45.359766],[-73.226367,-45.255176],[-73.444971,-45.238184],[-73.404883,-45.102344],[-73.362451,-44.978223],[-73.256445,-44.961035],[-73.078418,-44.920215],[-72.738965,-44.73418],[-72.680078,-44.593945],[-72.663867,-44.436426],[-72.827539,-44.39541],[-73.001025,-44.292383],[-73.140967,-44.2375],[-73.265088,-44.168652],[-73.240723,-44.065723],[-73.224463,-43.897949],[-73.068799,-43.862012],[-72.996582,-43.631543],[-73.100977,-43.455176],[-73.075977,-43.323633],[-72.93999,-43.211328],[-72.915479,-43.133594],[-72.878027,-43.048145],[-72.758008,-43.039453],[-72.755371,-42.992969],[-72.766016,-42.908203],[-72.844971,-42.808008],[-72.848047,-42.669141],[-72.773926,-42.505176],[-72.654834,-42.516602],[-72.631836,-42.509668],[-72.716309,-42.410449],[-72.785156,-42.30127],[-72.773242,-42.257715],[-72.707373,-42.220508],[-72.631055,-42.199805],[-72.548438,-42.255762],[-72.430273,-42.433887],[-72.412354,-42.388184],[-72.460107,-42.206641],[-72.499414,-41.980859],[-72.623975,-42.010547],[-72.738184,-41.994629],[-72.781201,-41.95957],[-72.824072,-41.908789],[-72.783838,-41.846777],[-72.743701,-41.800586],[-72.659863,-41.74248],[-72.486035,-41.72207],[-72.3604,-41.649121],[-72.318262,-41.499023],[-72.359473,-41.513867],[-72.427734,-41.645898],[-72.542383,-41.690625],[-72.60083,-41.684082],[-72.669775,-41.659375],[-72.805127,-41.544336],[-72.87998,-41.517578],[-72.952832,-41.514746],[-73.01499,-41.543848],[-73.174072,-41.746582],[-73.241797,-41.780859],[-73.521289,-41.79707],[-73.624023,-41.773633],[-73.735156,-41.74248],[-73.721875,-41.69248],[-73.688086,-41.639258],[-73.625049,-41.611914],[-73.623926,-41.581348],[-73.710645,-41.573633],[-73.810742,-41.51748],[-73.855029,-41.446387],[-73.876172,-41.319336],[-73.965869,-41.118262],[-73.983594,-40.974316],[-73.920312,-40.871582],[-73.784033,-40.468457],[-73.74248,-40.262988],[-73.669434,-40.082324],[-73.670996,-39.963184],[-73.482227,-39.854297],[-73.4104,-39.78916],[-73.249902,-39.422363],[-73.226465,-39.224414],[-73.480762,-38.624023],[-73.520215,-38.509375],[-73.532568,-38.366797],[-73.471875,-38.130078],[-73.464795,-38.040332],[-73.516748,-37.910547],[-73.661816,-37.698535],[-73.6646,-37.59043],[-73.603418,-37.479102],[-73.662402,-37.341016],[-73.633643,-37.255469],[-73.60166,-37.188477],[-73.374561,-37.224316],[-73.271094,-37.207422],[-73.215967,-37.166895],[-73.172852,-37.053516],[-73.15127,-36.876172],[-73.137793,-36.799902],[-73.118066,-36.688379],[-73.006592,-36.643457],[-72.967822,-36.537793],[-72.874561,-36.39043],[-72.778418,-35.978516],[-72.683398,-35.876953],[-72.587354,-35.759668],[-72.623926,-35.585742],[-72.562061,-35.505371],[-72.505176,-35.446973],[-72.45498,-35.34082],[-72.386719,-35.24043],[-72.223779,-35.096191],[-72.182422,-34.920215],[-72.055957,-34.61582],[-72.030762,-34.420508],[-71.991504,-34.288477],[-72.002832,-34.165332],[-71.926855,-34.015625],[-71.853955,-33.889551],[-71.830957,-33.819531],[-71.664355,-33.652637],[-71.636279,-33.519238],[-71.695508,-33.429004],[-71.696582,-33.289062],[-71.742969,-33.095117],[-71.635547,-33.022559],[-71.592041,-32.969531],[-71.452246,-32.65957],[-71.461426,-32.537891],[-71.421289,-32.386816],[-71.513037,-32.20791],[-71.525879,-31.805859],[-71.577295,-31.496387],[-71.661963,-31.169531],[-71.653906,-30.986621],[-71.705664,-30.759277],[-71.708936,-30.628027],[-71.669482,-30.330371],[-71.400391,-30.142969],[-71.348047,-29.933203],[-71.315723,-29.649707],[-71.326709,-29.443164],[-71.353271,-29.350391],[-71.48584,-29.198242],[-71.519238,-28.926465],[-71.493604,-28.855273],[-71.384082,-28.778711],[-71.306738,-28.672461],[-71.266846,-28.50752],[-71.186426,-28.377832],[-71.154492,-28.064063],[-71.086523,-27.814453],[-71.052637,-27.727344],[-70.945801,-27.617871],[-70.925781,-27.588672],[-70.909277,-27.505176],[-70.914258,-27.30791],[-70.8979,-27.1875],[-70.812744,-26.950586],[-70.80293,-26.840918],[-70.708398,-26.596973],[-70.686963,-26.421777],[-70.646582,-26.329395],[-70.662256,-26.225391],[-70.635449,-25.992676],[-70.699609,-25.861133],[-70.713721,-25.78418],[-70.633008,-25.545605],[-70.578125,-25.4875],[-70.489502,-25.376465],[-70.452197,-25.251855],[-70.445361,-25.172656],[-70.558643,-24.778516],[-70.574121,-24.644336],[-70.546436,-24.331641],[-70.507422,-24.129687],[-70.520068,-23.968555],[-70.507422,-23.885742],[-70.487793,-23.781738],[-70.409961,-23.655566],[-70.392334,-23.565918],[-70.419629,-23.528516],[-70.511963,-23.482812],[-70.588135,-23.368359],[-70.593359,-23.255469],[-70.568848,-23.17334],[-70.563184,-23.057031],[-70.449658,-23.03418],[-70.38916,-22.969629],[-70.331689,-22.848633],[-70.259521,-22.556055],[-70.228516,-22.193164],[-70.185449,-21.974609],[-70.155078,-21.866602],[-70.12959,-21.64082],[-70.087549,-21.493066],[-70.080029,-21.356836],[-70.088379,-21.253223],[-70.197021,-20.725391],[-70.193652,-20.531445],[-70.147461,-20.229785],[-70.148145,-19.805078],[-70.157422,-19.705859],[-70.19834,-19.612988],[-70.2104,-19.486914],[-70.275781,-19.267578],[-70.334863,-18.827539],[-70.336084,-18.595215],[-70.361621,-18.398047],[-70.418262,-18.345605],[-70.37749,-18.333594],[-70.282275,-18.325391],[-70.183789,-18.325195],[-70.059082,-18.283496],[-69.926367,-18.206055],[-69.839697,-18.093457],[-69.802588,-17.990234],[-69.802441,-17.9],[-69.841504,-17.785156],[-69.8521,-17.703809],[-69.806104,-17.664941],[-69.684766,-17.649805],[-69.586426,-17.573242],[-69.510937,-17.506055],[-69.49502,-17.619531],[-69.358008,-17.77168],[-69.313379,-17.943164],[-69.282324,-17.964844],[-69.093945,-18.050488],[-69.09043,-18.070703],[-69.118066,-18.102734],[-69.145459,-18.144043],[-69.126367,-18.202441],[-69.092285,-18.282422],[-69.080957,-18.356641],[-69.060156,-18.433008],[-69.039404,-18.550098],[-69.026807,-18.65625],[-68.978857,-18.812988],[-68.969092,-18.909668],[-68.968311,-18.967969],[-68.931006,-19.025195],[-68.857959,-19.093359],[-68.759082,-19.162207],[-68.680664,-19.242383],[-68.620557,-19.29668],[-68.547852,-19.341113],[-68.491992,-19.381934],[-68.470166,-19.409961],[-68.462891,-19.432813],[-68.487012,-19.454395],[-68.575293,-19.560156],[-68.698291,-19.721094],[-68.696191,-19.740723],[-68.578271,-19.856543],[-68.559375,-19.902344],[-68.560693,-19.96709],[-68.600195,-20.044922],[-68.72749,-20.069629],[-68.755811,-20.09082],[-68.759326,-20.115527],[-68.730029,-20.148437],[-68.73457,-20.225195],[-68.688574,-20.310059],[-68.712305,-20.338965],[-68.759229,-20.378027],[-68.760547,-20.416211],[-68.745166,-20.458594],[-68.695801,-20.492969],[-68.499854,-20.612012],[-68.484326,-20.628418],[-68.487402,-20.640723],[-68.563184,-20.720117],[-68.571045,-20.769141],[-68.568945,-20.849805],[-68.558252,-20.901953],[-68.533838,-20.923633],[-68.435498,-20.948242],[-68.313867,-21.129688],[-68.197021,-21.300293],[-68.198535,-21.447266],[-68.186426,-21.618555],[-68.112158,-21.753027],[-68.101807,-21.860645],[-68.076758,-21.982813],[-67.988379,-22.057129],[-67.953906,-22.204004],[-67.944922,-22.282227],[-67.950391,-22.333691],[-67.881738,-22.493359],[-67.87373,-22.630566],[-67.88999,-22.729199],[-67.88916,-22.78418],[-67.879443,-22.822949],[-67.820508,-22.857715],[-67.794434,-22.879492],[-67.707324,-22.88916]]]]}},{"type":"Feature","properties":{"name":"Argentina","cartodb_id":9,"created_at":"2013-11-27T20:16:22+0100","updated_at":"2013-11-27T20:16:23+0100"},"geometry":{"type":"MultiPolygon","coordinates":[[[[-64.54917,-54.716211],[-64.438818,-54.739355],[-64.220508,-54.721973],[-64.105322,-54.72168],[-64.054932,-54.729883],[-64.032422,-54.742383],[-63.881934,-54.722949],[-63.81543,-54.725098],[-63.832568,-54.767969],[-63.97124,-54.810645],[-64.02832,-54.792578],[-64.3229,-54.796484],[-64.453271,-54.840332],[-64.508691,-54.839941],[-64.637354,-54.902539],[-64.731445,-54.862988],[-64.757324,-54.826562],[-64.689209,-54.774707],[-64.625098,-54.773633],[-64.581348,-54.752734],[-64.54917,-54.716211]]],[[[-68.278223,-52.983984],[-68.240137,-53.081836],[-68.333008,-53.019629],[-68.431152,-53.055273],[-68.479492,-53.11377],[-68.520801,-53.177246],[-68.520508,-53.221875],[-68.488525,-53.260937],[-68.393115,-53.294922],[-68.161133,-53.306445],[-68.144092,-53.319043],[-68.008496,-53.564062],[-67.940283,-53.61875],[-67.861084,-53.662207],[-67.678125,-53.787109],[-67.502588,-53.921973],[-67.294238,-54.049805],[-67.069482,-54.148047],[-66.865137,-54.222559],[-66.670068,-54.313574],[-66.462012,-54.441016],[-66.235645,-54.533496],[-65.992578,-54.598926],[-65.74707,-54.653418],[-65.369287,-54.632129],[-65.251953,-54.638086],[-65.179004,-54.678125],[-65.252344,-54.788867],[-65.345996,-54.87793],[-65.471143,-54.914648],[-65.60332,-54.928125],[-65.722754,-54.926367],[-65.841992,-54.909961],[-65.95376,-54.919336],[-66.060645,-54.956738],[-66.172021,-54.975293],[-66.286768,-54.977734],[-66.398682,-55.009375],[-66.511133,-55.032129],[-66.627686,-55.013281],[-66.930469,-54.924902],[-67.1271,-54.903809],[-67.793262,-54.868652],[-68.007129,-54.848438],[-68.220117,-54.817578],[-68.331689,-54.816309],[-68.491016,-54.83623],[-68.618652,-54.833789],[-68.653223,-54.853613],[-68.64751,-54.627832],[-68.639795,-54.324023],[-68.638232,-54.05293],[-68.63667,-53.788867],[-68.635059,-53.51543],[-68.633447,-53.241895],[-68.631689,-52.949512],[-68.629932,-52.652637],[-68.571191,-52.694922],[-68.33877,-52.900098],[-68.278223,-52.983984]]],[[[-61.875781,-39.171875],[-61.865967,-39.234863],[-61.918018,-39.227441],[-62.041602,-39.166895],[-62.083301,-39.110156],[-62.093018,-39.08623],[-61.96665,-39.112207],[-61.907129,-39.135645],[-61.875781,-39.171875]]],[[[-65.771045,-22.099609],[-65.686182,-22.110254],[-65.518799,-22.094531],[-65.484863,-22.098145],[-65.057812,-22.102734],[-64.992627,-22.109668],[-64.843066,-22.143945],[-64.758643,-22.171289],[-64.700098,-22.185547],[-64.605518,-22.228809],[-64.523633,-22.371582],[-64.477734,-22.485352],[-64.445508,-22.585352],[-64.373975,-22.761035],[-64.325293,-22.827637],[-64.30791,-22.795312],[-64.266406,-22.60332],[-64.209082,-22.491309],[-64.131836,-22.36582],[-63.976123,-22.072559],[-63.92168,-22.028613],[-63.861035,-22.007227],[-63.818652,-22.005469],[-63.775586,-22.027246],[-63.716943,-22.027539],[-63.675342,-22.004297],[-63.267188,-22.000586],[-62.843359,-21.997266],[-62.834277,-21.999121],[-62.815088,-22.049609],[-62.74458,-22.159863],[-62.665283,-22.217969],[-62.650977,-22.233691],[-62.625684,-22.261523],[-62.625977,-22.29043],[-62.541553,-22.349609],[-62.37251,-22.43916],[-62.21416,-22.612402],[-62.066602,-22.869434],[-61.928027,-23.059277],[-61.798535,-23.182031],[-61.679492,-23.26875],[-61.570996,-23.319434],[-61.513037,-23.360449],[-61.505518,-23.391992],[-61.403955,-23.45752],[-61.208398,-23.557031],[-61.084717,-23.656445],[-61.03291,-23.755664],[-60.839844,-23.858105],[-60.505371,-23.963574],[-60.262207,-24.013965],[-60.110303,-24.00918],[-59.89248,-24.093555],[-59.608594,-24.266797],[-59.4354,-24.387012],[-59.372949,-24.453906],[-59.187256,-24.562305],[-58.724023,-24.786621],[-58.519629,-24.842871],[-58.422803,-24.894141],[-58.365381,-24.959277],[-58.308691,-24.979102],[-58.252783,-24.953809],[-58.136475,-24.977148],[-57.959814,-25.049219],[-57.82168,-25.136426],[-57.643896,-25.328418],[-57.587158,-25.405078],[-57.563135,-25.47373],[-57.57168,-25.53418],[-57.62583,-25.59873],[-57.725488,-25.667188],[-57.754785,-25.69707],[-57.75708,-25.725977],[-57.782471,-25.783691],[-57.865234,-25.906934],[-57.88623,-25.964258],[-57.890625,-26.006543],[-57.943115,-26.05293],[-58.082422,-26.138574],[-58.111133,-26.180176],[-58.118066,-26.224902],[-58.135645,-26.251465],[-58.154688,-26.262598],[-58.181494,-26.307422],[-58.203027,-26.381445],[-58.205176,-26.476562],[-58.187939,-26.592578],[-58.191309,-26.62998],[-58.22207,-26.65],[-58.239355,-26.676855],[-58.245557,-26.731055],[-58.27168,-26.770703],[-58.317676,-26.795898],[-58.334668,-26.824902],[-58.322559,-26.857617],[-58.356445,-26.890039],[-58.436328,-26.921973],[-58.485254,-26.968457],[-58.503223,-27.029492],[-58.547705,-27.083984],[-58.618604,-27.132129],[-58.641748,-27.196094],[-58.604834,-27.314355],[-58.168262,-27.273437],[-57.812207,-27.316602],[-57.39126,-27.430469],[-57.111816,-27.470117],[-56.973975,-27.435742],[-56.871729,-27.440625],[-56.805176,-27.484668],[-56.715723,-27.49375],[-56.603369,-27.467871],[-56.510547,-27.487891],[-56.437158,-27.553809],[-56.370508,-27.537402],[-56.310547,-27.43877],[-56.241699,-27.366797],[-56.164063,-27.321484],[-56.067334,-27.307715],[-55.951465,-27.325684],[-55.859033,-27.361914],[-55.78999,-27.416406],[-55.714648,-27.414844],[-55.63291,-27.357129],[-55.593799,-27.288086],[-55.597266,-27.207617],[-55.564893,-27.15],[-55.496729,-27.115332],[-55.450635,-27.068359],[-55.42666,-27.009277],[-55.345801,-26.973145],[-55.208008,-26.960156],[-55.135938,-26.931152],[-55.129639,-26.886035],[-55.088867,-26.844531],[-55.013623,-26.806641],[-54.962158,-26.759375],[-54.934473,-26.702539],[-54.888916,-26.666797],[-54.825488,-26.652246],[-54.755078,-26.53291],[-54.677734,-26.308789],[-54.631934,-26.005762],[-54.615869,-25.576074],[-54.537842,-25.576465],[-54.501514,-25.608301],[-54.443945,-25.625],[-54.38335,-25.588672],[-54.331885,-25.571875],[-54.250098,-25.57041],[-54.206152,-25.52959],[-54.15459,-25.523047],[-54.119238,-25.545215],[-54.08501,-25.571875],[-54.012305,-25.57793],[-53.954785,-25.647656],[-53.891162,-25.668848],[-53.864209,-25.748828],[-53.823242,-25.95957],[-53.746924,-26.083691],[-53.671289,-26.225098],[-53.668555,-26.288184],[-53.710938,-26.351855],[-53.718164,-26.443164],[-53.74458,-26.666504],[-53.75332,-26.748633],[-53.727148,-26.804688],[-53.717285,-26.882812],[-53.758496,-26.97832],[-53.838184,-27.121094],[-53.915625,-27.15957],[-53.935352,-27.161133],[-54.040137,-27.24375],[-54.113818,-27.274707],[-54.156445,-27.253809],[-54.205225,-27.289648],[-54.260156,-27.382031],[-54.327002,-27.423535],[-54.448145,-27.446484],[-54.484326,-27.457324],[-54.554932,-27.454102],[-54.61543,-27.477148],[-54.665869,-27.526563],[-54.719727,-27.544922],[-54.7771,-27.53252],[-54.829102,-27.550586],[-54.875732,-27.599219],[-54.902783,-27.651953],[-54.910205,-27.708594],[-54.955908,-27.747168],[-55.039941,-27.767773],[-55.068994,-27.796289],[-55.063867,-27.835937],[-55.101514,-27.866797],[-55.24375,-27.898828],[-55.346484,-27.955957],[-55.409814,-28.037793],[-55.47666,-28.089355],[-55.582373,-28.120996],[-55.725488,-28.204102],[-55.745996,-28.255469],[-55.691504,-28.302832],[-55.671973,-28.344922],[-55.687256,-28.381641],[-55.731982,-28.386621],[-55.806055,-28.359766],[-55.858887,-28.354199],[-55.890527,-28.37002],[-55.90542,-28.399609],[-55.903662,-28.443262],[-55.930176,-28.472852],[-55.984912,-28.488574],[-56.019629,-28.524609],[-56.034229,-28.580859],[-56.102881,-28.651758],[-56.225537,-28.737207],[-56.322363,-28.852441],[-56.393262,-28.997266],[-56.475977,-29.09248],[-56.570703,-29.138086],[-56.63584,-29.203027],[-56.671533,-29.287305],[-56.772461,-29.417871],[-56.938623,-29.594824],[-57.089355,-29.716211],[-57.224658,-29.782129],[-57.300684,-29.856543],[-57.31748,-29.939453],[-57.405225,-30.033887],[-57.563867,-30.139941],[-57.608887,-30.187793],[-57.645752,-30.226953],[-57.650879,-30.29502],[-57.712695,-30.384473],[-57.831201,-30.495215],[-57.87251,-30.591016],[-57.818555,-30.712012],[-57.810596,-30.858594],[-57.834082,-30.91748],[-57.886328,-30.937402],[-57.898291,-30.975195],[-57.870068,-31.031055],[-57.868408,-31.104395],[-57.893359,-31.195312],[-57.94834,-31.299414],[-58.033398,-31.416602],[-58.053857,-31.494922],[-58.009668,-31.534375],[-57.987988,-31.576172],[-57.988867,-31.620605],[-58.006982,-31.684961],[-58.042334,-31.769238],[-58.09585,-31.831836],[-58.16748,-31.872656],[-58.189014,-31.924219],[-58.1604,-31.986523],[-58.156348,-32.051562],[-58.177002,-32.119043],[-58.164795,-32.184863],[-58.119727,-32.248926],[-58.123047,-32.321875],[-58.201172,-32.47168],[-58.219971,-32.563965],[-58.170996,-32.959277],[-58.200781,-33.014648],[-58.250391,-33.07832],[-58.308887,-33.08291],[-58.375977,-33.071875],[-58.424463,-33.111523],[-58.454834,-33.285937],[-58.547217,-33.663477],[-58.530566,-33.753027],[-58.456592,-33.89834],[-58.429492,-33.990918],[-58.409033,-34.060742],[-58.39248,-34.192969],[-58.435498,-34.252539],[-58.475244,-34.262988],[-58.525488,-34.296191],[-58.466211,-34.457422],[-58.418945,-34.531641],[-58.28335,-34.683496],[-57.763574,-34.894531],[-57.547852,-35.018945],[-57.303662,-35.188477],[-57.170654,-35.3625],[-57.158887,-35.505957],[-57.353906,-35.720312],[-57.375488,-35.900293],[-57.335449,-36.026758],[-57.26499,-36.144141],[-57.076172,-36.296777],[-56.937158,-36.352539],[-56.749463,-36.346484],[-56.717383,-36.389062],[-56.698096,-36.426465],[-56.668262,-36.735254],[-56.672021,-36.85127],[-56.727148,-36.957715],[-57.087695,-37.446387],[-57.395752,-37.744629],[-57.507275,-37.909277],[-57.546973,-38.085645],[-57.645605,-38.169629],[-58.179199,-38.43584],[-59.007227,-38.67334],[-59.67627,-38.79668],[-59.82832,-38.838184],[-60.903955,-38.973926],[-61.112207,-38.992969],[-61.382861,-38.980859],[-61.602539,-38.998828],[-61.8479,-38.961816],[-62.066895,-38.919141],[-62.189258,-38.813281],[-62.334766,-38.800098],[-62.374463,-38.85293],[-62.303613,-38.988086],[-62.338086,-39.150586],[-62.295068,-39.243262],[-62.209082,-39.261816],[-62.126465,-39.309766],[-62.053662,-39.373828],[-62.179346,-39.380469],[-62.130566,-39.431543],[-62.076807,-39.461523],[-62.082764,-39.568359],[-62.131543,-39.825391],[-62.253955,-39.880469],[-62.286914,-39.895313],[-62.323975,-39.950684],[-62.401855,-40.196582],[-62.427002,-40.355957],[-62.393604,-40.458789],[-62.246338,-40.674609],[-62.301855,-40.814648],[-62.39502,-40.89082],[-62.797998,-41.047168],[-62.959033,-41.109668],[-63.212842,-41.152441],[-63.621777,-41.159766],[-63.772998,-41.15],[-64.123193,-41.007812],[-64.383447,-40.922461],[-64.621484,-40.854492],[-64.852979,-40.81377],[-64.819873,-40.793262],[-64.804395,-40.756543],[-64.869482,-40.73584],[-64.916895,-40.731348],[-65.069434,-40.805273],[-65.133398,-40.880664],[-65.151855,-40.946973],[-65.15498,-41.105664],[-65.127881,-41.23877],[-65.018262,-41.566895],[-65.007031,-41.745117],[-65.059082,-41.969922],[-64.986377,-42.102051],[-64.898047,-42.161816],[-64.699512,-42.220801],[-64.622461,-42.261035],[-64.537744,-42.25459],[-64.511719,-42.270215],[-64.524219,-42.299219],[-64.574121,-42.355957],[-64.570996,-42.416016],[-64.42041,-42.433789],[-64.2646,-42.42168],[-64.100879,-42.395117],[-64.062207,-42.353418],[-64.061182,-42.266113],[-64.25293,-42.250781],[-64.228516,-42.218262],[-64.083252,-42.182813],[-63.892871,-42.124609],[-63.795557,-42.113867],[-63.729492,-42.15293],[-63.684766,-42.188672],[-63.629883,-42.282715],[-63.595898,-42.406543],[-63.594434,-42.555566],[-63.617334,-42.695801],[-63.644482,-42.745703],[-63.69248,-42.805273],[-64.034766,-42.88125],[-64.130664,-42.861426],[-64.219922,-42.755566],[-64.247949,-42.646094],[-64.324268,-42.572266],[-64.487842,-42.513477],[-64.650488,-42.531445],[-64.811963,-42.633203],[-64.970703,-42.666309],[-65.026904,-42.758887],[-64.629199,-42.908984],[-64.441553,-42.950684],[-64.380371,-42.949219],[-64.319141,-42.968945],[-64.375684,-43.024609],[-64.432227,-43.05918],[-64.715234,-43.135547],[-64.839941,-43.188867],[-64.985547,-43.293555],[-65.189746,-43.52207],[-65.252344,-43.571875],[-65.283594,-43.62998],[-65.304687,-43.7875],[-65.238574,-44.04873],[-65.308398,-44.158203],[-65.265527,-44.279687],[-65.289844,-44.360742],[-65.361279,-44.477344],[-65.647607,-44.661426],[-65.69834,-44.796191],[-65.599121,-44.875586],[-65.605713,-44.94502],[-65.63877,-45.007812],[-65.757715,-45.007129],[-66.190137,-44.964746],[-66.347754,-45.033594],[-66.493604,-45.117578],[-66.533447,-45.157813],[-66.585059,-45.18291],[-66.882471,-45.227637],[-66.941406,-45.257324],[-67.257617,-45.577246],[-67.393018,-45.775586],[-67.556641,-45.970117],[-67.599561,-46.052539],[-67.608887,-46.166797],[-67.586084,-46.269531],[-67.563379,-46.34541],[-67.506445,-46.442773],[-67.386621,-46.553809],[-66.776855,-47.005859],[-66.650391,-47.045312],[-65.998535,-47.09375],[-65.853662,-47.156738],[-65.769092,-47.256738],[-65.738086,-47.344922],[-65.775391,-47.568359],[-65.814307,-47.638184],[-65.886328,-47.701562],[-66.040625,-47.783301],[-66.225244,-47.826758],[-66.172363,-47.857617],[-66.097363,-47.853223],[-65.934229,-47.826758],[-65.863672,-47.853223],[-65.810059,-47.941113],[-65.912158,-47.976758],[-65.943408,-48.019336],[-66.017187,-48.084277],[-66.393359,-48.342383],[-66.596289,-48.419531],[-66.782813,-48.522949],[-67.033105,-48.627734],[-67.130957,-48.687891],[-67.26333,-48.814258],[-67.466309,-48.951758],[-67.684863,-49.24668],[-67.693701,-49.304004],[-67.661963,-49.342188],[-67.783496,-49.858887],[-67.825977,-49.919629],[-67.913965,-49.984473],[-68.145654,-50.091406],[-68.257227,-50.10459],[-68.404639,-50.042676],[-68.487891,-49.97793],[-68.569287,-49.866992],[-68.667578,-49.752539],[-68.672656,-49.793457],[-68.638477,-49.862988],[-68.661621,-49.935742],[-68.912988,-49.96875],[-68.97959,-50.003027],[-68.752686,-49.987695],[-68.597949,-50.009473],[-68.532568,-50.036133],[-68.47373,-50.091406],[-68.421875,-50.15791],[-68.46543,-50.194727],[-68.589355,-50.225195],[-68.749854,-50.281152],[-68.939453,-50.382324],[-69.044775,-50.499121],[-69.090186,-50.583105],[-69.141406,-50.752539],[-69.15498,-50.864453],[-69.235156,-50.950586],[-69.358594,-51.028125],[-69.351758,-51.045801],[-69.267969,-51.006152],[-69.201025,-50.993652],[-69.143506,-51.096973],[-69.065723,-51.303516],[-69.02959,-51.446484],[-69.035303,-51.488965],[-69.058301,-51.547168],[-69.218066,-51.56123],[-69.360547,-51.559473],[-69.46543,-51.584473],[-69.409082,-51.610254],[-69.313037,-51.601074],[-69.180127,-51.662305],[-69.03252,-51.63623],[-68.965332,-51.677148],[-68.916797,-51.714648],[-68.69082,-52.013086],[-68.493506,-52.197559],[-68.39375,-52.307031],[-68.443359,-52.356641],[-68.460986,-52.29043],[-68.589795,-52.27334],[-68.715186,-52.255469],[-68.924561,-52.208105],[-69.206201,-52.136133],[-69.488428,-52.136133],[-69.712598,-52.075391],[-69.960254,-52.008203],[-70.482861,-52.002246],[-70.943164,-51.998145],[-71.414746,-51.993945],[-71.716602,-51.991309],[-71.918652,-51.989551],[-71.971094,-51.96416],[-71.953467,-51.880371],[-72.028418,-51.818652],[-72.136963,-51.744043],[-72.268994,-51.691113],[-72.334521,-51.620313],[-72.407666,-51.54082],[-72.366406,-51.470313],[-72.303223,-51.298926],[-72.301855,-51.22334],[-72.35918,-51.17041],[-72.376807,-51.09541],[-72.35918,-51.060156],[-72.307373,-51.033398],[-72.276318,-50.910254],[-72.300635,-50.789551],[-72.340234,-50.681836],[-72.392578,-50.634277],[-72.460156,-50.611719],[-72.509814,-50.60752],[-72.62041,-50.647656],[-72.803613,-50.637695],[-72.865918,-50.653125],[-72.955566,-50.696484],[-73.082373,-50.760352],[-73.15293,-50.738281],[-73.174512,-50.67002],[-73.221631,-50.610742],[-73.251611,-50.558496],[-73.27417,-50.472559],[-73.311719,-50.361914],[-73.386621,-50.231152],[-73.50127,-50.125293],[-73.507715,-50.030273],[-73.528906,-49.910938],[-73.47041,-49.794531],[-73.504541,-49.698047],[-73.57627,-49.58291],[-73.554199,-49.463867],[-73.483643,-49.397656],[-73.461572,-49.313867],[-73.135254,-49.300684],[-73.148877,-49.187988],[-73.09458,-49.096875],[-73.033643,-49.014355],[-72.981738,-48.976758],[-72.86543,-48.943945],[-72.728467,-48.896289],[-72.65127,-48.841602],[-72.614404,-48.792871],[-72.591748,-48.729688],[-72.585938,-48.6625],[-72.608398,-48.519336],[-72.582861,-48.475391],[-72.498145,-48.417383],[-72.354736,-48.36582],[-72.293018,-48.229102],[-72.32832,-48.110059],[-72.40791,-48.015918],[-72.509082,-47.97334],[-72.51792,-47.876367],[-72.472217,-47.78418],[-72.412598,-47.685547],[-72.341504,-47.57207],[-72.345947,-47.492676],[-72.28291,-47.446289],[-72.103418,-47.342773],[-72.041699,-47.241406],[-71.978516,-47.213867],[-71.90498,-47.20166],[-71.900537,-47.144336],[-71.954248,-47.0875],[-71.962988,-47.016016],[-71.956641,-46.936816],[-71.940234,-46.83125],[-71.856445,-46.791602],[-71.732715,-46.705859],[-71.699658,-46.651367],[-71.695215,-46.578418],[-71.731299,-46.427832],[-71.762109,-46.319824],[-71.777637,-46.27998],[-71.834131,-46.206738],[-71.875684,-46.160547],[-71.809277,-46.102734],[-71.684473,-46.041895],[-71.631543,-45.953711],[-71.680078,-45.878711],[-71.750635,-45.839062],[-71.772656,-45.724414],[-71.746191,-45.578906],[-71.693311,-45.534766],[-71.508105,-45.512695],[-71.49043,-45.437695],[-71.349316,-45.331934],[-71.35376,-45.230469],[-71.443457,-45.168262],[-71.531299,-45.067871],[-71.596289,-44.979199],[-71.812354,-44.930664],[-72.041699,-44.904199],[-72.07251,-44.82041],[-72.063721,-44.771875],[-71.957031,-44.791504],[-71.782812,-44.774414],[-71.65166,-44.77041],[-71.5604,-44.762012],[-71.455176,-44.749805],[-71.358154,-44.785156],[-71.261133,-44.763086],[-71.221484,-44.630762],[-71.159717,-44.560254],[-71.150879,-44.494043],[-71.212598,-44.441211],[-71.325732,-44.424902],[-71.82002,-44.383105],[-71.835059,-44.330176],[-71.830762,-44.241406],[-71.812109,-44.150781],[-71.812354,-44.106055],[-71.767188,-44.066699],[-71.716162,-43.984473],[-71.680078,-43.92959],[-71.715967,-43.858398],[-71.794727,-43.753223],[-71.737402,-43.704687],[-71.732764,-43.646777],[-71.750635,-43.590137],[-71.832422,-43.527148],[-71.90498,-43.440137],[-71.90498,-43.347559],[-71.820215,-43.322949],[-71.763867,-43.294629],[-71.750635,-43.237305],[-71.781494,-43.166797],[-71.898584,-43.145312],[-72.054687,-43.101953],[-72.102393,-43.065625],[-72.146436,-42.990039],[-72.113623,-42.776758],[-72.130029,-42.648242],[-72.143701,-42.577148],[-72.10542,-42.522461],[-72.053467,-42.473242],[-72.078125,-42.358496],[-72.124609,-42.29834],[-72.108203,-42.251855],[-72.064404,-42.205371],[-72.026123,-42.147949],[-71.993311,-42.134277],[-71.944092,-42.16709],[-71.860791,-42.147852],[-71.760937,-42.101465],[-71.75,-42.046777],[-71.77002,-41.968555],[-71.844482,-41.771973],[-71.911279,-41.650391],[-71.897607,-41.606641],[-71.871143,-41.560547],[-71.892187,-41.393359],[-71.885596,-41.292383],[-71.880713,-40.994629],[-71.873047,-40.892969],[-71.941357,-40.78916],[-71.932129,-40.691699],[-71.883789,-40.620605],[-71.838525,-40.524414],[-71.804639,-40.43916],[-71.769141,-40.400879],[-71.708984,-40.381738],[-71.695313,-40.335254],[-71.722656,-40.299707],[-71.800586,-40.244336],[-71.818311,-40.17666],[-71.801953,-40.124707],[-71.763672,-40.094629],[-71.704395,-40.094922],[-71.659766,-40.020801],[-71.647119,-39.929199],[-71.637891,-39.886816],[-71.67207,-39.833301],[-71.696826,-39.707031],[-71.719922,-39.635254],[-71.692578,-39.605176],[-71.654297,-39.594238],[-71.587012,-39.611133],[-71.539453,-39.602441],[-71.53125,-39.56416],[-71.525781,-39.523145],[-71.507764,-39.495215],[-71.465381,-39.402344],[-71.42002,-39.287207],[-71.409375,-39.205957],[-71.425586,-38.985645],[-71.401562,-38.935059],[-71.353174,-38.888867],[-71.285742,-38.84541],[-71.197266,-38.809375],[-71.087109,-38.75752],[-70.951611,-38.738477],[-70.896924,-38.681055],[-70.858643,-38.604492],[-70.847656,-38.541602],[-70.899658,-38.497852],[-70.967969,-38.445898],[-71.000488,-38.314844],[-71.018164,-38.193945],[-71.028174,-38.041211],[-71.096191,-37.909961],[-71.167578,-37.762305],[-71.186719,-37.631055],[-71.162842,-37.55918],[-71.134814,-37.445117],[-71.164893,-37.393262],[-71.200391,-37.300293],[-71.163477,-37.227441],[-71.118408,-37.114355],[-71.123828,-37.056934],[-71.159375,-36.920215],[-71.192188,-36.843652],[-71.159375,-36.761621],[-71.107422,-36.685059],[-71.066406,-36.644043],[-71.073242,-36.578027],[-71.055518,-36.52373],[-70.97793,-36.487305],[-70.905127,-36.419922],[-70.853174,-36.411719],[-70.790283,-36.411719],[-70.749268,-36.392578],[-70.732861,-36.340625],[-70.721924,-36.283203],[-70.621875,-36.211914],[-70.563379,-36.146387],[-70.456738,-36.132715],[-70.404785,-36.061719],[-70.403662,-35.970508],[-70.415723,-35.878516],[-70.380176,-35.771875],[-70.419727,-35.60918],[-70.415723,-35.523047],[-70.456738,-35.451953],[-70.448535,-35.375391],[-70.47041,-35.326172],[-70.532324,-35.30791],[-70.555176,-35.246875],[-70.525098,-35.216797],[-70.466602,-35.193652],[-70.393164,-35.146875],[-70.338135,-34.921777],[-70.312109,-34.85498],[-70.286768,-34.774512],[-70.289941,-34.732812],[-70.254687,-34.672656],[-70.210693,-34.58125],[-70.14126,-34.492871],[-70.101465,-34.432031],[-70.062988,-34.35],[-70.052051,-34.300781],[-70.002832,-34.27627],[-69.946338,-34.269922],[-69.879785,-34.254395],[-69.852441,-34.224316],[-69.857373,-34.180469],[-69.861523,-34.083594],[-69.881494,-33.929785],[-69.894336,-33.731348],[-69.882568,-33.600977],[-69.83877,-33.469727],[-69.797754,-33.398633],[-69.808691,-33.343945],[-69.819629,-33.283789],[-69.896191,-33.250977],[-69.969043,-33.279395],[-70.019824,-33.271484],[-70.084863,-33.201758],[-70.104004,-33.12793],[-70.093066,-33.026758],[-70.042139,-32.963672],[-70.021973,-32.88457],[-70.052051,-32.859961],[-70.116162,-32.807422],[-70.176953,-32.626074],[-70.169629,-32.47168],[-70.229785,-32.430664],[-70.257812,-32.309961],[-70.32002,-32.266699],[-70.344629,-32.176465],[-70.36377,-32.083496],[-70.355566,-32.042383],[-70.290918,-32.031055],[-70.254395,-31.957715],[-70.281738,-31.916602],[-70.330957,-31.881055],[-70.393848,-31.883789],[-70.450146,-31.841895],[-70.525635,-31.666406],[-70.585205,-31.569434],[-70.566406,-31.42793],[-70.554688,-31.317383],[-70.529053,-31.222852],[-70.51958,-31.148438],[-70.473096,-31.112793],[-70.429395,-31.129297],[-70.388379,-31.121094],[-70.350586,-31.060449],[-70.309082,-31.022656],[-70.311816,-30.992578],[-70.336426,-30.959766],[-70.348145,-30.902344],[-70.319238,-30.833984],[-70.269385,-30.677246],[-70.193945,-30.504688],[-70.161426,-30.440234],[-70.169629,-30.385547],[-70.153223,-30.360937],[-70.102002,-30.388281],[-69.956348,-30.358203],[-69.907129,-30.281641],[-69.888037,-30.213281],[-69.844287,-30.175],[-69.863379,-30.120312],[-69.923535,-30.103906],[-69.959961,-30.07832],[-69.945459,-30.016406],[-69.924121,-29.874023],[-69.927637,-29.769141],[-69.982617,-29.54541],[-70.026807,-29.324023],[-69.995605,-29.25],[-69.900342,-29.148828],[-69.827881,-29.103223],[-69.814844,-29.045508],[-69.743164,-28.783887],[-69.734912,-28.641113],[-69.687891,-28.562012],[-69.656934,-28.413574],[-69.527148,-28.285645],[-69.488867,-28.200879],[-69.436914,-28.192676],[-69.40957,-28.165332],[-69.340723,-28.070801],[-69.251221,-27.973633],[-69.174414,-27.924707],[-69.155273,-27.848145],[-69.118506,-27.743555],[-69.042187,-27.57002],[-68.999414,-27.449023],[-68.941992,-27.405176],[-68.875098,-27.24668],[-68.846338,-27.153711],[-68.769775,-27.11543],[-68.709619,-27.104492],[-68.652197,-27.14834],[-68.59209,-27.140039],[-68.537354,-27.085352],[-68.405371,-27.048145],[-68.345996,-27.02793],[-68.318652,-26.973242],[-68.318652,-26.877539],[-68.37334,-26.806445],[-68.485107,-26.670313],[-68.581152,-26.518359],[-68.591602,-26.47041],[-68.592187,-26.418066],[-68.575781,-26.351953],[-68.529834,-26.276953],[-68.414502,-26.153711],[-68.426758,-26.06543],[-68.51084,-25.741016],[-68.541895,-25.651563],[-68.600293,-25.485645],[-68.59209,-25.42002],[-68.54082,-25.236719],[-68.496338,-25.162988],[-68.430713,-25.149316],[-68.395215,-25.124707],[-68.384229,-25.091895],[-68.428027,-25.050977],[-68.447119,-24.998926],[-68.466309,-24.925195],[-68.527051,-24.899219],[-68.562012,-24.837695],[-68.562012,-24.747363],[-68.507275,-24.629785],[-68.447119,-24.596973],[-68.422559,-24.545117],[-68.358105,-24.497266],[-68.299512,-24.460352],[-68.250293,-24.391992],[-68.047363,-24.308301],[-67.88623,-24.243359],[-67.571777,-24.118945],[-67.356201,-24.033789],[-67.335596,-23.974805],[-67.319141,-23.934668],[-67.219141,-23.633984],[-67.089746,-23.245117],[-67.008789,-23.001367],[-67.194873,-22.82168],[-67.161914,-22.773828],[-67.05542,-22.650879],[-67.033545,-22.552246],[-66.991113,-22.509863],[-66.800293,-22.409668],[-66.76748,-22.343066],[-66.750635,-22.269336],[-66.711719,-22.216309],[-66.639014,-22.205371],[-66.506982,-22.158398],[-66.365186,-22.11377],[-66.322461,-22.053125],[-66.282129,-21.947461],[-66.247607,-21.830469],[-66.220166,-21.802539],[-66.174658,-21.805664],[-66.098584,-21.835059],[-66.058594,-21.879492],[-65.860156,-22.019727],[-65.771045,-22.099609]]]]}},{"type":"Feature","properties":{"name":"Bolivia","cartodb_id":32,"created_at":"2013-11-27T20:16:22+0100","updated_at":"2013-11-27T20:16:23+0100"},"geometry":{"type":"Polygon","coordinates":[[[-58.159766,-20.164648],[-58.139941,-19.998828],[-58.160059,-19.854883],[-58.180176,-19.817871],[-58.474219,-19.646094],[-58.741113,-19.490234],[-59.090527,-19.28623],[-59.540869,-19.291797],[-60.007373,-19.297559],[-60.451611,-19.38877],[-60.88877,-19.478516],[-61.095996,-19.520996],[-61.511816,-19.606445],[-61.756836,-19.645313],[-61.820898,-19.809473],[-61.916943,-20.055371],[-62.011816,-20.199023],[-62.121631,-20.349902],[-62.276318,-20.5625],[-62.276514,-20.820801],[-62.27666,-21.066016],[-62.385449,-21.411719],[-62.477832,-21.705273],[-62.566943,-21.988672],[-62.628516,-22.183984],[-62.650977,-22.233691],[-62.665283,-22.217969],[-62.74458,-22.159863],[-62.815088,-22.049609],[-62.834277,-21.999121],[-62.843359,-21.997266],[-63.267187,-22.000586],[-63.675342,-22.004297],[-63.716943,-22.027539],[-63.775586,-22.027246],[-63.818652,-22.005469],[-63.861035,-22.007227],[-63.92168,-22.028613],[-63.976123,-22.072559],[-64.131836,-22.36582],[-64.209082,-22.491309],[-64.266406,-22.60332],[-64.30791,-22.795313],[-64.325293,-22.827637],[-64.373975,-22.761035],[-64.445508,-22.585352],[-64.477734,-22.485352],[-64.523633,-22.371582],[-64.605518,-22.228809],[-64.700098,-22.185547],[-64.758643,-22.171289],[-64.843066,-22.143945],[-64.992627,-22.109668],[-65.057812,-22.102734],[-65.484863,-22.098145],[-65.518799,-22.094531],[-65.686182,-22.110254],[-65.771045,-22.099609],[-65.860156,-22.019727],[-66.058594,-21.879492],[-66.098584,-21.835059],[-66.174658,-21.805664],[-66.220166,-21.802539],[-66.247607,-21.830469],[-66.282129,-21.947461],[-66.322461,-22.053125],[-66.365186,-22.11377],[-66.506982,-22.158398],[-66.639014,-22.205371],[-66.711719,-22.216309],[-66.750635,-22.269336],[-66.76748,-22.343066],[-66.800293,-22.409668],[-66.991113,-22.509863],[-67.033545,-22.552246],[-67.05542,-22.650879],[-67.161914,-22.773828],[-67.194873,-22.82168],[-67.362256,-22.855176],[-67.579932,-22.891699],[-67.707324,-22.88916],[-67.794434,-22.879492],[-67.820508,-22.857715],[-67.879443,-22.822949],[-67.88916,-22.78418],[-67.88999,-22.729199],[-67.87373,-22.630566],[-67.881738,-22.493359],[-67.950391,-22.333691],[-67.944922,-22.282227],[-67.953906,-22.204004],[-67.988379,-22.057129],[-68.076758,-21.982813],[-68.101807,-21.860645],[-68.112158,-21.753027],[-68.186426,-21.618555],[-68.198535,-21.447266],[-68.197021,-21.300293],[-68.313867,-21.129688],[-68.435498,-20.948242],[-68.533838,-20.923633],[-68.558252,-20.901953],[-68.568945,-20.849805],[-68.571045,-20.769141],[-68.563184,-20.720117],[-68.487402,-20.640723],[-68.484326,-20.628418],[-68.499854,-20.612012],[-68.695801,-20.492969],[-68.745166,-20.458594],[-68.760547,-20.416211],[-68.759229,-20.378027],[-68.712305,-20.338965],[-68.688574,-20.310059],[-68.73457,-20.225195],[-68.730029,-20.148438],[-68.759326,-20.115527],[-68.755811,-20.09082],[-68.72749,-20.069629],[-68.600195,-20.044922],[-68.560693,-19.96709],[-68.559375,-19.902344],[-68.578271,-19.856543],[-68.696191,-19.740723],[-68.698291,-19.721094],[-68.575293,-19.560156],[-68.487012,-19.454395],[-68.462891,-19.432813],[-68.470166,-19.409961],[-68.491992,-19.381934],[-68.547852,-19.341113],[-68.620557,-19.29668],[-68.680664,-19.242383],[-68.759082,-19.162207],[-68.857959,-19.093359],[-68.931006,-19.025195],[-68.968311,-18.967969],[-68.969092,-18.909668],[-68.978857,-18.812988],[-69.026807,-18.65625],[-69.039404,-18.550098],[-69.060156,-18.433008],[-69.080957,-18.356641],[-69.092285,-18.282422],[-69.126367,-18.202441],[-69.145459,-18.144043],[-69.118066,-18.102734],[-69.09043,-18.070703],[-69.093945,-18.050488],[-69.282324,-17.964844],[-69.313379,-17.943164],[-69.358008,-17.77168],[-69.49502,-17.619531],[-69.510937,-17.506055],[-69.511084,-17.504883],[-69.510986,-17.460352],[-69.521924,-17.388965],[-69.563818,-17.33291],[-69.625879,-17.294434],[-69.645703,-17.248535],[-69.624854,-17.200195],[-69.50332,-17.104785],[-69.43833,-17.088379],[-69.421094,-17.040039],[-69.381543,-17.001367],[-69.267236,-16.860938],[-69.199805,-16.768457],[-69.13252,-16.713086],[-69.054541,-16.674316],[-69.020703,-16.642188],[-69.038379,-16.542676],[-69.03291,-16.475977],[-69.00625,-16.433691],[-68.928027,-16.389063],[-68.857812,-16.354785],[-68.842773,-16.337891],[-68.848828,-16.312793],[-68.913477,-16.261914],[-69.04624,-16.217676],[-69.13418,-16.221973],[-69.187988,-16.182813],[-69.217578,-16.149121],[-69.391895,-15.736914],[-69.420898,-15.640625],[-69.418506,-15.603418],[-69.301904,-15.399414],[-69.254297,-15.33291],[-69.172461,-15.236621],[-69.187109,-15.19873],[-69.330713,-15.038965],[-69.374707,-14.962988],[-69.37373,-14.8875],[-69.359473,-14.795313],[-69.276025,-14.745898],[-69.252344,-14.671094],[-69.234912,-14.59707],[-69.199268,-14.572559],[-69.162695,-14.530957],[-69.119727,-14.470313],[-69.052783,-14.417578],[-69.013135,-14.377246],[-69.004492,-14.265039],[-68.971777,-14.234375],[-68.880322,-14.198828],[-68.870898,-14.169727],[-68.891699,-14.094336],[-68.937451,-14.014648],[-68.974268,-13.975977],[-69.023047,-13.780273],[-69.074121,-13.682813],[-69.052832,-13.643945],[-69.017529,-13.594434],[-68.983447,-13.496387],[-68.972266,-13.382324],[-68.980518,-12.962598],[-68.978613,-12.880078],[-68.93374,-12.82207],[-68.867676,-12.755176],[-68.811816,-12.72959],[-68.759082,-12.687207],[-68.762891,-12.607715],[-68.728125,-12.560742],[-68.685254,-12.501953],[-68.818701,-12.27041],[-68.936035,-12.066797],[-69.046191,-11.875684],[-69.17373,-11.654297],[-69.257715,-11.508594],[-69.362012,-11.327539],[-69.453613,-11.16875],[-69.578613,-10.951758],[-69.462549,-10.948145],[-69.228516,-10.955664],[-69.00166,-10.994336],[-68.84834,-11.011133],[-68.784082,-11.044629],[-68.769922,-11.097656],[-68.72749,-11.122461],[-68.678369,-11.112793],[-68.622656,-11.10918],[-68.49834,-11.054785],[-68.397998,-11.01875],[-68.311133,-10.975195],[-68.266602,-10.933105],[-68.158643,-10.785059],[-68.07168,-10.703125],[-67.991699,-10.674414],[-67.83501,-10.662793],[-67.785693,-10.686035],[-67.721777,-10.683105],[-67.66665,-10.598926],[-67.582422,-10.505957],[-67.416943,-10.389844],[-67.332715,-10.35791],[-67.280469,-10.317285],[-67.190479,-10.311426],[-67.111523,-10.268945],[-66.72998,-9.975488],[-66.575342,-9.899902],[-66.478906,-9.886133],[-66.399219,-9.868164],[-66.263574,-9.826074],[-65.924707,-9.785449],[-65.706787,-9.768457],[-65.637109,-9.809082],[-65.558691,-9.797461],[-65.491992,-9.731738],[-65.436768,-9.710449],[-65.396143,-9.712402],[-65.337891,-9.790234],[-65.309326,-9.872656],[-65.328125,-9.935547],[-65.324561,-10.026953],[-65.298584,-10.146777],[-65.313086,-10.253027],[-65.395459,-10.392285],[-65.436914,-10.449023],[-65.447119,-10.507422],[-65.43999,-10.58623],[-65.402295,-10.714746],[-65.334033,-10.892773],[-65.323779,-11.024805],[-65.371582,-11.110352],[-65.393604,-11.184277],[-65.389893,-11.246289],[-65.372852,-11.289941],[-65.342383,-11.315039],[-65.325488,-11.364746],[-65.322021,-11.43916],[-65.282275,-11.511035],[-65.206201,-11.580566],[-65.175391,-11.646875],[-65.189746,-11.710059],[-65.185742,-11.749512],[-65.163379,-11.765137],[-65.142676,-11.752344],[-65.115137,-11.735059],[-65.090283,-11.741211],[-65.037109,-11.829395],[-65.030273,-11.847363],[-65.001221,-11.92002],[-64.992529,-11.975195],[-64.914355,-12.005957],[-64.829883,-12.030273],[-64.783447,-12.059375],[-64.690039,-12.146484],[-64.61167,-12.203906],[-64.513428,-12.250977],[-64.480762,-12.326172],[-64.420508,-12.439746],[-64.255029,-12.483301],[-64.061621,-12.505078],[-63.938574,-12.529688],[-63.788086,-12.469434],[-63.688574,-12.478027],[-63.585645,-12.518945],[-63.541895,-12.54668],[-63.465234,-12.605176],[-63.34668,-12.680078],[-63.249756,-12.70791],[-63.180664,-12.666211],[-63.116797,-12.65166],[-63.06748,-12.669141],[-63.041357,-12.750391],[-63.015186,-12.805566],[-62.95791,-12.84707],[-62.835156,-12.953711],[-62.765479,-12.997266],[-62.687061,-12.994336],[-62.525537,-13.064258],[-62.352832,-13.132422],[-62.263916,-13.143652],[-62.176074,-13.133691],[-62.118018,-13.159766],[-62.094775,-13.241992],[-61.944727,-13.40625],[-61.874121,-13.47041],[-61.789941,-13.525586],[-61.575684,-13.524805],[-61.511572,-13.541211],[-61.416064,-13.526563],[-61.12915,-13.498535],[-61.077002,-13.489746],[-60.914502,-13.561426],[-60.722363,-13.664355],[-60.595312,-13.745313],[-60.506592,-13.789844],[-60.460156,-13.862402],[-60.422363,-13.937988],[-60.40498,-14.019238],[-60.428076,-14.1],[-60.462988,-14.132422],[-60.474658,-14.184766],[-60.460156,-14.263086],[-60.39624,-14.332813],[-60.372705,-14.41875],[-60.338037,-14.570508],[-60.298877,-14.618555],[-60.27334,-15.08877],[-60.402002,-15.092773],[-60.583203,-15.09834],[-60.530469,-15.143164],[-60.380469,-15.318262],[-60.242334,-15.47959],[-60.22041,-15.738672],[-60.206641,-15.901953],[-60.187207,-16.132129],[-60.175586,-16.269336],[-59.831152,-16.281738],[-59.434277,-16.295996],[-58.957275,-16.313184],[-58.537939,-16.328223],[-58.496582,-16.32666],[-58.423682,-16.30791],[-58.375391,-16.283594],[-58.345605,-16.284375],[-58.340576,-16.339941],[-58.350781,-16.410254],[-58.350391,-16.49082],[-58.470605,-16.650195],[-58.478125,-16.700684],[-58.459814,-16.910742],[-58.417383,-17.080566],[-58.395996,-17.234277],[-58.347754,-17.282129],[-58.205566,-17.363086],[-57.990918,-17.512891],[-57.905029,-17.532324],[-57.832471,-17.512109],[-57.788867,-17.573047],[-57.780176,-17.671777],[-57.66167,-17.947363],[-57.586475,-18.122266],[-57.552051,-18.183105],[-57.495654,-18.214648],[-57.506152,-18.237305],[-57.553125,-18.246484],[-57.574023,-18.279297],[-57.63916,-18.475],[-57.725,-18.733203],[-57.783105,-18.914258],[-57.730859,-18.917188],[-57.728613,-18.967383],[-57.716797,-19.044043],[-57.781445,-19.053516],[-57.800391,-19.080957],[-57.874512,-19.229492],[-57.97168,-19.424219],[-58.072021,-19.625293],[-58.131494,-19.744531],[-58.029932,-19.832715],[-57.860742,-19.97959],[-57.887598,-20.02041],[-57.960156,-20.040723],[-58.021143,-20.055176],[-58.067627,-20.110352],[-58.09375,-20.151074],[-58.159766,-20.164648]]]}},{"type":"Feature","properties":{"name":"Colombia","cartodb_id":48,"created_at":"2013-11-27T20:16:22+0100","updated_at":"2013-11-27T20:16:23+0100"},"geometry":{"type":"MultiPolygon","coordinates":[[[[-78.113721,2.541748],[-78.14082,2.519678],[-78.19248,2.559277],[-78.210107,2.60918],[-78.178418,2.646338],[-78.137646,2.63418],[-78.119141,2.603613],[-78.113721,2.541748]]],[[[-71.262109,12.335303],[-71.155029,12.16416],[-71.137305,12.046338],[-71.28418,11.918311],[-71.319727,11.861914],[-71.355566,11.849756],[-71.400195,11.823535],[-71.536084,11.774072],[-71.719482,11.726855],[-71.958105,11.666406],[-72.012305,11.601953],[-72.248486,11.196436],[-72.446094,11.114258],[-72.518018,11.053906],[-72.572266,10.977148],[-72.690088,10.83584],[-72.73916,10.727197],[-72.869336,10.49126],[-72.940381,10.195752],[-72.967383,10.029736],[-73.006543,9.78916],[-73.064062,9.668213],[-73.14126,9.554639],[-73.224268,9.443604],[-73.295654,9.322021],[-73.356348,9.226855],[-73.366211,9.194141],[-73.336719,9.16792],[-73.193164,9.194141],[-73.136719,9.222803],[-73.058398,9.25957],[-73.009277,9.239941],[-72.960156,9.135156],[-72.904443,9.12207],[-72.8521,9.135156],[-72.796387,9.108984],[-72.725537,8.848291],[-72.66543,8.627588],[-72.525732,8.489697],[-72.416553,8.381982],[-72.390332,8.287061],[-72.36416,8.152783],[-72.357617,8.087305],[-72.391699,8.047705],[-72.446045,7.966113],[-72.45957,7.809863],[-72.468896,7.757959],[-72.478955,7.613232],[-72.471973,7.524268],[-72.442969,7.454883],[-72.394629,7.415088],[-72.296338,7.394531],[-72.207715,7.370264],[-72.156689,7.249707],[-72.084277,7.096875],[-72.006641,7.032617],[-71.892676,6.990332],[-71.811279,7.005811],[-71.620898,7.03291],[-71.457129,7.026367],[-71.217822,6.985205],[-71.128613,6.986719],[-71.013281,6.994434],[-70.810693,7.077588],[-70.737158,7.090039],[-70.655078,7.082764],[-70.535547,7.040527],[-70.470654,7.007129],[-70.3875,6.972607],[-70.266113,6.947949],[-70.188135,6.952051],[-70.129199,6.953613],[-70.09502,6.937939],[-69.904199,6.700244],[-69.738965,6.494385],[-69.594824,6.321484],[-69.439258,6.134912],[-69.427148,6.123975],[-69.35708,6.147998],[-69.31084,6.137598],[-69.268164,6.099707],[-69.194531,6.115332],[-69.089941,6.184375],[-68.937207,6.198193],[-68.736475,6.156787],[-68.471777,6.156543],[-68.143066,6.19751],[-67.938867,6.241943],[-67.85918,6.289893],[-67.727148,6.284961],[-67.568066,6.241797],[-67.481982,6.180273],[-67.471582,6.119775],[-67.439355,6.025537],[-67.473877,5.92998],[-67.575195,5.833105],[-67.631348,5.709375],[-67.642285,5.558789],[-67.694629,5.44751],[-67.788428,5.375488],[-67.824902,5.270459],[-67.804199,5.13252],[-67.814307,4.930811],[-67.855273,4.665479],[-67.855273,4.506885],[-67.814307,4.455078],[-67.79541,4.380713],[-67.798633,4.283887],[-67.783203,4.198242],[-67.732324,4.086523],[-67.661621,3.864258],[-67.602539,3.768799],[-67.551123,3.733838],[-67.498682,3.691113],[-67.347705,3.46377],[-67.311133,3.415869],[-67.322168,3.373975],[-67.336279,3.342627],[-67.353613,3.322656],[-67.514844,3.187256],[-67.834766,2.892822],[-67.86123,2.855322],[-67.859082,2.793604],[-67.766455,2.833301],[-67.667236,2.800195],[-67.618701,2.793604],[-67.59668,2.769336],[-67.568018,2.689941],[-67.534961,2.676758],[-67.486426,2.643652],[-67.391602,2.559912],[-67.312256,2.47168],[-67.252734,2.429443],[-67.21084,2.390137],[-67.197607,2.332764],[-67.215234,2.275488],[-67.165479,2.142578],[-67.131445,2.10127],[-67.113818,2.050586],[-67.131445,1.999854],[-67.089551,1.940332],[-67.043896,1.823193],[-66.988135,1.680176],[-66.981543,1.600781],[-66.95835,1.564209],[-66.931104,1.458008],[-66.884473,1.358252],[-66.895508,1.289893],[-66.876025,1.223047],[-67.065234,1.178369],[-67.082275,1.1854],[-67.093652,1.21001],[-67.088281,1.400586],[-67.090137,1.615576],[-67.119238,1.703613],[-67.205811,1.844824],[-67.320605,2.03208],[-67.351953,2.08584],[-67.400439,2.116699],[-67.457764,2.121143],[-67.499658,2.10791],[-67.556055,2.072998],[-67.609229,2.035059],[-67.711865,1.922119],[-67.815088,1.790088],[-67.875537,1.760596],[-67.93623,1.748486],[-67.989746,1.752539],[-68.032861,1.788037],[-68.077051,1.860107],[-68.130273,1.955762],[-68.193799,1.987012],[-68.218359,1.957617],[-68.239453,1.901367],[-68.255957,1.845508],[-68.213281,1.774561],[-68.176562,1.719824],[-68.239551,1.72168],[-68.443457,1.721582],[-68.678467,1.721484],[-68.913184,1.721387],[-69.124268,1.721289],[-69.319727,1.72124],[-69.394336,1.725781],[-69.470166,1.75791],[-69.54292,1.773242],[-69.58125,1.770752],[-69.650049,1.739453],[-69.7396,1.734863],[-69.799951,1.705176],[-69.848584,1.70874],[-69.849463,1.543896],[-69.850781,1.308789],[-69.852148,1.059521],[-69.798145,1.078418],[-69.751318,1.076611],[-69.716992,1.059082],[-69.620898,1.073242],[-69.567578,1.065771],[-69.517139,1.059473],[-69.470312,1.058594],[-69.441504,1.038818],[-69.402783,1.042383],[-69.361377,1.064014],[-69.311816,1.050488],[-69.258691,1.015381],[-69.224463,0.963135],[-69.193848,0.898291],[-69.163232,0.864063],[-69.165039,0.801953],[-69.165967,0.75332],[-69.176758,0.712842],[-69.163232,0.68667],[-69.15332,0.658789],[-69.156055,0.642529],[-69.174072,0.635352],[-69.212793,0.629932],[-69.254199,0.625439],[-69.283008,0.627246],[-69.305518,0.652441],[-69.327148,0.655176],[-69.358643,0.651562],[-69.391992,0.666895],[-69.420801,0.698389],[-69.472119,0.729932],[-69.527051,0.716406],[-69.564844,0.700195],[-69.603613,0.680371],[-69.638721,0.659668],[-69.673828,0.665088],[-69.718896,0.649805],[-69.756738,0.626367],[-69.807129,0.607471],[-69.862061,0.598486],[-69.925098,0.589404],[-69.985449,0.58584],[-70.053906,0.578613],[-70.05791,0.447363],[-70.065723,0.189355],[-70.070947,0.018555],[-70.070508,-0.138867],[-70.044043,-0.196191],[-69.922754,-0.31748],[-69.82793,-0.381348],[-69.747461,-0.452539],[-69.66748,-0.482422],[-69.633984,-0.509277],[-69.611914,-0.55332],[-69.600879,-0.599609],[-69.592041,-0.639355],[-69.600879,-0.68125],[-69.620703,-0.720898],[-69.611914,-0.762793],[-69.583252,-0.795898],[-69.574414,-0.837793],[-69.55459,-0.877441],[-69.543555,-0.917187],[-69.519287,-0.945801],[-69.488428,-0.965723],[-69.44873,-0.99873],[-69.444336,-1.02959],[-69.44873,-1.064941],[-69.449121,-1.091602],[-69.411426,-1.152246],[-69.400244,-1.194922],[-69.417871,-1.245703],[-69.434912,-1.42168],[-69.478613,-1.621973],[-69.506445,-1.774902],[-69.551855,-2.024219],[-69.604687,-2.314258],[-69.669043,-2.667676],[-69.732617,-3.016699],[-69.794141,-3.35459],[-69.849756,-3.659863],[-69.911035,-3.996582],[-69.948193,-4.200586],[-69.965918,-4.235938],[-70.017188,-4.162012],[-70.094775,-4.092188],[-70.167529,-4.050195],[-70.198389,-3.995117],[-70.240283,-3.882715],[-70.298438,-3.844238],[-70.339502,-3.814355],[-70.379199,-3.81875],[-70.421094,-3.849609],[-70.48584,-3.869336],[-70.529687,-3.866406],[-70.706201,-3.788965],[-70.735107,-3.781543],[-70.62168,-3.60459],[-70.418994,-3.288281],[-70.290137,-3.087305],[-70.14707,-2.864063],[-70.074023,-2.750195],[-70.064453,-2.730762],[-70.064746,-2.70166],[-70.09585,-2.658203],[-70.164746,-2.639844],[-70.244434,-2.606543],[-70.294629,-2.552539],[-70.36416,-2.529297],[-70.418213,-2.490723],[-70.516797,-2.453125],[-70.575879,-2.418262],[-70.647998,-2.405762],[-70.705371,-2.341992],[-70.914551,-2.218555],[-70.968555,-2.206836],[-71.027295,-2.225781],[-71.113379,-2.24541],[-71.196387,-2.313086],[-71.300098,-2.334863],[-71.396973,-2.334082],[-71.447461,-2.29375],[-71.496094,-2.279199],[-71.559473,-2.224219],[-71.671484,-2.182129],[-71.752539,-2.152734],[-71.802734,-2.166309],[-71.867285,-2.227734],[-71.932471,-2.288672],[-71.984277,-2.326562],[-72.053809,-2.324609],[-72.136816,-2.380664],[-72.218457,-2.400488],[-72.300732,-2.409277],[-72.395605,-2.428906],[-72.500684,-2.39502],[-72.586719,-2.365137],[-72.625342,-2.35166],[-72.660156,-2.361035],[-72.71416,-2.392188],[-72.81123,-2.405469],[-72.887158,-2.408496],[-72.941113,-2.394043],[-72.989648,-2.339746],[-73.068164,-2.312012],[-73.154492,-2.278223],[-73.172656,-2.208398],[-73.160205,-2.156348],[-73.126514,-2.081055],[-73.145215,-2.00332],[-73.181494,-1.880371],[-73.196973,-1.830273],[-73.223975,-1.787695],[-73.266455,-1.772266],[-73.349512,-1.783887],[-73.440283,-1.737402],[-73.496289,-1.693066],[-73.525244,-1.638867],[-73.494336,-1.536621],[-73.521387,-1.449707],[-73.575488,-1.401367],[-73.610254,-1.316406],[-73.664307,-1.248828],[-73.735742,-1.21416],[-73.807178,-1.217969],[-73.863184,-1.19668],[-73.926953,-1.125195],[-73.986816,-1.098145],[-74.054395,-1.028613],[-74.180762,-0.997754],[-74.246387,-0.970605],[-74.283887,-0.927832],[-74.334424,-0.850879],[-74.328613,-0.808398],[-74.353125,-0.766602],[-74.374902,-0.691406],[-74.417871,-0.580664],[-74.465186,-0.517676],[-74.513867,-0.470117],[-74.555078,-0.429883],[-74.616357,-0.37002],[-74.69165,-0.335254],[-74.755371,-0.298633],[-74.780469,-0.244531],[-74.801758,-0.200098],[-74.8375,-0.20332],[-74.888818,-0.199414],[-74.945312,-0.188184],[-75.00498,-0.155859],[-75.054687,-0.116699],[-75.138379,-0.050488],[-75.184082,-0.041748],[-75.224609,-0.041748],[-75.284473,-0.106543],[-75.463965,-0.038428],[-75.617334,0.062891],[-75.77666,0.089258],[-75.879785,0.150977],[-75.974854,0.247754],[-76.026172,0.313086],[-76.06792,0.345557],[-76.270605,0.439404],[-76.311035,0.448486],[-76.388184,0.40498],[-76.413379,0.378857],[-76.417969,0.303906],[-76.427295,0.26123],[-76.494629,0.235449],[-76.603027,0.240967],[-76.678516,0.268164],[-76.729004,0.272119],[-76.739307,0.25083],[-76.767725,0.24165],[-76.829346,0.247754],[-76.920117,0.268506],[-77.002441,0.29624],[-77.114111,0.355078],[-77.165723,0.347754],[-77.292676,0.3604],[-77.396338,0.393896],[-77.422754,0.424854],[-77.467676,0.636523],[-77.481396,0.651172],[-77.526123,0.660352],[-77.601318,0.689502],[-77.648633,0.723633],[-77.673193,0.782227],[-77.702881,0.837842],[-77.829541,0.825391],[-78.037012,0.89873],[-78.180664,0.968555],[-78.312109,1.046094],[-78.511523,1.198828],[-78.587646,1.23667],[-78.681641,1.283447],[-78.737109,1.358691],[-78.828857,1.434668],[-78.859668,1.455371],[-78.888477,1.524072],[-79.025439,1.623682],[-78.957666,1.752197],[-78.792969,1.84873],[-78.576904,1.773779],[-78.550439,1.923633],[-78.628613,2.05625],[-78.617041,2.306787],[-78.591699,2.356641],[-78.534717,2.423682],[-78.460449,2.470068],[-78.416895,2.483496],[-78.342871,2.460547],[-78.296143,2.510498],[-78.12002,2.488184],[-78.06665,2.509131],[-78.030176,2.543066],[-77.987207,2.568994],[-77.932275,2.629248],[-77.900781,2.698828],[-77.874512,2.725879],[-77.813574,2.716357],[-77.807959,2.746387],[-77.77666,2.787305],[-77.67002,2.878857],[-77.671094,2.919336],[-77.700977,3.007568],[-77.693652,3.039941],[-77.632031,3.051172],[-77.559131,3.075977],[-77.520264,3.160254],[-77.472217,3.233789],[-77.417139,3.341797],[-77.356543,3.348584],[-77.324414,3.474756],[-77.242773,3.585352],[-77.076807,3.913281],[-77.126855,3.906055],[-77.166602,3.862256],[-77.212012,3.867432],[-77.263525,3.893213],[-77.248389,4.040967],[-77.278027,4.058496],[-77.358203,3.944727],[-77.427295,4.060449],[-77.433545,4.130957],[-77.404492,4.200781],[-77.40874,4.247754],[-77.520703,4.212793],[-77.515527,4.256299],[-77.44585,4.301025],[-77.414258,4.347607],[-77.353516,4.398291],[-77.32832,4.475],[-77.313672,4.593848],[-77.286328,4.721729],[-77.306543,4.784668],[-77.339453,4.838525],[-77.366748,5.076563],[-77.35918,5.215186],[-77.373291,5.323975],[-77.401758,5.416162],[-77.534424,5.537109],[-77.324609,5.675635],[-77.249268,5.780176],[-77.344678,5.995361],[-77.469434,6.176758],[-77.473047,6.285645],[-77.440088,6.271729],[-77.398242,6.275],[-77.359863,6.504492],[-77.368799,6.575586],[-77.438867,6.690332],[-77.525977,6.693115],[-77.602148,6.837305],[-77.64585,6.869629],[-77.680957,6.9604],[-77.803711,7.137256],[-77.901172,7.229346],[-77.82832,7.442822],[-77.764697,7.483691],[-77.743896,7.536963],[-77.76875,7.668066],[-77.761914,7.698828],[-77.746924,7.711865],[-77.732031,7.710938],[-77.706348,7.691211],[-77.658594,7.634619],[-77.618604,7.564551],[-77.586572,7.543066],[-77.538281,7.56626],[-77.350781,7.705859],[-77.362744,7.749072],[-77.345605,7.836523],[-77.282959,7.908154],[-77.215967,7.93252],[-77.195996,7.972461],[-77.212305,8.033887],[-77.282617,8.187061],[-77.345508,8.269531],[-77.385889,8.35166],[-77.407275,8.427246],[-77.478516,8.498438],[-77.44834,8.565869],[-77.393066,8.644678],[-77.374219,8.658301],[-77.344141,8.636719],[-77.261572,8.493701],[-77.130127,8.400586],[-76.992285,8.250342],[-76.93584,8.146826],[-76.890967,8.127979],[-76.851855,8.090479],[-76.869092,8.062695],[-76.912207,8.033398],[-76.924658,7.973193],[-76.896631,7.939453],[-76.866895,7.917969],[-76.786572,7.931592],[-76.742334,8.002148],[-76.77207,8.310547],[-76.818604,8.464697],[-76.872217,8.512744],[-76.920459,8.57373],[-76.887988,8.619873],[-76.802246,8.640674],[-76.689355,8.694727],[-76.276855,8.989111],[-76.135498,9.265625],[-76.027246,9.365771],[-75.905029,9.430908],[-75.755566,9.415625],[-75.639355,9.450439],[-75.603613,9.538477],[-75.635352,9.657812],[-75.680029,9.729785],[-75.637109,9.834277],[-75.592676,9.992725],[-75.595898,10.12583],[-75.538574,10.205176],[-75.558398,10.236426],[-75.642188,10.172168],[-75.70835,10.143408],[-75.670898,10.196338],[-75.553711,10.327734],[-75.492773,10.527637],[-75.445996,10.610889],[-75.280615,10.727197],[-75.247949,10.783252],[-75.123047,10.87041],[-74.921582,11.057568],[-74.84458,11.109717],[-74.454248,10.989063],[-74.330225,10.99668],[-74.352393,10.974658],[-74.40957,10.967188],[-74.492285,10.934473],[-74.51626,10.8625],[-74.460254,10.787061],[-74.400879,10.765234],[-74.350195,10.813721],[-74.299951,10.952246],[-74.219141,11.105322],[-74.200195,11.265723],[-74.14292,11.32085],[-74.059131,11.340625],[-73.90957,11.308887],[-73.795703,11.275684],[-73.676904,11.271484],[-73.313379,11.295752],[-72.721826,11.712158],[-72.44707,11.801709],[-72.275,11.889258],[-72.165234,12.060205],[-72.135742,12.188574],[-72.055078,12.238428],[-71.970117,12.238281],[-71.93125,12.269531],[-71.919141,12.309082],[-71.714551,12.419971],[-71.597461,12.434375],[-71.493994,12.432275],[-71.262109,12.335303]]]]}},{"type":"Feature","properties":{"name":"Ecuador","cartodb_id":64,"created_at":"2013-11-27T20:16:22+0100","updated_at":"2013-11-27T20:16:23+0100"},"geometry":{"type":"MultiPolygon","coordinates":[[[[-80.131592,-2.973145],[-80.150684,-3.011719],[-80.245703,-3.008301],[-80.272949,-2.995898],[-80.272168,-2.951758],[-80.249805,-2.811914],[-80.223682,-2.753125],[-80.145703,-2.696289],[-80.080762,-2.668848],[-79.997266,-2.673828],[-79.909033,-2.725586],[-80.013232,-2.819531],[-80.071191,-2.833789],[-80.093408,-2.845898],[-80.131592,-2.973145]]],[[[-90.423926,-1.339941],[-90.464404,-1.341992],[-90.519531,-1.299121],[-90.477197,-1.220996],[-90.431982,-1.239844],[-90.39873,-1.262305],[-90.37915,-1.292285],[-90.423926,-1.339941]]],[[[-89.418896,-0.911035],[-89.536621,-0.952344],[-89.577295,-0.933789],[-89.602637,-0.913477],[-89.608594,-0.888574],[-89.543457,-0.826855],[-89.479932,-0.793359],[-89.423145,-0.722266],[-89.318408,-0.680078],[-89.287842,-0.689844],[-89.267432,-0.70459],[-89.259375,-0.728418],[-89.294873,-0.785937],[-89.35835,-0.826074],[-89.418896,-0.911035]]],[[[-90.334863,-0.771582],[-90.387109,-0.77334],[-90.542139,-0.676465],[-90.531689,-0.581445],[-90.469727,-0.517383],[-90.269385,-0.484668],[-90.185303,-0.544824],[-90.192725,-0.658789],[-90.261084,-0.741992],[-90.31543,-0.757227],[-90.334863,-0.771582]]],[[[-91.425977,-0.46084],[-91.526367,-0.478223],[-91.610742,-0.443945],[-91.646582,-0.39082],[-91.65415,-0.310938],[-91.64668,-0.284473],[-91.460156,-0.255664],[-91.399365,-0.322461],[-91.399951,-0.420898],[-91.425977,-0.46084]]],[[[-90.573926,-0.333984],[-90.620459,-0.364258],[-90.809033,-0.329395],[-90.867773,-0.271387],[-90.820361,-0.192187],[-90.780371,-0.160449],[-90.667529,-0.189844],[-90.55332,-0.278418],[-90.573926,-0.333984]]],[[[-91.272168,0.025146],[-91.210059,-0.039307],[-91.176221,-0.223047],[-90.975537,-0.416895],[-90.950635,-0.525195],[-90.968457,-0.575586],[-90.958936,-0.595313],[-90.862549,-0.671777],[-90.799658,-0.752051],[-90.905518,-0.940527],[-91.131055,-1.019629],[-91.371533,-1.016992],[-91.419043,-0.99668],[-91.483545,-0.924609],[-91.49541,-0.860937],[-91.458301,-0.799512],[-91.334082,-0.70625],[-91.144678,-0.622852],[-91.120947,-0.559082],[-91.197021,-0.496973],[-91.249512,-0.373633],[-91.369189,-0.287207],[-91.428857,-0.023389],[-91.468701,-0.010303],[-91.55,-0.04668],[-91.590088,-0.014795],[-91.596826,0.0021],[-91.50918,0.062256],[-91.491016,0.105176],[-91.361377,0.12583],[-91.305762,0.091406],[-91.272168,0.025146]]],[[[-78.909229,1.252783],[-78.965625,1.245361],[-78.991699,1.293213],[-78.923242,1.348926],[-78.899805,1.359766],[-78.909229,1.252783]]],[[[-78.312109,1.046094],[-78.180664,0.968555],[-78.037012,0.89873],[-77.829541,0.825391],[-77.702881,0.837842],[-77.673193,0.782227],[-77.648633,0.723633],[-77.601318,0.689502],[-77.526123,0.660352],[-77.481396,0.651172],[-77.467676,0.636523],[-77.422754,0.424854],[-77.396338,0.393896],[-77.292676,0.3604],[-77.165723,0.347754],[-77.114111,0.355078],[-77.002441,0.29624],[-76.920117,0.268506],[-76.829346,0.247754],[-76.767725,0.24165],[-76.739307,0.25083],[-76.729004,0.272119],[-76.678516,0.268164],[-76.603027,0.240967],[-76.494629,0.235449],[-76.427295,0.26123],[-76.417969,0.303906],[-76.413379,0.378857],[-76.388184,0.40498],[-76.311035,0.448486],[-76.270605,0.439404],[-76.06792,0.345557],[-76.026172,0.313086],[-75.974854,0.247754],[-75.879785,0.150977],[-75.77666,0.089258],[-75.617334,0.062891],[-75.463965,-0.038428],[-75.284473,-0.106543],[-75.340479,-0.142188],[-75.398389,-0.145996],[-75.475977,-0.157129],[-75.58374,-0.122852],[-75.62627,-0.122852],[-75.632031,-0.157617],[-75.560596,-0.200098],[-75.491064,-0.24834],[-75.465967,-0.321777],[-75.424707,-0.408887],[-75.325244,-0.506543],[-75.263232,-0.555371],[-75.259375,-0.590137],[-75.278711,-0.653906],[-75.283594,-0.707129],[-75.249609,-0.951855],[-75.272412,-0.966797],[-75.30918,-0.968066],[-75.348193,-0.966797],[-75.380127,-0.940234],[-75.408057,-0.924316],[-75.42041,-0.962207],[-75.44917,-1.071191],[-75.513867,-1.316309],[-75.570557,-1.53125],[-75.64165,-1.607324],[-75.744531,-1.728125],[-75.885449,-1.893457],[-76.089795,-2.133105],[-76.240918,-2.243945],[-76.360156,-2.331348],[-76.499365,-2.432324],[-76.679102,-2.562598],[-76.880762,-2.635938],[-77.161475,-2.737695],[-77.360059,-2.809668],[-77.506494,-2.859961],[-77.658984,-2.912402],[-77.860596,-2.981641],[-77.938477,-3.046973],[-78.06792,-3.206836],[-78.128223,-3.283887],[-78.183301,-3.350195],[-78.194629,-3.380469],[-78.187451,-3.399805],[-78.160986,-3.432129],[-78.158496,-3.465137],[-78.194873,-3.48584],[-78.226318,-3.48916],[-78.240381,-3.472559],[-78.250732,-3.436133],[-78.28418,-3.399023],[-78.323047,-3.388281],[-78.345361,-3.397363],[-78.347266,-3.43125],[-78.398047,-3.594824],[-78.399951,-3.674316],[-78.421436,-3.705762],[-78.419775,-3.776855],[-78.471045,-3.843066],[-78.493457,-3.902051],[-78.509082,-3.952148],[-78.550439,-3.986914],[-78.565137,-4.041602],[-78.603369,-4.157324],[-78.647998,-4.248145],[-78.679395,-4.325879],[-78.685156,-4.383984],[-78.66123,-4.425098],[-78.65293,-4.458203],[-78.674463,-4.517676],[-78.686035,-4.562402],[-78.743066,-4.592676],[-78.861523,-4.665039],[-78.907617,-4.714453],[-78.925781,-4.770703],[-78.914209,-4.818652],[-78.919189,-4.858398],[-78.975391,-4.873242],[-78.995264,-4.908008],[-79.033301,-4.969141],[-79.07627,-4.990625],[-79.18667,-4.958203],[-79.268115,-4.957617],[-79.330957,-4.927832],[-79.399414,-4.840039],[-79.455762,-4.766211],[-79.501904,-4.670605],[-79.516162,-4.53916],[-79.577686,-4.500586],[-79.638525,-4.454883],[-79.710986,-4.467578],[-79.797266,-4.476367],[-79.845117,-4.445898],[-79.962891,-4.390332],[-80.063525,-4.327539],[-80.139551,-4.296094],[-80.197461,-4.311035],[-80.232178,-4.349023],[-80.293359,-4.416797],[-80.383496,-4.463672],[-80.42417,-4.461426],[-80.478564,-4.430078],[-80.488477,-4.393652],[-80.443848,-4.33584],[-80.352881,-4.208496],[-80.45376,-4.205176],[-80.488477,-4.165527],[-80.493457,-4.119141],[-80.51001,-4.069531],[-80.490137,-4.010059],[-80.437207,-3.978613],[-80.357861,-4.003418],[-80.303271,-4.005078],[-80.266895,-3.948828],[-80.230518,-3.924023],[-80.194141,-3.905859],[-80.179248,-3.877734],[-80.217578,-3.787695],[-80.228857,-3.738867],[-80.217285,-3.710742],[-80.218945,-3.654492],[-80.220605,-3.613184],[-80.24375,-3.576758],[-80.24541,-3.522168],[-80.265234,-3.49248],[-80.271875,-3.461035],[-80.273535,-3.424609],[-80.29834,-3.406445],[-80.324658,-3.387891],[-80.303125,-3.374805],[-80.159863,-3.324316],[-80.100342,-3.274023],[-80.02666,-3.228125],[-79.96333,-3.157715],[-79.921582,-3.090137],[-79.822705,-2.776953],[-79.729883,-2.579102],[-79.745508,-2.484668],[-79.822412,-2.356543],[-79.839746,-2.167871],[-79.832617,-2.110547],[-79.842139,-2.067383],[-79.893408,-2.145703],[-79.880322,-2.423633],[-79.925586,-2.548535],[-79.989014,-2.578711],[-80.030176,-2.556738],[-80.006641,-2.353809],[-80.053076,-2.390723],[-80.127148,-2.528418],[-80.248633,-2.630566],[-80.255273,-2.664648],[-80.284717,-2.706738],[-80.378564,-2.667969],[-80.450098,-2.625977],[-80.684863,-2.396875],[-80.839062,-2.349023],[-80.932178,-2.269141],[-80.951611,-2.235449],[-80.962793,-2.189258],[-80.867627,-2.141211],[-80.770361,-2.07666],[-80.760596,-1.93457],[-80.763135,-1.822949],[-80.83501,-1.632422],[-80.801416,-1.383398],[-80.82002,-1.28584],[-80.902393,-1.078906],[-80.841406,-0.974707],[-80.623682,-0.89873],[-80.553906,-0.847949],[-80.505078,-0.683789],[-80.455469,-0.585449],[-80.358398,-0.625098],[-80.282373,-0.620508],[-80.384766,-0.583984],[-80.468311,-0.436035],[-80.482275,-0.368262],[-80.321289,-0.16582],[-80.237012,-0.113086],[-80.133398,-0.006055],[-80.046143,0.155371],[-80.025,0.410156],[-80.061035,0.592285],[-80.088281,0.784766],[-80.035937,0.83457],[-79.903516,0.860205],[-79.79585,0.922266],[-79.741211,0.979785],[-79.613184,0.971143],[-79.465381,1.060059],[-79.229053,1.10459],[-78.899658,1.20625],[-78.827051,1.295947],[-78.859668,1.455371],[-78.828857,1.434668],[-78.737109,1.358691],[-78.681641,1.283447],[-78.587646,1.23667],[-78.511523,1.198828],[-78.312109,1.046094]]]]}},{"type":"Feature","properties":{"name":"Guyana","cartodb_id":90,"created_at":"2013-11-27T20:16:22+0100","updated_at":"2013-11-27T20:16:23+0100"},"geometry":{"type":"Polygon","coordinates":[[[-57.194775,5.548437],[-57.2479,5.485254],[-57.25752,5.445166],[-57.291895,5.373975],[-57.318555,5.335352],[-57.279639,5.246777],[-57.235303,5.242871],[-57.218457,5.231543],[-57.207324,5.214209],[-57.209814,5.19541],[-57.226855,5.178516],[-57.269287,5.157031],[-57.30957,5.105859],[-57.305762,5.049561],[-57.331006,5.020166],[-57.412158,5.00459],[-57.570898,5.004492],[-57.648828,5.000684],[-57.711084,4.991064],[-57.752002,4.954492],[-57.804102,4.929053],[-57.844922,4.923047],[-57.881104,4.880615],[-57.917041,4.82041],[-57.904883,4.779297],[-57.867871,4.724316],[-57.845996,4.668164],[-57.874707,4.5771],[-57.90625,4.506787],[-57.924707,4.453125],[-57.949756,4.349951],[-58.010742,4.236475],[-58.054492,4.171924],[-58.054297,4.10166],[-58.032227,4.001953],[-57.907715,3.856689],[-57.866553,3.787256],[-57.832666,3.675977],[-57.720361,3.588281],[-57.649463,3.517383],[-57.656104,3.42373],[-57.646729,3.394531],[-57.602734,3.370947],[-57.549609,3.352832],[-57.490576,3.354297],[-57.437891,3.362256],[-57.425586,3.375439],[-57.303662,3.3771],[-57.289941,3.353613],[-57.28291,3.218848],[-57.27793,3.164307],[-57.248975,3.142285],[-57.231641,3.108887],[-57.230566,3.078564],[-57.225,3.003076],[-57.206934,2.963379],[-57.209814,2.882812],[-57.197363,2.853271],[-57.163623,2.833252],[-57.121143,2.775537],[-57.105127,2.768262],[-57.096875,2.747852],[-57.060449,2.665674],[-57.041943,2.641113],[-57.028955,2.6375],[-57.023486,2.608984],[-56.997119,2.532178],[-56.979297,2.513232],[-56.945215,2.456836],[-56.931494,2.395361],[-56.886426,2.325977],[-56.840527,2.277148],[-56.819824,2.22666],[-56.761133,2.114893],[-56.704346,2.036475],[-56.627197,2.016016],[-56.562695,2.005078],[-56.522363,1.974805],[-56.482812,1.942139],[-56.525488,1.927246],[-56.563574,1.907227],[-56.616455,1.922656],[-56.689844,1.914307],[-56.76626,1.892187],[-56.836719,1.88125],[-56.969531,1.916406],[-57.010059,1.92124],[-57.037598,1.936475],[-57.092676,2.005811],[-57.118896,2.013965],[-57.1896,1.981592],[-57.275586,1.959229],[-57.31748,1.963477],[-57.366797,1.940137],[-57.412695,1.908936],[-57.500439,1.773828],[-57.545752,1.726074],[-57.594434,1.704102],[-57.691748,1.704785],[-57.795654,1.7],[-57.873437,1.667285],[-57.946338,1.650586],[-57.982812,1.648438],[-57.995117,1.574316],[-58.011768,1.539941],[-58.034668,1.520264],[-58.091309,1.514355],[-58.142236,1.516992],[-58.173096,1.547852],[-58.23042,1.563281],[-58.281152,1.574316],[-58.314209,1.591943],[-58.340674,1.587549],[-58.362695,1.556689],[-58.380371,1.530225],[-58.395801,1.481738],[-58.472949,1.46626],[-58.506055,1.438672],[-58.486865,1.347754],[-58.495703,1.312256],[-58.511865,1.284668],[-58.605078,1.27915],[-58.684619,1.281055],[-58.730322,1.24751],[-58.787207,1.208496],[-58.821777,1.201221],[-58.8625,1.203613],[-58.916602,1.248877],[-58.968506,1.30459],[-59.100391,1.343652],[-59.231201,1.376025],[-59.316992,1.4646],[-59.337256,1.508203],[-59.377686,1.527344],[-59.479443,1.632422],[-59.535693,1.7],[-59.596631,1.718018],[-59.666602,1.746289],[-59.66377,1.795215],[-59.668506,1.842334],[-59.698535,1.861475],[-59.740723,1.87417],[-59.756201,1.900635],[-59.751758,1.962402],[-59.743506,2.121631],[-59.755225,2.274121],[-59.849121,2.327051],[-59.889648,2.362939],[-59.960791,2.588379],[-59.994336,2.68999],[-59.995898,2.76543],[-59.972314,2.990479],[-59.945654,3.087842],[-59.873047,3.283105],[-59.831152,3.349219],[-59.828809,3.398584],[-59.833057,3.462158],[-59.854395,3.5875],[-59.731641,3.666553],[-59.679004,3.699805],[-59.670215,3.752734],[-59.604443,3.819678],[-59.575391,3.883447],[-59.551123,3.933545],[-59.557764,3.96001],[-59.586426,3.975391],[-59.620215,4.023145],[-59.691211,4.1604],[-59.716895,4.188184],[-59.738574,4.226758],[-59.72749,4.287646],[-59.699707,4.353516],[-59.703271,4.381104],[-59.745801,4.41665],[-59.83335,4.475928],[-59.906104,4.480322],[-59.962354,4.501709],[-60.04502,4.50459],[-60.111133,4.511182],[-60.148633,4.533252],[-60.140918,4.569629],[-60.124561,4.597656],[-60.068945,4.66665],[-60.031787,4.740527],[-60.026758,4.812695],[-60.015479,4.90752],[-59.999365,4.989844],[-59.990674,5.082861],[-60.078076,5.143994],[-60.105957,5.194238],[-60.142041,5.238818],[-60.181738,5.238818],[-60.24165,5.257959],[-60.335205,5.199316],[-60.408789,5.210156],[-60.459521,5.188086],[-60.576416,5.19248],[-60.651367,5.221143],[-60.742139,5.202051],[-60.954004,5.437402],[-61.167187,5.674219],[-61.376807,5.906982],[-61.39082,5.93877],[-61.303125,6.049512],[-61.224951,6.129199],[-61.159473,6.174414],[-61.128711,6.214307],[-61.152295,6.385107],[-61.151025,6.446533],[-61.181592,6.513379],[-61.203613,6.588379],[-61.177246,6.650928],[-61.145605,6.694531],[-61.104785,6.711377],[-61.00708,6.726611],[-60.937988,6.732764],[-60.913574,6.757812],[-60.87334,6.786914],[-60.82085,6.788477],[-60.71792,6.768311],[-60.671045,6.805957],[-60.586084,6.85708],[-60.39502,6.945361],[-60.3521,7.002881],[-60.32207,7.092041],[-60.325488,7.133984],[-60.345068,7.15],[-60.392383,7.164551],[-60.464941,7.166553],[-60.523193,7.143701],[-60.583203,7.156201],[-60.633301,7.211084],[-60.636182,7.256592],[-60.606543,7.32085],[-60.62373,7.36333],[-60.719238,7.498682],[-60.718652,7.535937],[-60.649463,7.596631],[-60.610107,7.64834],[-60.556348,7.772021],[-60.513623,7.813184],[-60.380615,7.827637],[-60.346777,7.854004],[-60.278906,7.919434],[-60.178174,7.994043],[-60.032422,8.053564],[-59.990723,8.162012],[-59.964844,8.191602],[-59.849072,8.248682],[-59.828906,8.27915],[-59.831641,8.305957],[-60.017529,8.549316],[-59.980615,8.532617],[-59.836523,8.373828],[-59.756738,8.339502],[-59.739941,8.338721],[-59.739307,8.37998],[-59.666113,8.362598],[-59.476904,8.254004],[-59.200244,8.074609],[-58.811572,7.735596],[-58.701074,7.606641],[-58.626611,7.545898],[-58.511084,7.398047],[-58.477295,7.325781],[-58.480566,7.038135],[-58.58291,6.843652],[-58.60791,6.697314],[-58.613477,6.502539],[-58.672949,6.390771],[-58.593994,6.451514],[-58.569482,6.627246],[-58.502295,6.733984],[-58.41499,6.851172],[-58.298437,6.879297],[-58.172852,6.829395],[-58.071777,6.820605],[-57.982568,6.785889],[-57.792871,6.598535],[-57.607568,6.450391],[-57.540137,6.331543],[-57.343652,6.272119],[-57.227539,6.178418],[-57.190234,6.097314],[-57.167236,5.88501],[-57.205273,5.5646],[-57.194775,5.548437]]]}},{"type":"Feature","properties":{"name":"Peru","cartodb_id":171,"created_at":"2013-11-27T20:16:22+0100","updated_at":"2013-11-27T20:16:23+0100"},"geometry":{"type":"Polygon","coordinates":[[[-69.965918,-4.235938],[-69.972021,-4.301172],[-70.003955,-4.327246],[-70.05332,-4.333105],[-70.128809,-4.286621],[-70.183984,-4.298145],[-70.23916,-4.301172],[-70.316895,-4.246973],[-70.343652,-4.193652],[-70.404639,-4.150098],[-70.530664,-4.167578],[-70.63457,-4.168652],[-70.721582,-4.158887],[-70.799512,-4.17334],[-70.866016,-4.22959],[-70.915625,-4.295313],[-70.973682,-4.350488],[-71.144238,-4.387207],[-71.23501,-4.388184],[-71.316797,-4.424316],[-71.438281,-4.437598],[-71.521338,-4.469727],[-71.668359,-4.487305],[-71.844727,-4.504395],[-71.943164,-4.55332],[-71.982422,-4.574609],[-72.08252,-4.642285],[-72.256787,-4.748926],[-72.352832,-4.786035],[-72.468994,-4.90127],[-72.60835,-5.00957],[-72.69873,-5.067188],[-72.831934,-5.09375],[-72.887061,-5.122754],[-72.907471,-5.157715],[-72.895801,-5.198242],[-72.918262,-5.302539],[-72.958936,-5.495215],[-72.970215,-5.589648],[-72.979883,-5.634863],[-73.068066,-5.789551],[-73.162891,-5.933398],[-73.209375,-6.028711],[-73.235547,-6.098438],[-73.206494,-6.156445],[-73.167725,-6.260645],[-73.135352,-6.344336],[-73.126318,-6.400879],[-73.137354,-6.46582],[-73.177441,-6.525195],[-73.240332,-6.564063],[-73.325488,-6.574707],[-73.499902,-6.679492],[-73.694531,-6.833789],[-73.758105,-6.905762],[-73.77627,-6.973535],[-73.804639,-7.079883],[-73.793018,-7.135059],[-73.758203,-7.172754],[-73.72334,-7.262793],[-73.72041,-7.309277],[-73.749463,-7.335352],[-73.804639,-7.341211],[-73.854004,-7.349902],[-73.891748,-7.373145],[-73.929443,-7.367285],[-73.964307,-7.378906],[-73.964307,-7.416699],[-73.952686,-7.460254],[-73.958496,-7.506641],[-73.981738,-7.535742],[-74.002051,-7.556055],[-73.981738,-7.585059],[-73.946875,-7.61123],[-73.894629,-7.654785],[-73.82207,-7.738965],[-73.766895,-7.753516],[-73.72041,-7.78252],[-73.7146,-7.829004],[-73.732031,-7.875391],[-73.772705,-7.895703],[-73.775586,-7.936426],[-73.72041,-7.985742],[-73.682666,-8.020605],[-73.644922,-8.072852],[-73.610107,-8.14541],[-73.610107,-8.191895],[-73.572363,-8.249902],[-73.549121,-8.299316],[-73.549121,-8.345801],[-73.488135,-8.392188],[-73.435889,-8.427051],[-73.398145,-8.458984],[-73.3604,-8.479297],[-73.351709,-8.51416],[-73.356738,-8.566992],[-73.302441,-8.654004],[-73.203125,-8.719336],[-73.122559,-8.814063],[-73.070508,-8.882812],[-72.974023,-8.993164],[-72.970361,-9.120117],[-73.089844,-9.265723],[-73.209424,-9.411426],[-73.01377,-9.407422],[-72.814258,-9.410352],[-72.605469,-9.452051],[-72.464746,-9.492188],[-72.379053,-9.510156],[-72.318066,-9.556641],[-72.289014,-9.629199],[-72.26582,-9.688477],[-72.259961,-9.774316],[-72.172852,-9.844043],[-72.179102,-9.910156],[-72.181592,-10.003711],[-72.142969,-10.005176],[-71.887451,-10.005566],[-71.608008,-10.006055],[-71.339404,-9.988574],[-71.237939,-9.966016],[-71.115283,-9.852441],[-71.041748,-9.81875],[-70.970752,-9.765723],[-70.884521,-9.669043],[-70.81626,-9.625293],[-70.758496,-9.57168],[-70.672461,-9.517969],[-70.636914,-9.478223],[-70.60791,-9.463672],[-70.541113,-9.4375],[-70.570166,-9.489844],[-70.592236,-9.543457],[-70.59917,-9.620508],[-70.567236,-9.70459],[-70.593799,-9.76748],[-70.636914,-9.82373],[-70.637598,-9.971777],[-70.638525,-10.181543],[-70.639355,-10.361328],[-70.640332,-10.586035],[-70.641553,-10.84082],[-70.642334,-11.010254],[-70.596533,-10.976855],[-70.533252,-10.946875],[-70.450879,-11.024805],[-70.392285,-11.058594],[-70.341992,-11.066699],[-70.290381,-11.064258],[-70.220068,-11.047656],[-70.066309,-10.982422],[-69.960352,-10.929883],[-69.839795,-10.933398],[-69.674023,-10.954102],[-69.578613,-10.951758],[-69.453613,-11.16875],[-69.362012,-11.327539],[-69.257715,-11.508594],[-69.17373,-11.654297],[-69.046191,-11.875684],[-68.936035,-12.066797],[-68.818701,-12.27041],[-68.685254,-12.501953],[-68.728125,-12.560742],[-68.762891,-12.607715],[-68.759082,-12.687207],[-68.811816,-12.72959],[-68.867676,-12.755176],[-68.93374,-12.82207],[-68.978613,-12.880078],[-68.980518,-12.962598],[-68.972266,-13.382324],[-68.983447,-13.496387],[-69.017529,-13.594434],[-69.052832,-13.643945],[-69.074121,-13.682813],[-69.023047,-13.780273],[-68.974268,-13.975977],[-68.937451,-14.014648],[-68.891699,-14.094336],[-68.870898,-14.169727],[-68.880322,-14.198828],[-68.971777,-14.234375],[-69.004492,-14.265039],[-69.013135,-14.377246],[-69.052783,-14.417578],[-69.119727,-14.470313],[-69.162695,-14.530957],[-69.199268,-14.572559],[-69.234912,-14.59707],[-69.252344,-14.671094],[-69.276025,-14.745898],[-69.359473,-14.795313],[-69.37373,-14.8875],[-69.374707,-14.962988],[-69.330713,-15.038965],[-69.187109,-15.19873],[-69.172461,-15.236621],[-69.254297,-15.33291],[-69.301904,-15.399414],[-69.418506,-15.603418],[-69.420898,-15.640625],[-69.391895,-15.736914],[-69.217578,-16.149121],[-69.187988,-16.182813],[-69.13418,-16.221973],[-69.04624,-16.217676],[-68.913477,-16.261914],[-68.848828,-16.312793],[-68.842773,-16.337891],[-68.857812,-16.354785],[-68.928027,-16.389063],[-69.00625,-16.433691],[-69.03291,-16.475977],[-69.038379,-16.542676],[-69.020703,-16.642188],[-69.054541,-16.674316],[-69.13252,-16.713086],[-69.199805,-16.768457],[-69.267236,-16.860938],[-69.381543,-17.001367],[-69.421094,-17.040039],[-69.43833,-17.088379],[-69.50332,-17.104785],[-69.624854,-17.200195],[-69.645703,-17.248535],[-69.625879,-17.294434],[-69.563818,-17.33291],[-69.521924,-17.388965],[-69.510986,-17.460352],[-69.511084,-17.504883],[-69.510937,-17.506055],[-69.586426,-17.573242],[-69.684766,-17.649805],[-69.806104,-17.664941],[-69.8521,-17.703809],[-69.841504,-17.785156],[-69.802441,-17.9],[-69.802588,-17.990234],[-69.839697,-18.093457],[-69.926367,-18.206055],[-70.059082,-18.283496],[-70.183789,-18.325195],[-70.282275,-18.325391],[-70.37749,-18.333594],[-70.418262,-18.345605],[-70.491602,-18.277734],[-70.81748,-18.052539],[-70.941699,-17.932031],[-71.056592,-17.875684],[-71.336963,-17.68252],[-71.364941,-17.620508],[-71.399414,-17.421973],[-71.435889,-17.366016],[-71.532227,-17.294336],[-71.774463,-17.198828],[-71.868359,-17.151074],[-71.966895,-17.064063],[-72.111279,-17.002539],[-72.268604,-16.876172],[-72.3625,-16.775],[-72.467676,-16.708105],[-72.793945,-16.614551],[-72.957715,-16.520898],[-73.26377,-16.388574],[-73.400049,-16.304297],[-73.727686,-16.20166],[-73.824951,-16.152832],[-74.14707,-15.9125],[-74.3729,-15.833984],[-74.554883,-15.699023],[-75.104248,-15.411914],[-75.190527,-15.320117],[-75.274561,-15.178125],[-75.396582,-15.093555],[-75.533643,-14.899219],[-75.737695,-14.784961],[-75.933887,-14.633594],[-76.006299,-14.495801],[-76.136475,-14.320312],[-76.175146,-14.22666],[-76.289014,-14.133105],[-76.297021,-13.948438],[-76.376465,-13.863086],[-76.319482,-13.821484],[-76.259229,-13.802832],[-76.183936,-13.515234],[-76.223633,-13.371191],[-76.427344,-13.109961],[-76.502148,-12.984375],[-76.555225,-12.823438],[-76.637109,-12.728027],[-76.758008,-12.527148],[-76.832129,-12.34873],[-76.994092,-12.219238],[-77.038135,-12.172754],[-77.062695,-12.106836],[-77.152734,-12.060352],[-77.157617,-11.923438],[-77.220312,-11.663379],[-77.309912,-11.532422],[-77.633203,-11.287793],[-77.638574,-11.193555],[-77.664307,-11.02207],[-77.736084,-10.836719],[-78.095459,-10.260645],[-78.185596,-10.089063],[-78.275586,-9.810352],[-78.356494,-9.652051],[-78.445654,-9.370605],[-78.580127,-9.156641],[-78.6646,-8.971094],[-78.75459,-8.74043],[-78.762256,-8.616992],[-78.925391,-8.40459],[-79.012256,-8.210156],[-79.164404,-8.047168],[-79.312842,-7.923242],[-79.377246,-7.835547],[-79.588867,-7.418945],[-79.617725,-7.295605],[-79.761963,-7.066504],[-79.904687,-6.90166],[-79.994971,-6.768945],[-80.110254,-6.649609],[-80.811621,-6.282227],[-81.058447,-6.129395],[-81.142041,-6.056738],[-81.180518,-5.942383],[-81.164307,-5.875293],[-81.091846,-5.812402],[-80.99165,-5.860938],[-80.930664,-5.84082],[-80.882715,-5.758984],[-80.881934,-5.635059],[-80.943115,-5.475391],[-81.167676,-5.16709],[-81.150732,-5.101855],[-81.108496,-5.027832],[-81.195068,-4.879492],[-81.289404,-4.760742],[-81.336621,-4.669531],[-81.283203,-4.322266],[-81.232031,-4.234277],[-80.891943,-3.881641],[-80.798584,-3.731055],[-80.652734,-3.638184],[-80.503662,-3.496094],[-80.324658,-3.387891],[-80.29834,-3.406445],[-80.273535,-3.424609],[-80.271875,-3.461035],[-80.265234,-3.49248],[-80.24541,-3.522168],[-80.24375,-3.576758],[-80.220605,-3.613184],[-80.218945,-3.654492],[-80.217285,-3.710742],[-80.228857,-3.738867],[-80.217578,-3.787695],[-80.179248,-3.877734],[-80.194141,-3.905859],[-80.230518,-3.924023],[-80.266895,-3.948828],[-80.303271,-4.005078],[-80.357861,-4.003418],[-80.437207,-3.978613],[-80.490137,-4.010059],[-80.51001,-4.069531],[-80.493457,-4.119141],[-80.488477,-4.165527],[-80.45376,-4.205176],[-80.352881,-4.208496],[-80.443848,-4.33584],[-80.488477,-4.393652],[-80.478564,-4.430078],[-80.42417,-4.461426],[-80.383496,-4.463672],[-80.293359,-4.416797],[-80.232178,-4.349023],[-80.197461,-4.311035],[-80.139551,-4.296094],[-80.063525,-4.327539],[-79.962891,-4.390332],[-79.845117,-4.445898],[-79.797266,-4.476367],[-79.710986,-4.467578],[-79.638525,-4.454883],[-79.577686,-4.500586],[-79.516162,-4.53916],[-79.501904,-4.670605],[-79.455762,-4.766211],[-79.399414,-4.840039],[-79.330957,-4.927832],[-79.268115,-4.957617],[-79.18667,-4.958203],[-79.07627,-4.990625],[-79.033301,-4.969141],[-78.995264,-4.908008],[-78.975391,-4.873242],[-78.919189,-4.858398],[-78.914209,-4.818652],[-78.925781,-4.770703],[-78.907617,-4.714453],[-78.861523,-4.665039],[-78.743066,-4.592676],[-78.686035,-4.562402],[-78.674463,-4.517676],[-78.65293,-4.458203],[-78.66123,-4.425098],[-78.685156,-4.383984],[-78.679395,-4.325879],[-78.647998,-4.248145],[-78.603369,-4.157324],[-78.565137,-4.041602],[-78.550439,-3.986914],[-78.509082,-3.952148],[-78.493457,-3.902051],[-78.471045,-3.843066],[-78.419775,-3.776855],[-78.421436,-3.705762],[-78.399951,-3.674316],[-78.398047,-3.594824],[-78.347266,-3.43125],[-78.345361,-3.397363],[-78.323047,-3.388281],[-78.28418,-3.399023],[-78.250732,-3.436133],[-78.240381,-3.472559],[-78.226318,-3.48916],[-78.194873,-3.48584],[-78.158496,-3.465137],[-78.160986,-3.432129],[-78.187451,-3.399805],[-78.194629,-3.380469],[-78.183301,-3.350195],[-78.128223,-3.283887],[-78.06792,-3.206836],[-77.938477,-3.046973],[-77.860596,-2.981641],[-77.658984,-2.912402],[-77.506494,-2.859961],[-77.360059,-2.809668],[-77.161475,-2.737695],[-76.880762,-2.635938],[-76.679102,-2.562598],[-76.499365,-2.432324],[-76.360156,-2.331348],[-76.240918,-2.243945],[-76.089795,-2.133105],[-75.885449,-1.893457],[-75.744531,-1.728125],[-75.64165,-1.607324],[-75.570557,-1.53125],[-75.513867,-1.316309],[-75.44917,-1.071191],[-75.42041,-0.962207],[-75.408057,-0.924316],[-75.380127,-0.940234],[-75.348193,-0.966797],[-75.30918,-0.968066],[-75.272412,-0.966797],[-75.249609,-0.951855],[-75.283594,-0.707129],[-75.278711,-0.653906],[-75.259375,-0.590137],[-75.263232,-0.555371],[-75.325244,-0.506543],[-75.424707,-0.408887],[-75.465967,-0.321777],[-75.491064,-0.24834],[-75.560596,-0.200098],[-75.632031,-0.157617],[-75.62627,-0.122852],[-75.58374,-0.122852],[-75.475977,-0.157129],[-75.398389,-0.145996],[-75.340479,-0.142188],[-75.284473,-0.106543],[-75.224609,-0.041748],[-75.184082,-0.041748],[-75.138379,-0.050488],[-75.054688,-0.116699],[-75.00498,-0.155859],[-74.945312,-0.188184],[-74.888818,-0.199414],[-74.8375,-0.20332],[-74.801758,-0.200098],[-74.780469,-0.244531],[-74.755371,-0.298633],[-74.69165,-0.335254],[-74.616357,-0.37002],[-74.555078,-0.429883],[-74.513867,-0.470117],[-74.465186,-0.517676],[-74.417871,-0.580664],[-74.374902,-0.691406],[-74.353125,-0.766602],[-74.328613,-0.808398],[-74.334424,-0.850879],[-74.283887,-0.927832],[-74.246387,-0.970605],[-74.180762,-0.997754],[-74.054395,-1.028613],[-73.986816,-1.098145],[-73.926953,-1.125195],[-73.863184,-1.19668],[-73.807178,-1.217969],[-73.735742,-1.21416],[-73.664307,-1.248828],[-73.610254,-1.316406],[-73.575488,-1.401367],[-73.521387,-1.449707],[-73.494336,-1.536621],[-73.525244,-1.638867],[-73.496289,-1.693066],[-73.440283,-1.737402],[-73.349512,-1.783887],[-73.266455,-1.772266],[-73.223975,-1.787695],[-73.196973,-1.830273],[-73.181494,-1.880371],[-73.145215,-2.00332],[-73.126514,-2.081055],[-73.160205,-2.156348],[-73.172656,-2.208398],[-73.154492,-2.278223],[-73.068164,-2.312012],[-72.989648,-2.339746],[-72.941113,-2.394043],[-72.887158,-2.408496],[-72.81123,-2.405469],[-72.71416,-2.392188],[-72.660156,-2.361035],[-72.625342,-2.35166],[-72.586719,-2.365137],[-72.500684,-2.39502],[-72.395605,-2.428906],[-72.300732,-2.409277],[-72.218457,-2.400488],[-72.136816,-2.380664],[-72.053809,-2.324609],[-71.984277,-2.326563],[-71.932471,-2.288672],[-71.867285,-2.227734],[-71.802734,-2.166309],[-71.752539,-2.152734],[-71.671484,-2.182129],[-71.559473,-2.224219],[-71.496094,-2.279199],[-71.447461,-2.29375],[-71.396973,-2.334082],[-71.300098,-2.334863],[-71.196387,-2.313086],[-71.113379,-2.24541],[-71.027295,-2.225781],[-70.968555,-2.206836],[-70.914551,-2.218555],[-70.705371,-2.341992],[-70.647998,-2.405762],[-70.575879,-2.418262],[-70.516797,-2.453125],[-70.418213,-2.490723],[-70.36416,-2.529297],[-70.294629,-2.552539],[-70.244434,-2.606543],[-70.164746,-2.639844],[-70.09585,-2.658203],[-70.064746,-2.70166],[-70.064453,-2.730762],[-70.074023,-2.750195],[-70.14707,-2.864063],[-70.290137,-3.087305],[-70.418994,-3.288281],[-70.62168,-3.60459],[-70.735107,-3.781543],[-70.706201,-3.788965],[-70.529687,-3.866406],[-70.48584,-3.869336],[-70.421094,-3.849609],[-70.379199,-3.81875],[-70.339502,-3.814355],[-70.298437,-3.844238],[-70.240283,-3.882715],[-70.198389,-3.995117],[-70.167529,-4.050195],[-70.094775,-4.092188],[-70.017187,-4.162012],[-69.965918,-4.235938]]]}},{"type":"Feature","properties":{"name":"Paraguay","cartodb_id":179,"created_at":"2013-11-27T20:16:22+0100","updated_at":"2013-11-27T20:16:23+0100"},"geometry":{"type":"Polygon","coordinates":[[[-58.159766,-20.164648],[-58.137793,-20.237305],[-58.124609,-20.293457],[-58.091504,-20.333203],[-58.058447,-20.386133],[-58.025391,-20.41582],[-58.002246,-20.46543],[-58.008838,-20.52168],[-57.995605,-20.594434],[-57.979053,-20.657324],[-57.9625,-20.673828],[-57.915137,-20.690332],[-57.891406,-20.747461],[-57.908496,-20.776367],[-57.901904,-20.809375],[-57.884814,-20.841699],[-57.900488,-20.873047],[-57.892236,-20.89707],[-57.86001,-20.918555],[-57.830225,-20.997949],[-57.826953,-21.133594],[-57.86001,-21.20625],[-57.886475,-21.26582],[-57.893066,-21.302246],[-57.873242,-21.355078],[-57.906299,-21.417969],[-57.945996,-21.494043],[-57.936084,-21.546973],[-57.929443,-21.596582],[-57.926172,-21.649512],[-57.916211,-21.699121],[-57.929443,-21.751953],[-57.942676,-21.79834],[-57.949316,-21.851172],[-57.932764,-21.910742],[-57.9625,-21.966992],[-57.979053,-22.006641],[-57.985693,-22.046387],[-57.955908,-22.10918],[-57.879834,-22.135645],[-57.820313,-22.142285],[-57.764062,-22.10918],[-57.721094,-22.099219],[-57.641699,-22.129004],[-57.568945,-22.181934],[-57.476367,-22.188574],[-57.393652,-22.198438],[-57.330859,-22.215039],[-57.238232,-22.195215],[-57.142334,-22.215039],[-57.029883,-22.244824],[-56.937256,-22.271289],[-56.844678,-22.264648],[-56.775195,-22.261328],[-56.702441,-22.231543],[-56.633008,-22.234863],[-56.580078,-22.181934],[-56.550293,-22.135645],[-56.523828,-22.102539],[-56.447803,-22.076172],[-56.394873,-22.092676],[-56.351855,-22.178613],[-56.275781,-22.228223],[-56.246045,-22.264648],[-56.189844,-22.281152],[-56.06748,-22.284473],[-55.991406,-22.281152],[-55.905371,-22.307617],[-55.84917,-22.307617],[-55.799561,-22.353906],[-55.753271,-22.410156],[-55.746631,-22.512695],[-55.703662,-22.59209],[-55.647412,-22.621875],[-55.617676,-22.671484],[-55.627588,-22.740918],[-55.654053,-22.810352],[-55.650732,-22.886426],[-55.620996,-22.955859],[-55.620996,-23.025293],[-55.601123,-23.094727],[-55.561426,-23.154297],[-55.548193,-23.250195],[-55.554834,-23.319629],[-55.528369,-23.359375],[-55.518457,-23.415625],[-55.534961,-23.461914],[-55.541602,-23.524707],[-55.538281,-23.580957],[-55.518457,-23.627246],[-55.458887,-23.686719],[-55.442383,-23.792578],[-55.442383,-23.865332],[-55.415918,-23.951367],[-55.366309,-23.991016],[-55.286914,-24.004297],[-55.194336,-24.01748],[-55.081885,-23.997656],[-54.982666,-23.974512],[-54.926465,-23.951367],[-54.817285,-23.888477],[-54.721387,-23.852148],[-54.671777,-23.829004],[-54.625488,-23.8125],[-54.52959,-23.852148],[-54.440234,-23.901758],[-54.370801,-23.971191],[-54.241797,-24.047266],[-54.266895,-24.06582],[-54.318262,-24.128125],[-54.317285,-24.20127],[-54.281006,-24.306055],[-54.312939,-24.528125],[-54.412988,-24.86748],[-54.454102,-25.065234],[-54.43623,-25.121289],[-54.473145,-25.220215],[-54.610547,-25.432715],[-54.615869,-25.576074],[-54.631934,-26.005762],[-54.677734,-26.308789],[-54.755078,-26.53291],[-54.825488,-26.652246],[-54.888916,-26.666797],[-54.934473,-26.702539],[-54.962158,-26.759375],[-55.013623,-26.806641],[-55.088867,-26.844531],[-55.129639,-26.886035],[-55.135937,-26.931152],[-55.208008,-26.960156],[-55.345801,-26.973145],[-55.42666,-27.009277],[-55.450635,-27.068359],[-55.496729,-27.115332],[-55.564893,-27.15],[-55.597266,-27.207617],[-55.593799,-27.288086],[-55.63291,-27.357129],[-55.714648,-27.414844],[-55.78999,-27.416406],[-55.859033,-27.361914],[-55.951465,-27.325684],[-56.067334,-27.307715],[-56.164062,-27.321484],[-56.241699,-27.366797],[-56.310547,-27.43877],[-56.370508,-27.537402],[-56.437158,-27.553809],[-56.510547,-27.487891],[-56.603369,-27.467871],[-56.715723,-27.49375],[-56.805176,-27.484668],[-56.871729,-27.440625],[-56.973975,-27.435742],[-57.111816,-27.470117],[-57.39126,-27.430469],[-57.812207,-27.316602],[-58.168262,-27.273438],[-58.604834,-27.314355],[-58.641748,-27.196094],[-58.618604,-27.132129],[-58.547705,-27.083984],[-58.503223,-27.029492],[-58.485254,-26.968457],[-58.436328,-26.921973],[-58.356445,-26.890039],[-58.322559,-26.857617],[-58.334668,-26.824902],[-58.317676,-26.795898],[-58.27168,-26.770703],[-58.245557,-26.731055],[-58.239355,-26.676855],[-58.22207,-26.65],[-58.191309,-26.62998],[-58.187939,-26.592578],[-58.205176,-26.476562],[-58.203027,-26.381445],[-58.181494,-26.307422],[-58.154687,-26.262598],[-58.135645,-26.251465],[-58.118066,-26.224902],[-58.111133,-26.180176],[-58.082422,-26.138574],[-57.943115,-26.05293],[-57.890625,-26.006543],[-57.88623,-25.964258],[-57.865234,-25.906934],[-57.782471,-25.783691],[-57.75708,-25.725977],[-57.754785,-25.69707],[-57.725488,-25.667188],[-57.62583,-25.59873],[-57.57168,-25.53418],[-57.563135,-25.47373],[-57.587158,-25.405078],[-57.643896,-25.328418],[-57.82168,-25.136426],[-57.959814,-25.049219],[-58.136475,-24.977148],[-58.252783,-24.953809],[-58.308691,-24.979102],[-58.365381,-24.959277],[-58.422803,-24.894141],[-58.519629,-24.842871],[-58.724023,-24.786621],[-59.187256,-24.562305],[-59.372949,-24.453906],[-59.4354,-24.387012],[-59.608594,-24.266797],[-59.89248,-24.093555],[-60.110303,-24.00918],[-60.262207,-24.013965],[-60.505371,-23.963574],[-60.839844,-23.858105],[-61.03291,-23.755664],[-61.084717,-23.656445],[-61.208398,-23.557031],[-61.403955,-23.45752],[-61.505518,-23.391992],[-61.513037,-23.360449],[-61.570996,-23.319434],[-61.679492,-23.26875],[-61.798535,-23.182031],[-61.928027,-23.059277],[-62.066602,-22.869434],[-62.21416,-22.612402],[-62.37251,-22.43916],[-62.541553,-22.349609],[-62.625977,-22.29043],[-62.625684,-22.261523],[-62.650977,-22.233691],[-62.628516,-22.183984],[-62.566943,-21.988672],[-62.477832,-21.705273],[-62.385449,-21.411719],[-62.27666,-21.066016],[-62.276514,-20.820801],[-62.276318,-20.5625],[-62.121631,-20.349902],[-62.011816,-20.199023],[-61.916943,-20.055371],[-61.820898,-19.809473],[-61.756836,-19.645313],[-61.511816,-19.606445],[-61.095996,-19.520996],[-60.88877,-19.478516],[-60.451611,-19.38877],[-60.007373,-19.297559],[-59.540869,-19.291797],[-59.090527,-19.28623],[-58.741113,-19.490234],[-58.474219,-19.646094],[-58.180176,-19.817871],[-58.160059,-19.854883],[-58.139941,-19.998828],[-58.159766,-20.164648]]]}},{"type":"Feature","properties":{"name":"Suriname","cartodb_id":203,"created_at":"2013-11-27T20:16:22+0100","updated_at":"2013-11-27T20:16:23+0100"},"geometry":{"type":"Polygon","coordinates":[[[-54.155957,5.358984],[-54.240186,5.288232],[-54.331641,5.187402],[-54.452197,5.013477],[-54.446875,4.958789],[-54.47334,4.914697],[-54.479687,4.836523],[-54.471143,4.749316],[-54.440234,4.691992],[-54.426074,4.583008],[-54.449609,4.48501],[-54.440674,4.428027],[-54.416016,4.337646],[-54.39624,4.241406],[-54.398389,4.20249],[-54.369141,4.170947],[-54.342139,4.140039],[-54.350732,4.054102],[-54.255518,3.901074],[-54.197461,3.834424],[-54.112793,3.769434],[-54.081982,3.705957],[-54.034229,3.629395],[-54.005908,3.62041],[-53.990479,3.589551],[-54.005957,3.530518],[-54.00957,3.448535],[-54.063184,3.35332],[-54.188037,3.17876],[-54.203125,3.138184],[-54.170703,2.993604],[-54.188086,2.874854],[-54.195508,2.817871],[-54.256738,2.713721],[-54.402002,2.461523],[-54.485547,2.416113],[-54.535937,2.343311],[-54.568408,2.342578],[-54.604736,2.335791],[-54.61626,2.326758],[-54.661865,2.327539],[-54.697412,2.359814],[-54.70293,2.397949],[-54.722217,2.44165],[-54.766846,2.454736],[-54.85166,2.439551],[-54.876074,2.450391],[-54.926562,2.497363],[-54.968408,2.54834],[-54.978662,2.597656],[-55.005811,2.592969],[-55.070312,2.54834],[-55.114111,2.539209],[-55.148828,2.550781],[-55.187695,2.54751],[-55.286035,2.499658],[-55.343994,2.48877],[-55.385352,2.440625],[-55.658936,2.41875],[-55.730566,2.406152],[-55.89375,2.489502],[-55.935937,2.516602],[-55.957471,2.520459],[-55.975586,2.515967],[-55.993506,2.49751],[-56.020361,2.392773],[-56.045117,2.364404],[-56.087793,2.341309],[-56.129395,2.299512],[-56.137695,2.259033],[-56.073633,2.236768],[-56.020068,2.158154],[-55.961963,2.095117],[-55.915332,2.039551],[-55.921631,1.97666],[-55.929639,1.8875],[-55.96333,1.85708],[-56.019922,1.842236],[-56.227148,1.885352],[-56.38584,1.923877],[-56.452832,1.932324],[-56.482812,1.942139],[-56.522363,1.974805],[-56.562695,2.005078],[-56.627197,2.016016],[-56.704346,2.036475],[-56.761133,2.114893],[-56.819824,2.22666],[-56.840527,2.277148],[-56.886426,2.325977],[-56.931494,2.395361],[-56.945215,2.456836],[-56.979297,2.513232],[-56.997119,2.532178],[-57.023486,2.608984],[-57.028955,2.6375],[-57.041943,2.641113],[-57.060449,2.665674],[-57.096875,2.747852],[-57.105127,2.768262],[-57.121143,2.775537],[-57.163623,2.833252],[-57.197363,2.853271],[-57.209814,2.882812],[-57.206934,2.963379],[-57.225,3.003076],[-57.230566,3.078564],[-57.231641,3.108887],[-57.248975,3.142285],[-57.27793,3.164307],[-57.28291,3.218848],[-57.289941,3.353613],[-57.303662,3.3771],[-57.425586,3.375439],[-57.437891,3.362256],[-57.490576,3.354297],[-57.549609,3.352832],[-57.602734,3.370947],[-57.646729,3.394531],[-57.656104,3.42373],[-57.649463,3.517383],[-57.720361,3.588281],[-57.832666,3.675977],[-57.866553,3.787256],[-57.907715,3.856689],[-58.032227,4.001953],[-58.054297,4.10166],[-58.054492,4.171924],[-58.010742,4.236475],[-57.949756,4.349951],[-57.924707,4.453125],[-57.90625,4.506787],[-57.874707,4.5771],[-57.845996,4.668164],[-57.867871,4.724316],[-57.904883,4.779297],[-57.917041,4.82041],[-57.881104,4.880615],[-57.844922,4.923047],[-57.804102,4.929053],[-57.752002,4.954492],[-57.711084,4.991064],[-57.648828,5.000684],[-57.570898,5.004492],[-57.412158,5.00459],[-57.331006,5.020166],[-57.305762,5.049561],[-57.30957,5.105859],[-57.269287,5.157031],[-57.226855,5.178516],[-57.209814,5.19541],[-57.207324,5.214209],[-57.218457,5.231543],[-57.235303,5.242871],[-57.279639,5.246777],[-57.318555,5.335352],[-57.291895,5.373975],[-57.25752,5.445166],[-57.2479,5.485254],[-57.194775,5.548437],[-57.182129,5.528906],[-57.14082,5.643799],[-57.136035,5.737207],[-57.10459,5.829395],[-57.056641,5.938672],[-56.969824,5.992871],[-56.466016,5.937744],[-56.235596,5.885352],[-55.939551,5.795459],[-55.897607,5.699316],[-55.895508,5.795459],[-55.909912,5.892627],[-55.828174,5.96167],[-55.64834,5.985889],[-55.379297,5.952637],[-55.148291,5.993457],[-54.833691,5.98833],[-54.356152,5.909863],[-54.142334,5.856348],[-54.054199,5.80791],[-54.037402,5.720508],[-54.045947,5.608887],[-54.080469,5.502246],[-54.155957,5.358984]]]}},{"type":"Feature","properties":{"name":"Uruguay","cartodb_id":226,"created_at":"2013-11-27T20:16:22+0100","updated_at":"2013-11-27T20:16:23+0100"},"geometry":{"type":"Polygon","coordinates":[[[-53.370605,-33.742188],[-53.41958,-33.779199],[-53.472461,-33.849316],[-53.534521,-34.01748],[-53.74292,-34.249512],[-53.785303,-34.380371],[-54.010254,-34.516992],[-54.168555,-34.670703],[-54.272119,-34.666895],[-54.365332,-34.732715],[-54.902295,-34.932813],[-55.095117,-34.895117],[-55.237891,-34.895801],[-55.370605,-34.807617],[-55.673145,-34.775684],[-55.862939,-34.810938],[-56.11792,-34.90791],[-56.194629,-34.906445],[-56.249951,-34.90127],[-56.387842,-34.861035],[-56.463086,-34.775391],[-56.855176,-34.67666],[-57.170703,-34.452344],[-57.543457,-34.448047],[-57.829102,-34.477344],[-57.873242,-34.447656],[-57.902148,-34.390137],[-57.96123,-34.306934],[-58.207031,-34.109082],[-58.400195,-33.912402],[-58.438135,-33.719141],[-58.411328,-33.508887],[-58.353369,-33.260059],[-58.363525,-33.182324],[-58.292187,-33.137988],[-58.221582,-33.129102],[-58.153564,-33.064648],[-58.092676,-32.967383],[-58.082324,-32.893652],[-58.12959,-32.757227],[-58.162207,-32.566504],[-58.201172,-32.47168],[-58.123047,-32.321875],[-58.119727,-32.248926],[-58.164795,-32.184863],[-58.177002,-32.119043],[-58.156348,-32.051563],[-58.1604,-31.986523],[-58.189014,-31.924219],[-58.16748,-31.872656],[-58.09585,-31.831836],[-58.042334,-31.769238],[-58.006982,-31.684961],[-57.988867,-31.620605],[-57.987988,-31.576172],[-58.009668,-31.534375],[-58.053857,-31.494922],[-58.033398,-31.416602],[-57.94834,-31.299414],[-57.893359,-31.195312],[-57.868408,-31.104395],[-57.870068,-31.031055],[-57.898291,-30.975195],[-57.886328,-30.937402],[-57.834082,-30.91748],[-57.810596,-30.858594],[-57.818555,-30.712012],[-57.87251,-30.591016],[-57.831201,-30.495215],[-57.712695,-30.384473],[-57.650879,-30.29502],[-57.645752,-30.226953],[-57.608887,-30.187793],[-57.552295,-30.26123],[-57.383838,-30.280664],[-57.214453,-30.283398],[-57.186914,-30.264844],[-57.120508,-30.144434],[-57.032715,-30.109961],[-56.937256,-30.101074],[-56.832715,-30.107227],[-56.72168,-30.186914],[-56.407227,-30.447461],[-56.176172,-30.628418],[-56.105859,-30.71377],[-56.044824,-30.777637],[-55.998975,-30.837207],[-56.018457,-30.991895],[-56.015527,-31.059668],[-56.004687,-31.079199],[-55.952002,-31.080859],[-55.873682,-31.069629],[-55.807764,-31.036719],[-55.756348,-30.987109],[-55.705957,-30.946582],[-55.665234,-30.924902],[-55.650488,-30.89209],[-55.627148,-30.858105],[-55.603027,-30.850781],[-55.557324,-30.875977],[-55.449561,-30.964453],[-55.366064,-31.046191],[-55.345508,-31.092969],[-55.313281,-31.141699],[-55.278955,-31.18418],[-55.254639,-31.225586],[-55.173535,-31.27959],[-55.091162,-31.313965],[-55.036035,-31.279004],[-54.895996,-31.391211],[-54.587646,-31.485156],[-54.530908,-31.541992],[-54.477686,-31.622754],[-54.369922,-31.74502],[-54.220557,-31.855176],[-54.100439,-31.901563],[-53.985156,-31.928125],[-53.920605,-31.952344],[-53.876514,-31.994531],[-53.806104,-32.039941],[-53.761719,-32.056836],[-53.746582,-32.097461],[-53.701123,-32.186328],[-53.653613,-32.29873],[-53.601709,-32.403027],[-53.489404,-32.503223],[-53.362744,-32.581152],[-53.23125,-32.625391],[-53.157275,-32.680078],[-53.125586,-32.736719],[-53.214062,-32.821094],[-53.310107,-32.927051],[-53.395215,-33.010352],[-53.482861,-33.068555],[-53.511865,-33.108691],[-53.531348,-33.170898],[-53.530371,-33.500293],[-53.537646,-33.622852],[-53.531348,-33.655469],[-53.518848,-33.677246],[-53.463574,-33.709863],[-53.397559,-33.737305],[-53.370605,-33.742188]]]}},{"type":"Feature","properties":{"name":"Venezuela","cartodb_id":231,"created_at":"2013-11-27T20:16:22+0100","updated_at":"2013-11-27T20:16:23+0100"},"geometry":{"type":"MultiPolygon","coordinates":[[[[-60.9979,8.867334],[-61.059961,8.847021],[-61.069189,8.947314],[-61.050488,8.974365],[-60.944775,9.055029],[-60.91582,9.070313],[-60.89458,9.053369],[-60.899902,9.031885],[-60.84917,8.995703],[-60.861426,8.949609],[-60.916406,8.899268],[-60.9979,8.867334]]],[[[-60.821191,9.138379],[-60.941406,9.105566],[-60.939453,9.132324],[-60.907275,9.178711],[-60.844873,9.191797],[-60.821387,9.207666],[-60.781592,9.218359],[-60.758887,9.216455],[-60.73584,9.20332],[-60.790381,9.177197],[-60.821191,9.138379]]],[[[-65.2125,10.906445],[-65.266406,10.883984],[-65.365234,10.906445],[-65.414648,10.937891],[-65.383203,10.973828],[-65.302344,10.973828],[-65.226562,10.930225],[-65.2125,10.906445]]],[[[-63.849365,11.131006],[-63.817285,11.000342],[-63.8271,10.97583],[-63.917627,10.887549],[-63.993555,10.881201],[-64.054687,10.884326],[-64.101172,10.901416],[-64.160889,10.958789],[-64.218945,10.941602],[-64.3625,10.961523],[-64.402344,10.981592],[-64.348633,11.051904],[-64.249756,11.080322],[-64.213672,11.086133],[-64.184814,11.042969],[-64.112793,11.005664],[-64.02832,11.001855],[-64.007324,11.068457],[-63.893115,11.167236],[-63.849365,11.131006]]],[[[-69.762402,11.676025],[-69.711914,11.564209],[-69.631592,11.479932],[-69.569824,11.485449],[-69.525732,11.499512],[-69.232568,11.518457],[-69.05459,11.461035],[-68.827979,11.431738],[-68.616211,11.309375],[-68.398633,11.160986],[-68.343164,11.052832],[-68.324805,10.949316],[-68.27207,10.880029],[-68.324707,10.80874],[-68.296289,10.689355],[-68.234082,10.569141],[-68.139941,10.492725],[-67.871631,10.47207],[-67.581348,10.52373],[-67.133301,10.57041],[-66.989063,10.610645],[-66.247217,10.632227],[-66.105859,10.574609],[-66.092139,10.51709],[-66.090479,10.472949],[-65.851758,10.257764],[-65.655859,10.228467],[-65.489355,10.159424],[-65.317383,10.122363],[-65.129102,10.070068],[-65.023291,10.07666],[-64.944043,10.09502],[-64.850488,10.098096],[-64.18833,10.457812],[-63.833691,10.448535],[-63.779053,10.471924],[-63.731885,10.503418],[-63.862695,10.558154],[-64.15791,10.579248],[-64.24751,10.542578],[-64.298193,10.635156],[-64.201953,10.632666],[-63.873437,10.66377],[-63.496777,10.643262],[-63.189893,10.70918],[-63.035498,10.720117],[-62.946729,10.70708],[-62.702344,10.749805],[-62.242285,10.699561],[-61.879492,10.741016],[-61.921387,10.681445],[-62.04043,10.645361],[-62.23291,10.633984],[-62.37998,10.546875],[-62.693555,10.562988],[-62.913574,10.531494],[-62.842969,10.507227],[-62.843018,10.41792],[-62.812939,10.399902],[-62.78125,10.399219],[-62.706299,10.333057],[-62.68584,10.289795],[-62.661621,10.198584],[-62.694678,10.100098],[-62.740576,10.056152],[-62.651172,10.070654],[-62.600488,10.116943],[-62.60791,10.163428],[-62.600488,10.217285],[-62.550342,10.200439],[-62.515137,10.176123],[-62.400928,9.918408],[-62.32041,9.783057],[-62.299805,9.788184],[-62.280664,9.792969],[-62.256738,9.818896],[-62.221143,9.882568],[-62.19043,9.842187],[-62.171973,9.826709],[-62.153369,9.821777],[-62.170313,9.879492],[-62.147461,9.953418],[-62.155322,9.979248],[-62.119629,9.984863],[-62.0771,9.975049],[-62.016504,9.954687],[-61.908594,9.869922],[-61.837256,9.78208],[-61.831152,9.733057],[-61.805371,9.705518],[-61.75874,9.676514],[-61.735937,9.631201],[-61.731738,9.70249],[-61.75918,9.754443],[-61.765918,9.813818],[-61.625391,9.816455],[-61.588867,9.894531],[-61.512305,9.84751],[-61.309375,9.633057],[-61.234424,9.597607],[-61.013379,9.556445],[-60.874072,9.45332],[-60.79248,9.360742],[-60.840967,9.263672],[-60.971045,9.215186],[-61.023145,9.15459],[-61.053076,9.095117],[-61.053564,9.035254],[-61.092969,8.965771],[-61.098828,8.941309],[-61.122363,8.843359],[-61.175879,8.725391],[-61.247266,8.600342],[-61.618701,8.597461],[-61.526904,8.546143],[-61.442578,8.508691],[-61.304004,8.4104],[-61.19375,8.487598],[-61.035986,8.493115],[-60.865234,8.578809],[-60.800977,8.592139],[-60.481494,8.547266],[-60.404492,8.610254],[-60.340234,8.62876],[-60.16748,8.616992],[-60.017529,8.549316],[-59.831641,8.305957],[-59.828906,8.27915],[-59.849072,8.248682],[-59.964844,8.191602],[-59.990723,8.162012],[-60.032422,8.053564],[-60.178174,7.994043],[-60.278906,7.919434],[-60.346777,7.854004],[-60.380615,7.827637],[-60.513623,7.813184],[-60.556348,7.772021],[-60.610107,7.64834],[-60.649463,7.596631],[-60.718652,7.535937],[-60.719238,7.498682],[-60.62373,7.36333],[-60.606543,7.32085],[-60.636182,7.256592],[-60.633301,7.211084],[-60.583203,7.156201],[-60.523193,7.143701],[-60.464941,7.166553],[-60.392383,7.164551],[-60.345068,7.15],[-60.325488,7.133984],[-60.32207,7.092041],[-60.3521,7.002881],[-60.39502,6.945361],[-60.586084,6.85708],[-60.671045,6.805957],[-60.71792,6.768311],[-60.82085,6.788477],[-60.87334,6.786914],[-60.913574,6.757812],[-60.937988,6.732764],[-61.00708,6.726611],[-61.104785,6.711377],[-61.145605,6.694531],[-61.177246,6.650928],[-61.203613,6.588379],[-61.181592,6.513379],[-61.151025,6.446533],[-61.152295,6.385107],[-61.128711,6.214307],[-61.159473,6.174414],[-61.224951,6.129199],[-61.303125,6.049512],[-61.39082,5.93877],[-61.376807,5.906982],[-61.167187,5.674219],[-60.954004,5.437402],[-60.742139,5.202051],[-60.711963,5.191553],[-60.671973,5.164355],[-60.63501,5.081982],[-60.604492,4.99458],[-60.603857,4.949365],[-60.627588,4.892529],[-60.67915,4.8271],[-60.741748,4.774121],[-60.833398,4.729199],[-60.90625,4.686816],[-60.966406,4.574707],[-61.002832,4.535254],[-61.036279,4.519336],[-61.102441,4.504687],[-61.209424,4.508057],[-61.280078,4.516895],[-61.367529,4.433008],[-61.479395,4.402246],[-61.554248,4.287793],[-61.82085,4.197021],[-62.081592,4.126318],[-62.153125,4.098389],[-62.410645,4.156738],[-62.472559,4.138525],[-62.543945,4.084326],[-62.609766,4.042285],[-62.665332,4.039648],[-62.712109,4.01792],[-62.739941,3.940332],[-62.7646,3.672949],[-62.856982,3.593457],[-62.968652,3.593945],[-63.045313,3.686475],[-63.13623,3.756445],[-63.294727,3.922266],[-63.338672,3.943896],[-63.379785,3.942871],[-63.526807,3.893701],[-63.596631,3.915039],[-63.65293,3.94082],[-63.746973,3.932568],[-63.914648,3.930664],[-64.021484,3.929102],[-64.073389,3.974414],[-64.121729,4.066992],[-64.154297,4.100146],[-64.19248,4.126855],[-64.255664,4.140332],[-64.525537,4.13999],[-64.576367,4.139893],[-64.613672,4.157715],[-64.665527,4.237109],[-64.722266,4.274414],[-64.788672,4.276025],[-64.817871,4.232275],[-64.702588,4.089307],[-64.668994,4.011816],[-64.56792,3.899805],[-64.275293,3.662695],[-64.221094,3.587402],[-64.227051,3.491211],[-64.22876,3.343994],[-64.218848,3.204687],[-64.143555,3.004883],[-64.037793,2.801514],[-64.009033,2.671875],[-64.028711,2.576074],[-64.048828,2.525098],[-64.046582,2.502393],[-64.024902,2.481885],[-63.92417,2.452441],[-63.712549,2.434033],[-63.584619,2.433936],[-63.389258,2.411914],[-63.374854,2.34043],[-63.393945,2.22251],[-63.43252,2.155566],[-63.463916,2.136035],[-63.570264,2.120508],[-63.682129,2.048145],[-63.844482,1.976709],[-63.937158,1.966992],[-63.975781,1.953027],[-64.008496,1.931592],[-64.035449,1.904443],[-64.067041,1.770508],[-64.114844,1.619287],[-64.205029,1.529492],[-64.304199,1.455273],[-64.405127,1.446875],[-64.486035,1.452783],[-64.52627,1.431006],[-64.584375,1.369873],[-64.667432,1.293848],[-64.731543,1.25332],[-64.817969,1.257129],[-64.910107,1.219727],[-65.026562,1.158447],[-65.10376,1.108105],[-65.169629,1.022217],[-65.263965,0.931885],[-65.36084,0.868652],[-65.407227,0.790479],[-65.473389,0.69126],[-65.556055,0.687988],[-65.562695,0.74751],[-65.522998,0.843408],[-65.566016,0.926074],[-65.644678,0.970361],[-65.681445,0.983447],[-65.718115,0.978027],[-65.811328,0.937256],[-65.925879,0.863135],[-65.996338,0.809766],[-66.060059,0.785352],[-66.191211,0.763281],[-66.30166,0.751953],[-66.347119,0.767187],[-66.429248,0.82168],[-66.619043,0.992139],[-66.876025,1.223047],[-66.895508,1.289893],[-66.884473,1.358252],[-66.931104,1.458008],[-66.95835,1.564209],[-66.981543,1.600781],[-66.988135,1.680176],[-67.043896,1.823193],[-67.089551,1.940332],[-67.131445,1.999854],[-67.113818,2.050586],[-67.131445,2.10127],[-67.165479,2.142578],[-67.215234,2.275488],[-67.197607,2.332764],[-67.21084,2.390137],[-67.252734,2.429443],[-67.312256,2.47168],[-67.391602,2.559912],[-67.486426,2.643652],[-67.534961,2.676758],[-67.568018,2.689941],[-67.59668,2.769336],[-67.618701,2.793604],[-67.667236,2.800195],[-67.766455,2.833301],[-67.859082,2.793604],[-67.86123,2.855322],[-67.834766,2.892822],[-67.514844,3.187256],[-67.353613,3.322656],[-67.336279,3.342627],[-67.322168,3.373975],[-67.311133,3.415869],[-67.347705,3.46377],[-67.498682,3.691113],[-67.551123,3.733838],[-67.602539,3.768799],[-67.661621,3.864258],[-67.732324,4.086523],[-67.783203,4.198242],[-67.798633,4.283887],[-67.79541,4.380713],[-67.814307,4.455078],[-67.855273,4.506885],[-67.855273,4.665479],[-67.814307,4.930811],[-67.804199,5.13252],[-67.824902,5.270459],[-67.788428,5.375488],[-67.694629,5.44751],[-67.642285,5.558789],[-67.631348,5.709375],[-67.575195,5.833105],[-67.473877,5.92998],[-67.439355,6.025537],[-67.471582,6.119775],[-67.481982,6.180273],[-67.568066,6.241797],[-67.727148,6.284961],[-67.85918,6.289893],[-67.938867,6.241943],[-68.143066,6.19751],[-68.471777,6.156543],[-68.736475,6.156787],[-68.937207,6.198193],[-69.089941,6.184375],[-69.194531,6.115332],[-69.268164,6.099707],[-69.31084,6.137598],[-69.35708,6.147998],[-69.427148,6.123975],[-69.439258,6.134912],[-69.594824,6.321484],[-69.738965,6.494385],[-69.904199,6.700244],[-70.09502,6.937939],[-70.129199,6.953613],[-70.188135,6.952051],[-70.266113,6.947949],[-70.3875,6.972607],[-70.470654,7.007129],[-70.535547,7.040527],[-70.655078,7.082764],[-70.737158,7.090039],[-70.810693,7.077588],[-71.013281,6.994434],[-71.128613,6.986719],[-71.217822,6.985205],[-71.457129,7.026367],[-71.620898,7.03291],[-71.811279,7.005811],[-71.892676,6.990332],[-72.006641,7.032617],[-72.084277,7.096875],[-72.156689,7.249707],[-72.207715,7.370264],[-72.296338,7.394531],[-72.394629,7.415088],[-72.442969,7.454883],[-72.471973,7.524268],[-72.478955,7.613232],[-72.468896,7.757959],[-72.45957,7.809863],[-72.446045,7.966113],[-72.391699,8.047705],[-72.357617,8.087305],[-72.36416,8.152783],[-72.390332,8.287061],[-72.416553,8.381982],[-72.525732,8.489697],[-72.66543,8.627588],[-72.725537,8.848291],[-72.796387,9.108984],[-72.8521,9.135156],[-72.904443,9.12207],[-72.960156,9.135156],[-73.009277,9.239941],[-73.058398,9.25957],[-73.136719,9.222803],[-73.193164,9.194141],[-73.336719,9.16792],[-73.366211,9.194141],[-73.356348,9.226855],[-73.295654,9.322021],[-73.224268,9.443604],[-73.14126,9.554639],[-73.064062,9.668213],[-73.006543,9.78916],[-72.967383,10.029736],[-72.940381,10.195752],[-72.869336,10.49126],[-72.73916,10.727197],[-72.690088,10.83584],[-72.572266,10.977148],[-72.518018,11.053906],[-72.446094,11.114258],[-72.248486,11.196436],[-72.012305,11.601953],[-71.958105,11.666406],[-71.719482,11.726855],[-71.536084,11.774072],[-71.400195,11.823535],[-71.355566,11.849756],[-71.319727,11.861914],[-71.349414,11.814941],[-71.414551,11.755176],[-71.488379,11.71875],[-71.868652,11.627344],[-71.90752,11.607959],[-71.956934,11.569922],[-71.957227,11.482812],[-71.946973,11.414453],[-71.835107,11.190332],[-71.791455,11.135059],[-71.641602,11.013525],[-71.675684,10.996729],[-71.730908,10.994678],[-71.69043,10.835498],[-71.598437,10.726221],[-71.594336,10.657373],[-71.664844,10.44375],[-71.793506,10.315967],[-71.884766,10.167236],[-71.955713,10.108057],[-72.112842,9.815576],[-71.993262,9.641504],[-71.97627,9.553223],[-71.873047,9.427637],[-71.805664,9.386426],[-71.760742,9.335742],[-71.781348,9.25],[-71.740137,9.133887],[-71.686719,9.07251],[-71.619531,9.047949],[-71.536621,9.048291],[-71.297949,9.125635],[-71.241406,9.160449],[-71.205371,9.222461],[-71.08584,9.348242],[-71.078418,9.510791],[-71.052686,9.705811],[-71.081738,9.833203],[-71.207227,10.0146],[-71.262207,10.143604],[-71.386621,10.26377],[-71.462793,10.469238],[-71.494238,10.533203],[-71.517871,10.621826],[-71.544629,10.778711],[-71.461133,10.835645],[-71.469531,10.96416],[-71.264355,10.999512],[-70.820508,11.208447],[-70.545605,11.261377],[-70.23252,11.372998],[-70.159961,11.428076],[-70.097119,11.519775],[-70.048535,11.530322],[-69.885352,11.444336],[-69.804785,11.474219],[-69.7729,11.541309],[-69.817334,11.67207],[-69.910937,11.672119],[-70.192578,11.624609],[-70.220117,11.680859],[-70.22002,11.730078],[-70.286523,11.886035],[-70.245117,12.003516],[-70.202783,12.098389],[-70.122021,12.136621],[-70.003955,12.177881],[-69.914355,12.1146],[-69.860107,12.054199],[-69.830615,11.995605],[-69.810547,11.836865],[-69.762402,11.676025]]]]}},{"type":"Feature","properties":{"name":"Falkland Islands (U.K.)","cartodb_id":72,"created_at":"2013-11-27T20:16:22+0100","updated_at":"2013-11-27T20:40:04+0100"},"geometry":{"type":"MultiPolygon","coordinates":[[[[-59.682666,-52.231641],[-59.746582,-52.250879],[-59.764453,-52.242187],[-59.784863,-52.204687],[-59.785937,-52.156152],[-59.793311,-52.13418],[-59.753223,-52.141406],[-59.681006,-52.180078],[-59.682666,-52.231641]]],[[[-58.438818,-52.011035],[-58.432715,-52.099023],[-58.512842,-52.071094],[-58.541406,-52.028418],[-58.49707,-51.999414],[-58.460547,-52.001562],[-58.438818,-52.011035]]],[[[-61.01875,-51.785742],[-60.947266,-51.799512],[-60.875977,-51.794238],[-60.916162,-51.896973],[-60.947559,-51.946289],[-61.031982,-51.94248],[-61.115771,-51.875293],[-61.14502,-51.839453],[-61.05166,-51.813965],[-61.01875,-51.785742]]],[[[-60.28623,-51.461914],[-60.141553,-51.480957],[-60.008691,-51.410547],[-59.91709,-51.388086],[-59.841602,-51.40332],[-59.788428,-51.445996],[-59.711328,-51.439258],[-59.493457,-51.395703],[-59.465088,-51.410547],[-59.387598,-51.359961],[-59.32085,-51.383594],[-59.268066,-51.427539],[-59.293945,-51.478516],[-59.354199,-51.510937],[-59.392432,-51.556152],[-59.437012,-51.592676],[-59.514209,-51.626562],[-59.573193,-51.680859],[-59.714893,-51.807715],[-59.921387,-51.969531],[-59.989746,-51.984082],[-60.132275,-51.993848],[-60.19375,-51.982715],[-60.246338,-51.986426],[-60.288281,-52.07373],[-60.353467,-52.139941],[-60.384229,-52.154004],[-60.452002,-52.160254],[-60.484082,-52.170313],[-60.508398,-52.194727],[-60.686377,-52.188379],[-60.812207,-52.147754],[-60.961426,-52.057324],[-60.7625,-51.946484],[-60.591064,-51.951563],[-60.449756,-51.877148],[-60.334473,-51.839551],[-60.288672,-51.80127],[-60.238477,-51.771973],[-60.238135,-51.733789],[-60.276514,-51.716602],[-60.32832,-51.718359],[-60.37959,-51.735156],[-60.500098,-51.756543],[-60.58252,-51.712695],[-60.528076,-51.696387],[-60.467236,-51.697168],[-60.280957,-51.656055],[-60.245166,-51.638867],[-60.302637,-51.580469],[-60.414941,-51.54502],[-60.505811,-51.485449],[-60.522754,-51.463184],[-60.518262,-51.427832],[-60.568457,-51.357812],[-60.515723,-51.354297],[-60.445459,-51.399414],[-60.28623,-51.461914]]],[[[-60.111719,-51.395898],[-60.248828,-51.395996],[-60.275879,-51.363184],[-60.275342,-51.280566],[-60.171387,-51.273437],[-60.069824,-51.30791],[-60.076465,-51.342578],[-60.111719,-51.395898]]],[[[-58.850195,-51.269922],[-58.69751,-51.328516],[-58.50625,-51.308105],[-58.42583,-51.324219],[-58.378711,-51.373047],[-58.406738,-51.418359],[-58.467432,-51.411816],[-58.519238,-51.423926],[-58.508936,-51.483594],[-58.47373,-51.509082],[-58.271582,-51.574707],[-58.234521,-51.578613],[-58.241113,-51.551074],[-58.276221,-51.506055],[-58.289307,-51.45752],[-58.259229,-51.41709],[-58.206445,-51.404687],[-57.976514,-51.384375],[-57.92251,-51.403516],[-57.808496,-51.517969],[-57.91543,-51.533789],[-57.960449,-51.583203],[-57.866357,-51.60459],[-57.791797,-51.636133],[-57.831152,-51.68457],[-57.838184,-51.70918],[-58.003955,-51.743457],[-58.150928,-51.76543],[-58.217627,-51.822461],[-58.335986,-51.86377],[-58.683496,-51.93623],[-58.643066,-51.994824],[-58.637695,-52.023047],[-58.652783,-52.099219],[-59.13125,-52.00791],[-59.19585,-52.017676],[-59.068018,-52.173047],[-59.162793,-52.201758],[-59.256348,-52.183105],[-59.341504,-52.195996],[-59.395654,-52.308008],[-59.532227,-52.236426],[-59.64873,-52.134375],[-59.64917,-52.077246],[-59.53667,-51.970605],[-59.570801,-51.925391],[-59.30874,-51.780469],[-59.261768,-51.737305],[-59.180029,-51.7125],[-59.09541,-51.704102],[-59.059521,-51.685449],[-59.065381,-51.650195],[-59.099463,-51.589746],[-59.096631,-51.491406],[-58.88667,-51.35791],[-58.91748,-51.27207],[-58.850195,-51.269922]]]]}},{"type":"Feature","properties":{"name":"Panama","iso_a3":"PAN"},"geometry":{"type":"Polygon","coordinates":[[[-77.35336076527386,8.67050466555807],[-77.47472286651133,8.524286200388218],[-77.24256649444008,7.935278225125444],[-77.43110795765699,7.638061224798734],[-77.7534138658614,7.709839789252143],[-77.88157141794525,7.223771267114785],[-78.21493608266012,7.512254950384161],[-78.42916073272607,8.052041123888927],[-78.18209570993864,8.319182440621773],[-78.4354652574657,8.38770538984079],[-78.62212053090394,8.718124497915028],[-79.12030717641375,8.996092027213024],[-79.55787736684519,8.932374986197146],[-79.76057817251005,8.5845150822244],[-80.16448116730334,8.333315944853595],[-80.38265906443962,8.298408514840432],[-80.4806892564973,8.09030752200107],[-80.00368994822716,7.547524115423372],[-80.276670701809,7.419754136581716],[-80.42115800649708,7.271571966984765],[-80.8864009264208,7.220541490096537],[-81.05954281281473,7.817921047390597],[-81.18971574575795,7.64790558515034],[-81.51951473664468,7.706610012233909],[-81.72131120474447,8.108962714058435],[-82.13144120962892,8.175392767769637],[-82.39093441438257,8.29236237226229],[-82.82008134635042,8.290863755725823],[-82.85095801464482,8.073822740099956],[-82.96578304719736,8.225027980985985],[-82.91317643912421,8.42351715741907],[-82.82977067740516,8.62629547773237],[-82.86865719270477,8.807266343618522],[-82.71918311230053,8.925708726431495],[-82.92715491405916,9.074330145702916],[-82.93289099804358,9.476812038608173],[-82.54619625520348,9.566134751824677],[-82.18712256542341,9.20744863528678],[-82.20758643261097,8.9955752628901],[-81.80856686066929,8.950616766796173],[-81.71415401887204,9.031955471223583],[-81.43928707551154,8.786234035675719],[-80.94730160187676,8.858503526235907],[-80.52190121125008,9.111072089062432],[-79.91459977895599,9.31276520429762],[-79.57330278188431,9.611610012241528],[-79.02119177927793,9.552931423374105],[-79.05845048696037,9.454565334506526],[-78.50088762074719,9.420458889193881],[-78.05592770049802,9.2477304142583],[-77.72951351592641,8.946844387238869],[-77.35336076527386,8.67050466555807]]]}},{"type":"Feature","properties":{"name":"Mexico","iso_a3":"MEX"},"geometry":{"type":"MultiPolygon","coordinates":[[[[-97.13927160783061,25.965806355459307],[-97.16746985060821,25.82859932755378],[-97.15733801562604,25.789536831917506],[-97.1644587874489,25.76951731759224],[-97.16515052115923,25.723334057084728],[-97.17442787151126,25.704169044993552],[-97.1862686903933,25.686957126119243],[-97.1981501931059,25.646673891055478],[-97.22496497073487,25.58441802595784],[-97.26154538110275,25.49945711631147],[-97.31944739525358,25.38996002914184],[-97.45897376177214,25.17938873795779],[-97.555205886316,24.847622105313146],[-97.65143795079527,24.515855189692555],[-97.70799720353729,24.083889082669117],[-97.7117406657939,24.049139599782436],[-97.71666417389412,24.00812400004555],[-97.7252090958288,23.805650039335696],[-97.73330642270838,23.78839741929483],[-97.75096597200455,23.781927914378755],[-97.82209223068907,23.78839741929483],[-97.82209227002517,23.782212723986788],[-97.79442297630247,23.782619509021856],[-97.77285723264482,23.78009678093273],[-97.75885985487258,23.769029166135436],[-97.75381427493944,23.743719885870707],[-97.7606094788193,23.651922789200736],[-97.75381423182104,23.651922789200736],[-97.74693761918029,23.67914454747378],[-97.74209547841774,23.74518449062486],[-97.73330645204032,23.774807074091576],[-97.72223871818083,23.739325170687852],[-97.74181069296536,23.53636311118609],[-97.75812738547445,23.44037494915177],[-97.76854408339136,23.26007726043355],[-97.74233965828894,22.972072713509363],[-97.75381427460104,22.849310709659594],[-97.75267491420314,22.9070497647811],[-97.75389563228487,22.923244507488963],[-97.76447505142633,22.912013996930625],[-97.79478920152123,22.80833573085167],[-97.80239826017903,22.79376872652881],[-97.83576414385526,22.761175940009018],[-97.83901934499711,22.75372961359421],[-97.83824620440298,22.739691371358877],[-97.84316972895604,22.7333031431618],[-97.84996498501137,22.732367320668008],[-97.8766983881301,22.739447426588995],[-97.85741126565408,22.71857332899241],[-97.8550512119291,22.69855364615054],[-97.88939369212741,22.62543370568927],[-97.89321856048886,22.610256287708754],[-97.89098060031009,22.596096108723245],[-97.88198810649105,22.587876813428164],[-97.87010658402303,22.587713983728996],[-97.85838781380022,22.59345117728805],[-97.85000564850843,22.602931953184953],[-97.84927323173508,22.613226579001115],[-97.8533422482457,22.64394763737125],[-97.85000567587434,22.65753822369023],[-97.83995522850263,22.670314963991782],[-97.83429926026697,22.669745059246022],[-97.8313696144861,22.659735526000702],[-97.8295792208918,22.64386622244447],[-97.83006753014365,22.616400557875416],[-97.85000563607592,22.53461319914652],[-97.82005774625996,22.43329499044614],[-97.82209226022677,22.404282990817034],[-97.81777910265845,22.39069245924371],[-97.80907143029826,22.34031816973078],[-97.80532793308774,22.329169034859383],[-97.79922441665585,22.318833746456303],[-97.7742813766494,22.25348540580059],[-97.77135170020603,22.13165929335966],[-97.7606095152738,22.09585201880738],[-97.61046300868102,21.835760744078954],[-97.50812740523044,21.722805064022893],[-97.48997962947578,21.71283605392571],[-97.43529212347069,21.665350667297712],[-97.42487545966692,21.661037529013804],[-97.41380773616689,21.646714528045038],[-97.34227453925024,21.602972701227948],[-97.3162328737609,21.56093982715728],[-97.31916255216947,21.51984277207453],[-97.33360755484341,21.47833895642347],[-97.342274545402,21.435126058034783],[-97.34788976999997,21.417914083232763],[-97.37584387363728,21.37327705361021],[-97.38731850132564,21.359361142172904],[-97.39818273716499,21.341620132241996],[-97.40420488640461,21.318915131822447],[-97.41120357732393,21.27338286428949],[-97.41860917632368,21.27338286428949],[-97.43171140341353,21.342271292840596],[-97.45612545764996,21.39227937948868],[-97.46377518118521,21.424017570190948],[-97.4715470038566,21.430731511163476],[-97.47223874860876,21.437811664565118],[-97.45563716319914,21.455267582012617],[-97.43980871935966,21.466620162776227],[-97.41942297522637,21.476751986344002],[-97.40086829819772,21.48053623030168],[-97.39073646854074,21.472642387305445],[-97.38048255326292,21.489203205190893],[-97.37425695709304,21.504299174933116],[-97.37108312516318,21.51984277207453],[-97.37022865105114,21.537502381213375],[-97.37897700907925,21.55434800294149],[-97.39924067834589,21.570624029097882],[-97.43854733787059,21.59552647966833],[-97.48688717890947,21.636420017427245],[-97.50161698656804,21.660549195366816],[-97.55581621848154,21.71283605392571],[-97.60204016672914,21.77704498169255],[-97.62507076825455,21.79441967120796],[-97.63027909202998,21.804388687493386],[-97.630970835735,21.816839932435784],[-97.64761309192146,21.88434483360074],[-97.65884356430621,21.907456831899232],[-97.68590246552604,21.924505884331882],[-97.76756751365606,22.063788162387016],[-97.78111732827618,22.09585201880738],[-97.77700761358632,22.073065483327163],[-97.760121224262,22.03685131116282],[-97.75145423128122,22.025702217597768],[-97.74429278224004,22.006415158524877],[-97.71971593813203,21.951808918352846],[-97.7126358737379,21.910956137636227],[-97.70836339961518,21.82745996274368],[-97.6881404295867,21.76080964037353],[-97.67259679654512,21.67527896713217],[-97.6575821487444,21.636541988162236],[-97.5776260988984,21.501043970706675],[-97.56200111455311,21.485663202770642],[-97.54564369573745,21.477362440332506],[-97.53066973706099,21.476263803406567],[-97.51610266263731,21.481838251776196],[-97.50059973522156,21.493109420005936],[-97.48940995669912,21.48078032177502],[-97.49071203071976,21.462144201429062],[-97.50059975007045,21.421088022609144],[-97.49681556087195,21.400620845933606],[-97.42951413207473,21.271673924789365],[-97.42829342897585,21.260402765220018],[-97.41250565956919,21.25519438284724],[-97.40489660805765,21.2418887040763],[-97.3975317104851,21.20514560727714],[-97.33804277012779,21.054999074013057],[-97.26813717135246,20.92788318927655],[-97.19717363760779,20.81020745742643],[-97.18700110096623,20.776800817969836],[-97.1778458342787,20.759466877601504],[-97.18321693064159,20.756048922705556],[-97.18814042710741,20.75177642270324],[-97.19831295844052,20.73895907254115],[-97.15054277287302,20.647040105240585],[-97.0344132129635,20.514553114767512],[-97.00031490542904,20.485744517543523],[-96.95986894123584,20.464829803369256],[-96.94033769691744,20.44916414756171],[-96.9256485695008,20.410345785065324],[-96.91087806187105,20.3928083523032],[-96.88361569064719,20.368475662934124],[-96.81480872344919,20.29043203571403],[-96.75328528711479,20.24079011274371],[-96.7342830085475,20.221014725365013],[-96.72154700323085,20.192694398343935],[-96.71157792894239,20.1824404966517],[-96.70116126190425,20.173976954420556],[-96.69522050767418,20.170477610084173],[-96.68443762900299,20.16673411701849],[-96.67601477761052,20.157863671640584],[-96.64110266759582,20.10024648354918],[-96.57510331882331,20.026434635927338],[-96.50987708560895,19.929754971947247],[-96.45612546352928,19.86880122592452],[-96.44009356934936,19.837714027485305],[-96.40514074538436,19.741847996458564],[-96.3936661231492,19.654120050599182],[-96.36001543006383,19.53685131050694],[-96.34923255763727,19.519354599608853],[-96.31550047056915,19.48224527933825],[-96.31029211348059,19.46295802894049],[-96.32070878625763,19.438828832325125],[-96.31916258045139,19.424709477820258],[-96.30479894102844,19.391994435058965],[-96.29845128416687,19.354152632708747],[-96.29035396268145,19.33258693607325],[-96.27830970727963,19.314601999707605],[-96.25450598207392,19.30145900944536],[-96.17162024636775,19.234116931264644],[-96.15737871922155,19.225165162789786],[-96.13194737400578,19.235907164700876],[-96.12214106831783,19.222072586027366],[-96.11872310856741,19.198472383007005],[-96.112416152264,19.180121205791224],[-96.10289466948237,19.165838986322548],[-96.08849034789458,19.115301725548846],[-96.07738196960528,19.096096124451876],[-96.06143143662449,19.07851792541144],[-96.04124917124219,19.065660010809673],[-96.01716061709716,19.06061436271871],[-95.99120031093997,19.061021139000573],[-95.9771622260841,19.058254219063848],[-95.97032628873086,19.04608788204296],[-95.95628822299714,18.975816197588205],[-95.94176185182828,18.93895093776025],[-95.92369546592928,18.907660371643786],[-95.90355383329481,18.88190334531735],[-95.86774652724897,18.849107028633938],[-95.84434973346409,18.833400748527293],[-95.82437090447898,18.826646266360978],[-95.80825761978541,18.82453036458651],[-95.78604081204902,18.818833682674413],[-95.76520747402708,18.81045149034225],[-95.75275632125067,18.799994253229837],[-95.75121010203569,18.792792134092338],[-95.75275630304657,18.76581445161914],[-95.77790280455613,18.77850986766759],[-95.82457434150409,18.813299831522222],[-95.87950598106485,18.828517921599307],[-95.91478432661893,18.862494317564426],[-95.9376521549152,18.868231554987315],[-95.9588516707651,18.856390559992818],[-95.93651282737216,18.838364990756656],[-95.90099035954566,18.82233304727191],[-95.88243568913587,18.817043442798134],[-95.87291421066612,18.79877362129564],[-95.85069737364817,18.779852472882645],[-95.8073624345711,18.752142648565123],[-95.8073624218328,18.74469628004682],[-95.82420811625092,18.745265888498775],[-95.8513077620078,18.75617106585629],[-95.86632238975271,18.758978550275508],[-95.87730874051103,18.75238689521336],[-95.87303625536019,18.737860377573192],[-95.8618871698807,18.723374716286894],[-95.85204018632159,18.716783059397223],[-95.83584548574372,18.71759661426053],[-95.82433021703483,18.720119595668955],[-95.80113684699681,18.73102447473567],[-95.79775958352302,18.735052892690703],[-95.79718991839103,18.73948808788145],[-95.79417882220804,18.743231400915096],[-95.78343664083582,18.74469628004682],[-95.77472896055798,18.744045256037737],[-95.66930090372655,18.714341493497177],[-95.6468806838727,18.71059817962483],[-95.62840733677662,18.700344022644284],[-95.60643468518558,18.681056940183055],[-95.58503171453204,18.669663863752177],[-95.5683487825724,18.68329511793812],[-95.60826576351421,18.707668420570098],[-95.67430577498124,18.729396764320263],[-95.72838293545298,18.757228867109138],[-95.73281817024919,18.799994253229837],[-95.66417395336558,18.751043989281847],[-95.58360757234497,18.721665890632636],[-95.49518794180067,18.707342758259266],[-95.36473547333225,18.703273781864112],[-95.27525793888694,18.70990629744221],[-95.20836339233439,18.708644806644696],[-95.1900528423621,18.70514543891934],[-95.1730037034088,18.696722681532332],[-95.13809162151192,18.66705976619258],[-95.05142165727341,18.612249929841916],[-95.03840086132043,18.59796794408274],[-95.03331458883251,18.577134550181057],[-95.02424069577214,18.564032336818926],[-95.00255284647722,18.555405881158478],[-94.8719376165706,18.535833973227522],[-94.85505122305563,18.527899398931968],[-94.80785071627695,18.52362702810152],[-94.78693598203756,18.511948833290937],[-94.76919509460119,18.483343681041724],[-94.73859615012331,18.406805680831216],[-94.71800698013658,18.37482340552089],[-94.6527400611907,18.313788301248447],[-94.62828526594578,18.285345641659273],[-94.5808813077626,18.18984605594419],[-94.57502192082252,18.188299755252384],[-94.54332434233676,18.16620510858926],[-94.53087318737963,18.16063067418706],[-94.50023352102451,18.157619488119728],[-94.466949014235,18.144232432561232],[-94.43846593349711,18.147202760714237],[-94.41006425285516,18.153550496303225],[-94.3884171004852,18.155706965841695],[-94.35415604293523,18.16852440972345],[-94.2071427103317,18.189642666481593],[-94.1348770976506,18.207993982926396],[-94.11164303693512,18.22085198037264],[-94.08458409978624,18.232245092361154],[-94.00780190089765,18.248439935629985],[-93.9918106658254,18.262152345398512],[-93.97256424807709,18.27212142847491],[-93.86148027045661,18.306545298601065],[-93.86831622413112,18.295803218138612],[-93.87751216429889,18.28652572042184],[-93.88540605659466,18.276068443741746],[-93.88878332183654,18.262152345398512],[-93.87828526900314,18.256903277261014],[-93.79820716319658,18.26748282919016],[-93.78111730564878,18.27277245467173],[-93.76744541990523,18.281195237284],[-93.75910397407901,18.29222242434172],[-93.75885981130192,18.301499621287686],[-93.76349852225748,18.30825442974741],[-93.76675371152956,18.31484610587029],[-93.76252192708843,18.3239199121557],[-93.75617426261321,18.329290951491515],[-93.74400793434243,18.336004900607104],[-93.73859613874596,18.340643497817165],[-93.72520911092839,18.337103563184584],[-93.71060136822801,18.339585693375287],[-93.69640050328094,18.346177368136217],[-93.68394934208308,18.35492580983193],[-93.67756102191983,18.336411979577814],[-93.65721594660529,18.333319381082077],[-93.59284419867603,18.344956732154447],[-93.58120685011718,18.356268719621212],[-93.56663977957555,18.389064856166787],[-93.57640541084716,18.411851354595186],[-93.58031163778753,18.41632711793477],[-93.58873451591168,18.415350729783384],[-93.60260982930075,18.411037497493155],[-93.61554926754697,18.404974577388913],[-93.6212459200606,18.398993373220993],[-93.63267981922037,18.390448323316363],[-93.70384679804498,18.368597652375747],[-93.71007237761293,18.363348587899413],[-93.71873938371611,18.351874069823044],[-93.72492426143131,18.347479419896153],[-93.7690323367397,18.340643497817165],[-93.80345617423404,18.317083989012293],[-93.81411699118037,18.312079170164022],[-93.82542882214133,18.31146870182338],[-93.83682206782262,18.3093122344076],[-93.84780839764022,18.299709374679725],[-93.83958899253011,18.318548872629936],[-93.82079014549119,18.327541262895554],[-93.80186926813055,18.333685601948645],[-93.7932022575037,18.344061458895474],[-93.78197181044062,18.352972732284677],[-93.59666906937719,18.419907908763832],[-93.5523575585014,18.429388787353865],[-93.44469152184911,18.441799129711505],[-93.30553135943042,18.437933534553032],[-93.15575110738642,18.443060622971934],[-93.15575112842758,18.436835173152403],[-93.16567950240909,18.42153562286447],[-93.17308507932238,18.413641599862046],[-93.18309485170316,18.408921589177485],[-93.17837482642898,18.400376840277332],[-93.17642170042139,18.37767175584502],[-93.17003332110741,18.368597652375747],[-93.16047114861675,18.36896387315621],[-93.14525307237896,18.374457184754878],[-93.13036048531724,18.382228935993524],[-93.1216528005681,18.389064856166787],[-93.12254796143692,18.373968690113962],[-93.13385984450993,18.35488525215353],[-93.13532465486989,18.340643497817165],[-93.1284887168712,18.340643497817165],[-93.11412513544214,18.361639757803395],[-93.10732987111474,18.368597652375747],[-93.1148168758804,18.37482340552089],[-93.09479731211043,18.378119091947273],[-93.0883682893133,18.392767621092894],[-93.09593666912524,18.40888103151388],[-93.11823481486269,18.41632711793477],[-93.13939370032986,18.42023357175626],[-93.13760331393993,18.428859735237673],[-93.12193760946897,18.437933534553032],[-93.10114498738557,18.443060622971934],[-92.93976966622704,18.44574103324008],[-92.85573099422258,18.466046596469226],[-92.80678943852895,18.494094159777607],[-92.75930740134656,18.536672464619755],[-92.73839272461959,18.564195168149247],[-92.73058021366693,18.577134550181057],[-92.72630776286101,18.58763266318186],[-92.71690833054552,18.59218983658227],[-92.70750892186871,18.590887787054893],[-92.70327712594694,18.584295823151063],[-92.6902562923592,18.552923754685636],[-92.68219968653874,18.455959458522095],[-92.66909746743055,18.429388787353865],[-92.66226153592304,18.45734292503561],[-92.67027748694015,18.47284586060246],[-92.66942297277821,18.49420802159531],[-92.66226151086005,18.535833973227522],[-92.66836505112481,18.55654540011128],[-92.69298254870439,18.602525117135922],[-92.69587154603177,18.61562732678754],[-92.68101968105022,18.622870313777977],[-92.65632078717655,18.62425377862594],[-92.61082922621604,18.62181221101165],[-92.5889786624772,18.624904803230244],[-92.48614401288037,18.648482586958632],[-92.40514042693448,18.67106264986818],[-92.29271397593759,18.676825131775633],[-92.18675694962556,18.686224577113887],[-92.06013264602282,18.70161723015583],[-91.9793087754196,18.698430305809055],[-91.94806006167902,18.69122487626729],[-91.9208064443218,18.66193268609861],[-91.86693274095441,18.62836331505754],[-91.86042232525485,18.62181221101165],[-91.86042233021983,18.609808662436404],[-91.86656653292074,18.598374721880113],[-91.8766169918625,18.590155346636916],[-91.88829506770868,18.58763266318186],[-91.88365638070562,18.594305742144332],[-91.8808487703198,18.60130448335077],[-91.8926488873424,18.596625036574547],[-91.90510005074246,18.59442771540162],[-91.93236245457113,18.593898964334734],[-91.94253495691817,18.598374721880113],[-91.94066322177756,18.60887283323836],[-91.93724522628793,18.620550719372208],[-91.94294185188483,18.62864811953692],[-91.95018470459868,18.629543390997647],[-91.95628823682901,18.627386928388447],[-91.97606360792679,18.61155834757131],[-91.98070228383322,18.611273543055702],[-91.98534096580543,18.61383708410115],[-91.99445553005421,18.61562732678754],[-92.00820876977437,18.612982370140294],[-92.0113826374626,18.607367394986706],[-92.00503494679427,18.6023622858514],[-91.99071205132975,18.60130448335077],[-91.99071206358421,18.593898964334734],[-92.00357012232661,18.590236762286523],[-92.01646889343142,18.58966715316499],[-92.0284724723069,18.593085108285138],[-92.03913327533412,18.60130448335077],[-92.03726150864138,18.595444960346097],[-92.0366918756172,18.59105061835318],[-92.03538978098005,18.586737391443076],[-92.0316463087774,18.580796752581673],[-92.03990637412551,18.574204788189842],[-92.04600989138002,18.566636436373486],[-92.05016027772169,18.55760320295882],[-92.0528051421085,18.546698309709438],[-92.04775958481093,18.550726733237557],[-92.03164628033713,18.56037013397003],[-92.0137426406808,18.54633208938285],[-92.0038956277265,18.5417340564062],[-91.99071202918127,18.539251929687843],[-91.96861729787915,18.545721622027497],[-91.95518960118194,18.547674997384462],[-91.94912674268323,18.5430361064002],[-91.94261635083295,18.529974747854283],[-91.92662511930743,18.51829655357428],[-91.90672766007742,18.509710953133848],[-91.88829503254128,18.505763944119053],[-91.91502844363343,18.525580103342335],[-91.94298255810274,18.541978303441073],[-91.96418207964686,18.562323208692646],[-91.9702856315796,18.593898964334734],[-91.95006260712617,18.584295823151063],[-91.93883218079618,18.57526289132804],[-91.92625892630934,18.57233312929674],[-91.90196694674813,18.580796752581673],[-91.91502844234681,18.56037013397003],[-91.90135657986903,18.55573154383932],[-91.8881729868101,18.548163191005976],[-91.87816323191863,18.537990737712033],[-91.87401281863629,18.525580103342335],[-91.88829504086596,18.532416016683108],[-91.88931231196263,18.52924230711193],[-91.88906814616261,18.52680073780061],[-91.89004473440679,18.525458130024],[-91.89452063063489,18.525580103342335],[-91.87694251747664,18.514390402861764],[-91.83722896711932,18.50324125912438],[-91.82628332304155,18.49144108927123],[-91.82909096104034,18.47728106440433],[-91.85423744125326,18.448309684593497],[-91.86042233731256,18.433172966999788],[-91.85228431981284,18.42015215600822],[-91.83397378370789,18.40277755365512],[-91.81427977219062,18.388658077766788],[-91.8020727229069,18.385646896119653],[-91.79234777226729,18.40155661771117],[-91.79649817974476,18.415920339610327],[-91.80601967569028,18.431219890489558],[-91.8126114730059,18.450507008065788],[-91.80443275915654,18.442206208390445],[-91.79454505985464,18.43732336715673],[-91.78343663967884,18.435614237493784],[-91.77159585409433,18.436835173152403],[-91.78209389354203,18.450140787489403],[-91.79649817444336,18.462632543783972],[-91.80516517868334,18.475897598083886],[-91.79832922204426,18.49144108927123],[-91.77281653665239,18.478501699281303],[-91.71174069816882,18.462795375232115],[-91.68224037998313,18.450507008065788],[-91.66356358885282,18.45620340527855],[-91.61815346011139,18.44525794652429],[-91.59288489636317,18.443060622971934],[-91.54442297631238,18.449164099138805],[-91.52131100062381,18.45506418593947],[-91.5040584076721,18.46417884167959],[-91.50259356161858,18.449693151180675],[-91.49583897340236,18.43960180610649],[-91.48648026806201,18.43642809445832],[-91.47740638036144,18.443060622971934],[-91.47541258126319,18.45465740772392],[-91.4824926417944,18.484686589647385],[-91.48363195273005,18.49827700427614],[-91.49046789072916,18.49827700427614],[-91.49201414394777,18.49286541350693],[-91.49583898254943,18.485174783488574],[-91.49730383776206,18.47776925827098],[-91.50804603372667,18.477199648688543],[-91.53404698468073,18.465806254853792],[-91.5388891333824,18.471014757996837],[-91.53404702417406,18.480861853717123],[-91.5116267520346,18.505275750349032],[-91.50405837872894,18.511948833290937],[-91.48045811552574,18.52431861081566],[-91.42381749274281,18.544338156381926],[-91.39488684039014,18.56037013397003],[-91.37930252916424,18.554836271891972],[-91.36164305174692,18.558010281303265],[-91.34504146744774,18.56561919121418],[-91.33283445147828,18.573431790065833],[-91.32408604527505,18.584295823151063],[-91.30724034496015,18.615383079884403],[-91.30174719528368,18.62181221101165],[-91.26821855428642,18.619126696883324],[-91.25133215337671,18.619696305880705],[-91.2440079553426,18.62518960771695],[-91.23615473314875,18.63540261209084],[-91.19701089370253,18.646389214247055],[-91.18199623340617,18.656561659404556],[-91.19912675196808,18.663234734935426],[-91.21231033368983,18.661322219265298],[-91.23721269147671,18.64911528542095],[-91.28482013755693,18.636704961614416],[-91.29865474294874,18.62864811953692],[-91.2664281803064,18.704291025974843],[-91.265532992621,18.73566305875223],[-91.28563390755758,18.76581445161914],[-91.3023575346386,18.78095113191686],[-91.31061765385067,18.784491355548724],[-91.32258052858184,18.78563057209347],[-91.33259032036723,18.782904503793905],[-91.33665930222983,18.776597353702762],[-91.33967038662962,18.769924284015858],[-91.34650630355058,18.76581445161914],[-91.36701413124446,18.77122633176645],[-91.39537511382015,18.80658590581039],[-91.41470294439547,18.81362549356207],[-91.40111241734503,18.83738830525507],[-91.38072671329888,18.859442589029598],[-91.3577367749105,18.87563705820168],[-91.31110593365999,18.89081458306054],[-91.2805069772929,18.91201414523809],[-91.25304116265636,18.93707928421843],[-91.23721269038651,18.957586957426525],[-91.26085363443353,18.952622720076807],[-91.32599851350774,18.90298093609033],[-91.39126543103873,18.87128328330335],[-91.41681881760509,18.85016512952875],[-91.41470293518083,18.826646266360978],[-91.42418373229124,18.821844854672115],[-91.42902585118175,18.826646266360978],[-91.45213784338988,18.81159100707777],[-91.46426348239422,18.80829503074949],[-91.48363197817135,18.807359202982074],[-91.50340737723138,18.809556520560367],[-91.5052790810384,18.8165549497514],[-91.48241124886582,18.842637351329763],[-91.4311880133653,18.88011731232192],[-91.36691319804176,18.914069059024584],[-91.281747658415,18.965560860873197],[-91.16161049774915,19.01626222022839],[-91.0795792325238,19.0873477329329],[-91.05899002015917,19.097153922707598],[-91.0136612557955,19.113348659549818],[-90.9355362715041,19.163072068959387],[-90.8565567518065,19.258286732489555],[-90.83592687009642,19.272284136892928],[-90.80308998803812,19.282904461974553],[-90.76935789877123,19.309231002832647],[-90.74242103593981,19.342963009713216],[-90.73009193688488,19.375922012867733],[-90.71434485546328,19.569891665515247],[-90.70494542487577,19.611883744842682],[-90.70278886438662,19.632554418530013],[-90.70498615413709,19.654771369624445],[-90.70872964138097,19.670966019200883],[-90.70946203606115,19.687486025000844],[-90.702788858559,19.711126971753277],[-90.6837052294672,19.75291590264308],[-90.66454016835893,19.78192780432708],[-90.60673301137334,19.82121958432278],[-90.51685637927336,19.88165212831457],[-90.47782274904631,19.922101094658913],[-90.46825111513662,19.964300907257382],[-90.4638565636519,19.977850579404855],[-90.46255448226873,19.99567286238206],[-90.46719316298508,20.013332423903712],[-90.49738522007829,20.067368882507832],[-90.50023352765488,20.07925039076522],[-90.50015214781638,20.088120833811246],[-90.49738522018961,20.10834381822859],[-90.49665279849016,20.18463775870116],[-90.48729407541124,20.234605212660643],[-90.48989823986025,20.290228575633716],[-90.48827063636278,20.312079164883134],[-90.4756567065383,20.368475662934124],[-90.47447669279298,20.408514721118124],[-90.48957271763553,20.4905459507638],[-90.48989823929563,20.534125056025722],[-90.46690832967882,20.61888253907395],[-90.4593806655763,20.7155215685359],[-90.44912675406326,20.742132861160513],[-90.3932185550323,20.804144604617825],[-90.37905840245602,20.827460056553324],[-90.36705481302567,20.88149646056428],[-90.341908329355,20.93915434709216],[-90.33910071929195,20.972357516413698],[-90.34654700829233,20.972357516413698],[-90.36017818716621,20.91771066727415],[-90.37808183715661,20.880682697801827],[-90.38068600313221,20.87303295224725],[-90.38532467954137,20.849107199486827],[-90.39806068110668,20.82074619372074],[-90.41755124008789,20.797105236201713],[-90.44212805948284,20.78742096909512],[-90.44212805512912,20.794256878195217],[-90.4222305973245,20.819566143673406],[-90.36009680339252,21.00039293522039],[-90.34968014747575,21.016750427928876],[-90.33238684599408,21.03245676020854],[-90.22008216423767,21.098374762634577],[-90.19945227907547,21.114162508853244],[-90.13361568833245,21.13686757574724],[-90.09947669033365,21.16412993938718],[-90.0777481720224,21.17373278966797],[-90.06574460053865,21.17715081827626],[-90.03490149910716,21.1805687717948],[-89.98216712324052,21.198920003273816],[-89.92153886385718,21.240668022358292],[-89.90428626408469,21.246730874272853],[-89.8863826182112,21.2498233230796],[-89.7859594315182,21.2845726103631],[-89.67756101069293,21.301906698384443],[-89.59805254668521,21.301906698384443],[-89.45905514647599,21.32510003056556],[-89.26915443680825,21.343003717081764],[-89.18708247434259,21.36554589148038],[-89.14736895568508,21.370266092718527],[-89.12315832721491,21.36347073938767],[-89.11261959234716,21.36277902202662],[-89.10269121140271,21.365383213975957],[-89.08153235428281,21.374416397013857],[-89.07477780877359,21.376410285533492],[-88.9890844403131,21.390082106406435],[-88.9229630206925,21.40859610043361],[-88.87877357539939,21.413072060791023],[-88.85952714069754,21.417914083232763],[-88.82396400667959,21.431626763390927],[-88.70270747796096,21.45856349249881],[-88.66755123788,21.480129311039942],[-88.6054581325615,21.534084348613387],[-88.58592689002573,21.541815516350937],[-88.52354896420884,21.548407340123717],[-88.50413978367385,21.55418532530281],[-88.46764075977279,21.570135845928597],[-88.44782467257373,21.575099992876495],[-88.36929277157502,21.575099992876495],[-88.35240637797683,21.57184478744736],[-88.31818600479349,21.557766035908795],[-88.30040443453204,21.554592244715028],[-88.28270423575617,21.556708105504807],[-88.25035560106781,21.566107508676257],[-88.19517981310311,21.571437867996604],[-88.17723549108634,21.576727670718466],[-88.1638891273924,21.585638741517556],[-88.14928138310123,21.591131929309224],[-88.0847875669115,21.589300866692664],[-88.10456296019007,21.596584410303763],[-88.12865149148335,21.6015078510317],[-88.15221106224097,21.601141638484624],[-88.18675696887858,21.583156667878246],[-88.22695878899036,21.57477448735192],[-88.23509681707453,21.573797970781797],[-88.23058019997914,21.58226141498865],[-88.21019446523898,21.593247790532484],[-88.18797766275677,21.600409213392833],[-88.16075599724978,21.604966591886733],[-88.13890540972125,21.613999785083376],[-88.12946529675978,21.616034232640256],[-88.11497961753025,21.614203169753832],[-88.07111568560735,21.602972701227948],[-87.98542232661069,21.602972701227948],[-87.96206620717106,21.600083707820843],[-87.8997696595826,21.575099992876495],[-87.85789955265604,21.564398567211846],[-87.76984615747092,21.552639061586568],[-87.70978757426211,21.536851370297324],[-87.70628821541914,21.53343333770886],[-87.71483314610418,21.52667883683548],[-87.72500566229206,21.52326080442547],[-87.7376195859899,21.522406258779657],[-87.7498266192797,21.524603533124758],[-87.75918536243292,21.53034096083723],[-87.77432207401581,21.536769956380432],[-87.8445531961535,21.548407340123717],[-87.86563067149004,21.554592244715028],[-87.84170488154236,21.536322330048293],[-87.81135006184633,21.52106353009529],[-87.77806556347846,21.51064690593849],[-87.74551346525524,21.506781247536406],[-87.67690994926363,21.506781247536406],[-87.6448461510501,21.50031154600752],[-87.62840736659699,21.499497857619378],[-87.61180578227162,21.506781247536406],[-87.65428625231804,21.508612309346645],[-87.67454994016798,21.513576604898425],[-87.69058183188474,21.523586309860505],[-87.68565833468523,21.528753990357988],[-87.61856035628334,21.520453226189048],[-87.56273352183561,21.501410183057207],[-87.53978430928011,21.499335029816034],[-87.51065018726874,21.50067775835678],[-87.50194251227995,21.499335029816034],[-87.49844315823351,21.495265987085453],[-87.49453691441869,21.488104568204882],[-87.48753820496611,21.481756837881278],[-87.47459876385467,21.480129311039942],[-87.4815160718021,21.475978854781754],[-87.48753821568222,21.473578196429557],[-87.49242103691574,21.474432741875543],[-87.49571692785514,21.480129311039942],[-87.50194251385525,21.480129311039942],[-87.49274654933689,21.46849193118794],[-87.47411048560429,21.467108495902597],[-87.42992103836033,21.472642387305445],[-87.4083552717265,21.47028228572463],[-87.35106360482297,21.452134499341643],[-87.28929602038353,21.454575864409026],[-87.27257238912651,21.44843166974195],[-87.25694740017661,21.440619241735444],[-87.23818925327818,21.44301989974315],[-87.16612709232912,21.472642387305445],[-87.15558833500418,21.481756837881278],[-87.14244543326176,21.501369476106],[-87.13512122202681,21.51019927966553],[-87.12999427967273,21.519436002946115],[-87.13190671251255,21.528469191871082],[-87.13634193619507,21.536851370297324],[-87.13878332906133,21.54462309489673],[-87.13687090008462,21.552679768548433],[-87.13483638491603,21.558335632971094],[-87.13833573438384,21.56305568802017],[-87.15306556078075,21.568264076564677],[-87.17577064185006,21.569037208487206],[-87.19985917192754,21.56232326308716],[-87.22183183597396,21.55084870632443],[-87.23810788242146,21.537502381213375],[-87.25658118608705,21.528021565558113],[-87.28050695940857,21.52789944468832],[-87.30479895480482,21.53339263075114],[-87.32437089008731,21.540920263664084],[-87.33120683062536,21.534084348613387],[-87.33678137580493,21.548244512280057],[-87.33747311943903,21.554592244715028],[-87.3533829403798,21.54682036949471],[-87.37950597774358,21.52708560597879],[-87.39952552527015,21.520453226189048],[-87.39785722856062,21.516058677614918],[-87.39732825613626,21.515326252861936],[-87.39606687097482,21.515448373723967],[-87.39207923976065,21.513617311852062],[-87.40233313560287,21.50946685493376],[-87.41038977828912,21.51239655387666],[-87.4144587858561,21.52106353009529],[-87.41315670062127,21.534084348613387],[-87.38243566627787,21.558294926007992],[-87.37218175952864,21.569159179173546],[-87.36530513728114,21.573960648438018],[-87.35773678421089,21.575140699843374],[-87.33397376013149,21.574367567894488],[-87.3026423767712,21.569240593104638],[-87.29303952704784,21.565130992153232],[-87.27212481394508,21.560777149512802],[-87.2438858679341,21.568548875112004],[-87.13418535883942,21.619452266819415],[-87.11148028107417,21.62343989834678],[-87.0433243594602,21.602118305418752],[-87.02619380869504,21.592433951532698],[-86.99791418198649,21.565903973852144],[-86.94469153003406,21.49306871305633],[-86.94017492463391,21.48285547483487],[-86.9336645056599,21.474839510916567],[-86.92918859996198,21.466213243540086],[-86.92479408318928,21.446112425561672],[-86.9185278087617,21.439602018865163],[-86.909413209532,21.435003937217257],[-86.89858965844809,21.431626763390927],[-86.89476477985446,21.443833738134675],[-86.88536536144484,21.445217173280557],[-86.86449132882623,21.438543938849342],[-86.83877519005625,21.437933635173955],[-86.82795162819505,21.433294996828824],[-86.81257076697786,21.382798569855417],[-86.81045489337876,21.370266092718527],[-86.8124893856017,21.354803768814115],[-86.82144120140285,21.329982758477538],[-86.82347570589461,21.318345385114377],[-86.82286536998274,21.269517359412475],[-86.81505286873731,21.204779395275246],[-86.79092363298706,21.158351961527963],[-86.74156653439574,21.16412993938718],[-86.74425208135735,21.15468984174766],[-86.74746659671803,21.14899320266144],[-86.75108802357437,21.14402906265923],[-86.77257239345184,21.09902577274208],[-86.77717037877565,21.091986406767948],[-86.7899470706415,21.064886796885947],[-86.78880774871037,21.05853914797752],[-86.78368079435198,21.04905834397067],[-86.78254147427488,21.044012790367965],[-86.78368079379466,21.0359561272749],[-86.78673255517921,21.035101657738675],[-86.79112708676378,21.03620029361595],[-86.79621335002278,21.033840269335357],[-86.80223547551311,21.029852569584282],[-86.81753496365388,21.024725677250327],[-86.82347571804301,21.020168381197536],[-86.82774817457395,21.012640682534194],[-86.82994544090545,21.004461973733086],[-86.83092200121324,20.982611376487117],[-86.83315995972093,20.971014714146094],[-86.85081946323744,20.91771066727415],[-86.87515214315681,20.865301792744965],[-86.87531490978257,20.8550479308753],[-86.94322668793382,20.762274453875207],[-87.03636634497161,20.663275491201198],[-87.05679277852262,20.630438580896588],[-87.06745358104982,20.61920808201485],[-87.12262936234319,20.586656000974955],[-87.13809160030885,20.57184478938209],[-87.18040930804851,20.54718658464264],[-87.23497473937513,20.492580473507935],[-87.35391191206496,20.32697174074301],[-87.36534583114845,20.293931376299753],[-87.37840735527378,20.291001690139755],[-87.3846736327092,20.284165761747722],[-87.38467363309567,20.275376702335603],[-87.3790177080166,20.26666901880729],[-87.41006425763385,20.2462832742441],[-87.43049069039861,20.221014725365013],[-87.44399980515867,20.19114818675964],[-87.4658910803083,20.11176178806601],[-87.47130286372179,20.069037175135662],[-87.46776280691395,19.984849229696103],[-87.46043860616656,19.962388415118117],[-87.4378149302726,19.921535698508592],[-87.43301349588975,19.899847856544877],[-87.43419348790133,19.889227598623183],[-87.44253496068902,19.853094798628014],[-87.44774330016821,19.84894445114272],[-87.45445716446159,19.84711337124724],[-87.46092689377207,19.841498159478782],[-87.47427325901333,19.797064641001864],[-87.4798070906031,19.784328488463526],[-87.48273678644328,19.82550692612137],[-87.48176021174349,19.83665593656476],[-87.47834225877345,19.841498159478782],[-87.46703040181751,19.842433978060388],[-87.46043858452845,19.849554610817517],[-87.45238196347293,19.85199615074537],[-87.44733637107504,19.86196509548292],[-87.44522050600436,19.87433502131511],[-87.44391843073183,19.91347895318848],[-87.46165929554994,19.928778296744884],[-87.46621660564035,19.93829990313529],[-87.46776281532881,19.95441308812041],[-87.47101801783928,19.962144171302803],[-87.47801675067481,19.96482995196531],[-87.48501542415609,19.962307000513068],[-87.48827062732656,19.95441308812041],[-87.48648027820653,19.946478617924026],[-87.47789468028927,19.938177931405946],[-87.47459876734743,19.93085361887847],[-87.47093663618297,19.898911738135297],[-87.47154700876274,19.884711036968564],[-87.47459875372057,19.875637055425553],[-87.46959386033394,19.880438418703942],[-87.46495522510016,19.883856633501154],[-87.45470130506583,19.889309013295048],[-87.49693762612142,19.829657274675228],[-87.50560462983184,19.820990361291926],[-87.51048741971944,19.81708395613156],[-87.51744544093198,19.809149473830637],[-87.52525794753548,19.802883242160476],[-87.53294837366451,19.80390047588574],[-87.54206297633904,19.81268966320912],[-87.54967200082663,19.81761300170678],[-87.55687413414472,19.814886659484994],[-87.56456459235844,19.800482558507312],[-87.5799454492762,19.799017693817174],[-87.60041254647786,19.77138894743846],[-87.61831620110549,19.7368837963149],[-87.6287328638988,19.70856345607023],[-87.64655513731948,19.677639033582548],[-87.65831459971504,19.644842959942928],[-87.66734777246562,19.633775041125197],[-87.68004308966,19.635972342011904],[-87.66909747168867,19.642279442473466],[-87.65884355213024,19.65546294544809],[-87.65420487152585,19.670843746692764],[-87.66014564170675,19.683783301587976],[-87.67048091931774,19.68187080358037],[-87.72419186656035,19.682033633289716],[-87.73468991271078,19.683783301587976],[-87.74120034640691,19.671698452550878],[-87.74425207156612,19.65180077801934],[-87.74437416168419,19.630601362260737],[-87.7420955276537,19.61493575259114],[-87.73151608054378,19.600531320650536],[-87.7027481790018,19.583319423160063],[-87.70055092054123,19.573920053087015],[-87.69310463608878,19.570135910362676],[-87.68325762462051,19.567572390918997],[-87.6719864783649,19.566717984564274],[-87.66014563626848,19.56777577808461],[-87.66637123362838,19.552476375436846],[-87.66926021130493,19.523342131538076],[-87.6738174977629,19.505682588257564],[-87.65440834217486,19.507473117438817],[-87.64159096257663,19.518052560594228],[-87.63097084242867,19.532782364140942],[-87.61856034687709,19.546616901271943],[-87.60728919313492,19.55267976263371],[-87.57852126656246,19.561468672784926],[-87.56456458126932,19.56777577808461],[-87.53669187629927,19.56028890697299],[-87.51553300133824,19.54800035487848],[-87.50938879688222,19.546616901271943],[-87.50291906457069,19.55003482776905],[-87.50080319936603,19.55634193380223],[-87.49941973310314,19.562974398827393],[-87.4957169252699,19.56777577808461],[-87.48672439255783,19.567816335348024],[-87.48013261272096,19.56281156891729],[-87.47435463628833,19.56028890697299],[-87.46776282427011,19.56777577808461],[-87.46401934751746,19.565171701314767],[-87.46174069610004,19.562974398827393],[-87.45909583029565,19.561428115518908],[-87.45470131628491,19.56028890697299],[-87.4677628050225,19.554103773424217],[-87.46776282088415,19.546616901271943],[-87.4413956555155,19.5536564417667],[-87.42674720861417,19.57355383604187],[-87.42577061689441,19.592108330561743],[-87.44041906213094,19.595038066327515],[-87.43443761925727,19.58417382936984],[-87.43407143054083,19.57713459148836],[-87.44391843351328,19.573920053087015],[-87.4745987715166,19.573920053087015],[-87.50226805253337,19.577948440493],[-87.51524818995387,19.581732582915173],[-87.52920486573524,19.587591754558233],[-87.50877846562396,19.588446461154707],[-87.44733641348905,19.580796761743912],[-87.44733637575044,19.587591754558233],[-87.44908607118337,19.593898858173127],[-87.44139561753836,19.618882422966326],[-87.44041906668275,19.635972342011904],[-87.42121332406919,19.599839444008833],[-87.41274980277151,19.577622780722287],[-87.41633053227056,19.56777577808461],[-87.4232071656616,19.558010189417335],[-87.43301348585332,19.492010875458316],[-87.44391840278251,19.472560796873974],[-87.45840410284254,19.455023517430842],[-87.47496497085855,19.442328177553783],[-87.49193274558651,19.437445377211404],[-87.49852453287343,19.433783201694848],[-87.52611244394218,19.406398897068954],[-87.53477940427183,19.402044842431042],[-87.57079019027528,19.396429905211487],[-87.55256101862115,19.401597510097698],[-87.54539956169107,19.411444529049888],[-87.54246986379609,19.423895627568115],[-87.53669186058632,19.437445377211404],[-87.57168535001175,19.4279645783395],[-87.61766518525205,19.405463074259885],[-87.65566974395988,19.373236516036485],[-87.66706297313603,19.334377468281907],[-87.66014565513458,19.334377468281907],[-87.65269933470712,19.35488506838794],[-87.64655512870799,19.35488506838794],[-87.65493728582449,19.339056585444855],[-87.66942297740421,19.32318754275237],[-87.67585202876174,19.31118406532555],[-87.66014565164951,19.307033694825712],[-87.68114171409667,19.265285434919484],[-87.68785559722086,19.242132874740403],[-87.67690995373874,19.2319196217171],[-87.65868077382757,19.227525002488566],[-87.64907793871824,19.220648570663254],[-87.63898678873255,19.22093337373758],[-87.61856034350832,19.23818588937929],[-87.59251870041217,19.268256037873368],[-87.58193927588279,19.286119009540805],[-87.57762611025194,19.303371514712882],[-87.56712805320772,19.317206082891172],[-87.54279538990357,19.323798006140517],[-87.49571693488754,19.327582158048376],[-87.51618402967367,19.28656634236733],[-87.50422115675889,19.296291399611288],[-87.49396726881899,19.309515805671875],[-87.48094641957547,19.319769608648205],[-87.46092688126416,19.320705432227328],[-87.46092687192905,19.313910121112162],[-87.48086505977925,19.30434819623034],[-87.49697830179592,19.289048453691734],[-87.52301999575936,19.25242754199975],[-87.53343667000365,19.2280949090256],[-87.54499262676678,19.17454651386829],[-87.55719969179823,19.15623619052214],[-87.54889889782164,19.133042749442865],[-87.56240799562003,19.102118153867043],[-87.58385171338834,19.05320887107267],[-87.60619057368095,19.020412601618116],[-87.62604733421074,18.8893497056448],[-87.6620173705957,18.76683169523497],[-87.68004308944161,18.73851140161367],[-87.70352129163777,18.71173739682761],[-87.72337805568594,18.68121977137133],[-87.73704993116196,18.644964891606836],[-87.74209551494505,18.60130448335077],[-87.7369685536643,18.557033593701384],[-87.7392472182353,18.535956246963654],[-87.75234939277364,18.515366790336646],[-87.7580460255698,18.499457081334107],[-87.76256263603713,18.429388787353865],[-87.77122963154245,18.406398902480298],[-87.81944737862946,18.33860900429156],[-87.82461502684279,18.3239199121557],[-87.82774815425536,18.308986571173023],[-87.8414200452391,18.277655301274667],[-87.8445531794908,18.262152345398512],[-87.84455318200514,18.19668198464583],[-87.8519587810046,18.19668198464583],[-87.85383052259506,18.2233746701398],[-87.85879472065817,18.245062530134803],[-87.8749893907277,18.225653412737728],[-87.88719643931665,18.23004806613547],[-87.89098060598843,18.2435570881139],[-87.8823950056158,18.25128828831325],[-87.87425696733463,18.262681398101073],[-87.86839761110642,18.288031462455088],[-87.86534581134076,18.314154221734757],[-87.86563066634248,18.327582121008614],[-87.86900792923569,18.3173687941138],[-87.87417559590183,18.30744057208142],[-87.8800349797366,18.298651569953254],[-87.88548743782349,18.29222242434172],[-87.89142820613387,18.30410402599017],[-87.88825437213141,18.313625469636037],[-87.88215085073102,18.324530380446415],[-87.87930251994945,18.340643497817165],[-87.88170325585101,18.34198640773413],[-87.89635168902693,18.358058965560968],[-87.89683998350245,18.36273842019331],[-87.89582273009412,18.371324029370243],[-87.89590411487217,18.38100830030662],[-87.89976966248013,18.389064856166787],[-87.9276016725258,18.39492408730884],[-87.93016516698361,18.395900776023456],[-87.93529212147209,18.40005117724071],[-87.93382729182005,18.408514810832433],[-87.92959551058703,18.415920339610327],[-87.92650304470662,18.41632711793477],[-87.93049067910646,18.43256249915633],[-87.93517003300238,18.443101180625998],[-87.94505774009885,18.44879787855902],[-87.96467039233507,18.450507008065788],[-87.99132238133163,18.456935846399467],[-88.04356849018954,18.485052810135187],[-88.06737219140824,18.49144108927123],[-88.07778887493991,18.49860266709048],[-88.08023026794494,18.514227571472972],[-88.07872474292493,18.529527111798092],[-88.07725988346074,18.535833973227522],[-88.043812641029,18.573431790065833],[-88.05052650303028,18.595770622931564],[-88.03990637646285,18.617010791710094],[-88.02440344478998,18.636297883506337],[-88.01646887577944,18.65289945906706],[-88.0142716090789,18.661851270492527],[-88.0043839222754,18.677883234103565],[-88.00218666714943,18.69013102329051],[-88.00438393623564,18.691229683091656],[-88.00934810213661,18.695990241696727],[-88.01427161723504,18.702053149006044],[-88.01646890069154,18.70718022753004],[-88.01524818617408,18.713568496187122],[-88.01268471692848,18.719549987105697],[-88.01012121020291,18.723578104992825],[-88.00902259928104,18.72426998710236],[-88.00377355564926,18.765448231898382],[-88.00454666429353,18.78685120415518],[-88.01276609950907,18.803656449387546],[-88.0234268780863,18.818101243540347],[-88.03026282096332,18.83515043063323],[-88.0362849548139,18.874986034874215],[-88.05939695079222,18.85687905288243],[-88.08413651545398,18.831284846867884],[-88.10391189473175,18.8027203211592],[-88.11204991966758,18.77578349878813],[-88.11412513333742,18.761542088428982],[-88.11953689133229,18.744533448938274],[-88.12730871424013,18.730210619530524],[-88.13621986529444,18.72426998710236],[-88.1429337389474,18.73163494124273],[-88.14028885604462,18.74921289045537],[-88.13467361523848,18.76951720632462],[-88.1377660816731,18.762193112348882],[-88.14915932639052,18.74998618797774],[-88.16685949539156,18.745428719606405],[-88.19082596480007,18.74469628004682],[-88.19880125210686,18.739935723233913],[-88.24181066103903,18.70384339049887],[-88.24779210832982,18.696275046030348],[-88.25251216338275,18.687323236947858],[-88.25548253034617,18.676458911802712],[-88.23570717870784,18.684312362204505],[-88.21593178866355,18.69953046767286],[-88.1988012203528,18.718695273829663],[-88.1871231673921,18.73851140161367],[-88.18089757839098,18.721177397218867],[-88.1856176637286,18.708563691494163],[-88.19294187947646,18.695380075448263],[-88.19465082436037,18.676458911802712],[-88.18932042070493,18.684393477370126],[-88.18089759797712,18.69383378017165],[-88.17076575985858,18.701402124781943],[-88.16047113796064,18.703761974918816],[-88.15074622345684,18.698553781103353],[-88.15697179729632,18.691107409496524],[-88.1682022879983,18.68488197092198],[-88.17349200998058,18.68329511793812],[-88.19762121377106,18.635199223248296],[-88.22105870824892,18.60578024065133],[-88.24860594173708,18.556626815780884],[-88.25300047189884,18.540757669116093],[-88.27476963920813,18.509832926465915],[-88.28331457338716,18.49144108927123],[-88.29552160737755,18.489406597847033],[-88.2997126946018,18.487453522103507],[-88.30382239725563,18.48403556438085],[-88.30382240168281,18.481350047571482],[-88.30951451829469,18.482283774643307],[-88.37144872644295,18.481792876949275],[-88.37907101814275,18.479700102550527],[-88.38491043619668,18.476625232271896],[-88.39077571912408,18.4756951102869],[-88.39837216170152,18.480113490088513],[-88.40798394668504,18.488949948852344],[-88.41322913443588,18.490758819631182],[-88.41997287930596,18.489001622291276],[-88.43085076847443,18.48378230443557],[-88.45082372402186,18.476883599488872],[-88.45963456493882,18.475720947008774],[-88.46994399027749,18.478511312945052],[-88.47919407353604,18.483420590349226],[-88.4892451746119,18.484506033032467],[-88.52019933280704,18.461561521431506],[-88.52782162438668,18.454146080895924],[-88.53304094785553,18.443319891530663],[-88.5383894494299,18.413089114372568],[-88.54740696796321,18.389059448477568],[-88.55133441347655,18.36368656853318],[-88.55479669727058,18.352214153473497],[-88.56717322730981,18.33350744856577],[-88.5980757090526,18.299478346042267],[-88.60771336451225,18.283381146978257],[-88.61148575310699,18.266379659702615],[-88.61316523562947,18.250566661575675],[-88.61405893655497,18.247028227008503],[-88.61698928449206,18.23542541770367],[-88.62704038684572,18.22031030957423],[-88.63895178846246,18.211602718406173],[-88.66814895004951,18.198244207917405],[-88.69662269727546,18.178064788497448],[-88.69295364998816,18.17517076951359],[-88.68951719364686,18.16124414738685],[-88.69285028269472,18.15000424848013],[-88.71770666392088,18.11003264659331],[-88.72044550768253,18.100084883891956],[-88.72349442465749,18.077502330776163],[-88.72664668580173,18.06672778889152],[-88.73638768151243,18.051922406384357],[-88.74835080107827,18.043292617187156],[-88.76201919078095,18.03564432532634],[-88.77687617352741,18.02375879859322],[-88.78163043296118,18.01471561923946],[-88.79594476729793,17.97559629993275],[-88.80534987503512,17.96500260941697],[-88.85640621789088,17.928312540314433],[-88.86085036127305,17.921129306134944],[-88.86537204925092,17.89901179287109],[-88.87136653515635,17.89095040627166],[-88.88033241552458,17.88847007199538],[-88.9204591629204,17.910949301885267],[-88.93330072544659,17.920354201802738],[-88.94702081428846,17.94846615230003],[-88.95650346645145,17.950533397289572],[-88.96784641781568,17.94825945784258],[-88.9797578700425,17.94944825139768],[-88.99657853697323,17.96185051920282],[-89.0115388692297,17.977818565429622],[-89.02802362410225,17.992081080954314],[-89.04944353665279,17.999212638716294],[-89.13256504578341,17.970273617948774],[-89.15393326303244,17.94107652487266],[-89.16137467773392,17.901440753808355],[-89.16049616354516,17.81431419094611],[-89.38030186786143,17.814520885550284],[-89.6001592473152,17.814727580154244],[-89.82001662612667,17.81498594840888],[-90.03977065290766,17.815140969361508],[-90.25965387119153,17.815347663964808],[-90.47945957312176,17.81560603221864],[-90.69923948267375,17.81581302724965],[-90.91912270003981,17.816019721852275],[-90.96222084504885,17.816019721852275],[-90.9828397403883,17.810542014381543],[-90.99090124364902,17.801963587095003],[-90.99144382836228,17.526941496183344],[-90.99198645362748,17.25191968311287],[-91.43077103976934,17.254968586077577],[-91.43826411048848,17.253676591481355],[-91.44250158587765,17.237967012264523],[-91.41924720262007,17.227735153360403],[-91.38834467597924,17.221585522833184],[-91.37294511496992,17.213575786229377],[-91.36488359465534,17.189752969847607],[-91.3445230625286,17.186342199486234],[-91.31775468330429,17.19047640285867],[-91.29041783896655,17.189081060407034],[-91.27951411346456,17.180089370748796],[-91.27083248174317,17.16427644008063],[-91.26514807650763,17.14624138526686],[-91.26313270132438,17.130738495668794],[-91.25920527439838,17.12433049421507],[-91.23879309949537,17.119214638020324],[-91.22959468944353,17.11399528393225],[-91.22535720869358,17.10701887034652],[-91.22024124196088,17.08929385514068],[-91.21595210681947,17.079217012780997],[-91.20675369608259,17.06536768183264],[-91.17120032345503,17.02800571509568],[-91.16122675773995,17.02397485729896],[-91.13714554389398,17.026507024326715],[-91.12655188876694,17.02459509326535],[-91.12122919727916,17.018393785054712],[-91.11611323989419,16.999273572262638],[-91.11223750696489,16.990488572752895],[-91.07694249848078,16.9495091302454],[-91.0713097805138,16.93891554572218],[-91.06686560555818,16.918193290046915],[-91.05492833819582,16.908012945097223],[-91.0166877859584,16.89483551775064],[-91.01090001594929,16.890287920238812],[-90.99834265145492,16.877162166157422],[-90.9930716540125,16.874371628983987],[-90.98325314444844,16.878609183676716],[-90.984286671871,16.887755902523352],[-90.9879556965475,16.89690262116801],[-90.98625036594724,16.901088351586193],[-90.96883540839761,16.901036677756768],[-90.95519282532892,16.898762879041545],[-90.95276404572019,16.89090815642218],[-90.96888708401295,16.874371628983987],[-90.9481648390466,16.86470817150689],[-90.91907099616688,16.83633773360415],[-90.90062252074907,16.826002515379347],[-90.8317378329681,16.805435275683738],[-90.81995560671814,16.805331928002037],[-90.81060218261855,16.81292843318933],[-90.79695959496847,16.805435275683738],[-90.79695960051717,16.798665702053682],[-90.80037024342488,16.78683179131736],[-90.78559078229162,16.77499788028395],[-90.74977900945302,16.7576862408789],[-90.73530960215173,16.74657576299574],[-90.6677168343455,16.652576369823233],[-90.65402257787085,16.61660956218048],[-90.66720006380326,16.593200101715812],[-90.66720006494486,16.58699893789751],[-90.65882849384171,16.58844595624162],[-90.65360916223757,16.590099519814103],[-90.65025021323369,16.593406947375797],[-90.64735632899296,16.60007317587925],[-90.63376541900801,16.592166624488478],[-90.63702102903761,16.577903887509308],[-90.6435322714948,16.561005783171264],[-90.63996658305587,16.544830962310993],[-90.64818313783647,16.52958642088557],[-90.63950150160748,16.525865752298813],[-90.62415360703662,16.52493562270285],[-90.6126297683195,16.51811437186717],[-90.61206131625613,16.507623975943922],[-90.61898596847276,16.50007929079754],[-90.62787430142423,16.492896172443725],[-90.63309362468884,16.48333605604158],[-90.62074295600443,16.48674668162092],[-90.60467158893563,16.486178269061167],[-90.59061559725787,16.483387729910838],[-90.58472448505344,16.48023547366466],[-90.57935013961863,16.482767643479395],[-90.55340856073416,16.49026065492341],[-90.5437192301676,16.490208981054586],[-90.53906835206057,16.468866621443834],[-90.53289301706819,16.459926591210607],[-90.50891515966553,16.471088748073427],[-90.49775305072782,16.46803983952051],[-90.48821875145286,16.4615803052871],[-90.48230179578789,16.456050900682413],[-90.47708248926618,16.444992241581804],[-90.47842607377005,16.436413928207923],[-90.47584224910226,16.430729501828377],[-90.44437130821251,16.42680213730033],[-90.43411352485741,16.42240955768499],[-90.42669796816715,16.417707085025018],[-90.4208068510236,16.415123241149146],[-90.4094638644773,16.416673457346647],[-90.40060135080465,16.420549148044152],[-90.39491695204724,16.419205627345246],[-90.39290156543684,16.404839539450442],[-90.39269486617196,16.39171377455055],[-90.39137711604532,16.38597767403435],[-90.37985327431349,16.367270829904786],[-90.39512365195692,16.37140489016753],[-90.40874040719446,16.372335170140932],[-90.41822302589622,16.367167482153405],[-90.42080684003923,16.353008089048306],[-90.4140113890396,16.353008089048306],[-90.41401140037117,16.360449577862468],[-90.40719011237053,16.360449577862468],[-90.39879267574047,16.347582031589774],[-90.40468379564912,16.331510704790453],[-90.4194632651056,16.31781652638137],[-90.43788591080056,16.31208042550137],[-90.44488805188104,16.308359605847617],[-90.43473363989169,16.301228310210135],[-90.42018671914569,16.296008948047433],[-90.41401138859344,16.298386096677714],[-90.41406307514566,16.287844174769752],[-90.42023840541181,16.285363678364327],[-90.42855831657495,16.287637479254045],[-90.43447526158089,16.29156484426275],[-90.43550878799005,16.2887743045902],[-90.43550878440895,16.286242134307336],[-90.43674902884682,16.28484693957409],[-90.4412965514122,16.285363678364327],[-90.43752416623876,16.280040968386903],[-90.43142636061918,16.268930633676092],[-90.4276798145772,16.263607923643264],[-90.44062474915106,16.26531316167338],[-90.44372534616811,16.26686352827762],[-90.4481436720463,16.271100936616122],[-90.45943498247624,16.259060396898942],[-90.45783300861696,16.24913848618429],[-90.44798864791389,16.241490376367295],[-90.43447526493892,16.236322763000203],[-90.44623164889502,16.230845031227783],[-90.45850480166945,16.22174997756572],[-90.46558447232164,16.208107396998813],[-90.46181209809427,16.189142181225655],[-90.43271826057358,16.17322579945634],[-90.426129521842,16.163148941819813],[-90.44814367917424,16.15441560509001],[-90.44814367994302,16.14821443878767],[-90.43530208536234,16.136277171095102],[-90.4594866533213,16.116795140967007],[-90.45558508527644,16.09974193347944],[-90.44814367827632,16.09974193347944],[-90.44452632534667,16.103255907724428],[-90.44274349225209,16.1041861127219],[-90.44021134273684,16.10485787319799],[-90.43447526344295,16.107183348137216],[-90.43742081408712,16.09886340236425],[-90.44416459248583,16.084652408612605],[-90.4478412040912,16.079686608551796],[-90.44819509908157,16.07925992348082],[-90.46615291149023,16.072921836332505],[-90.4857382841859,16.07069978425902],[-90.57547440889245,16.07059643649315],[-90.71329545645827,16.070338067078463],[-90.85111649287461,16.07013129643934],[-90.98898921543461,16.069872927024655],[-90.99479782899796,16.06986857079614],[-91.12691361413947,16.069769579258782],[-91.26478633697873,16.069511209844098],[-91.40260738326454,16.069304514312346],[-91.5404801054022,16.06914949266353],[-91.67840450511991,16.068891123248843],[-91.7237764138352,16.068787775482964],[-91.73984777484704,16.060984568513977],[-91.75188838942125,16.04630850979008],[-91.77447098921593,16.00842967595538],[-91.79297115491275,15.977578865869386],[-91.84167618838137,15.896085098412883],[-91.91056086854047,15.78094998715406],[-91.98959997259938,15.648968378367076],[-92.06853572551701,15.516935116325755],[-92.10593122874954,15.454469044802291],[-92.13744624770733,15.40182585608386],[-92.18617712503357,15.320383817977918],[-92.20465144883872,15.289507139752414],[-92.2112918699643,15.27206633697728],[-92.21093013404816,15.253359469615544],[-92.20335953804899,15.237158915381311],[-92.0738067219549,15.073706359644785],[-92.0935987960452,15.02941965835889],[-92.10383073005714,15.017869975454165],[-92.11698238104421,15.012392274351964],[-92.12987565097659,15.010945332814797],[-92.14235551001708,15.007483012136403],[-92.15421526417326,14.995933433585117],[-92.15757422674761,14.96304134169003],[-92.15468035092955,14.900797113522875],[-92.16602330420393,14.870824592304245],[-92.18679723873836,14.847260206767388],[-92.19165482909345,14.83529715685568],[-92.1908279971,14.814238945408006],[-92.18865760574754,14.805893351910198],[-92.17938166472649,14.7812435240546],[-92.17881324002647,14.773388830896982],[-92.18010513731632,14.758790127809366],[-92.1793816773836,14.75158135556687],[-92.16173417253619,14.702333683371577],[-92.16080401245296,14.683497746176615],[-92.16473141225704,14.668149779335193],[-92.18607377805547,14.629573320876185],[-92.20806209137618,14.570507079367324],[-92.2260971600676,14.549345536484784],[-92.2462564910555,14.546279369081722],[-92.25076249581006,14.550726603664591],[-92.30593826267126,14.615057541852632],[-92.38206947833153,14.684637870582348],[-92.5078425830843,14.807074334944025],[-92.6998591851065,14.999090935182283],[-92.8248591789136,15.135646876327936],[-92.84060624962243,15.161159576835118],[-92.84044348788925,15.181952207388658],[-92.82400468754969,15.172796946266947],[-92.78087317710909,15.15884024462219],[-92.77212480396419,15.15033600472206],[-92.77017167943646,15.13174063040166],[-92.76402747322372,15.112941800746894],[-92.75316321491452,15.098415431332432],[-92.73741614509372,15.092596747733687],[-92.74815833214362,15.112982490121784],[-92.75633704283317,15.154120182702872],[-92.76842200514696,15.171454177908432],[-92.78225663888438,15.17987701134399],[-92.80296790193401,15.188299863736926],[-92.82433020803285,15.192694411002586],[-92.84044348927213,15.188788155109304],[-92.84316972596875,15.20587799675873],[-92.85403398417702,15.208522863104786],[-92.85973059872202,15.201320710588242],[-92.84666907527212,15.188788155109304],[-92.86351477780626,15.1911074875],[-92.92300370892605,15.237209368720052],[-92.96377519396127,15.253810939702433],[-92.98314368399284,15.265570379945418],[-92.99819902190886,15.29397206363418],[-93.07811438904648,15.34865958760912],[-93.17003333121643,15.448879293078255],[-93.18809974029344,15.477565831752624],[-93.19961503863121,15.490993561753955],[-93.22862708039533,15.501857802930246],[-93.47081458453951,15.700710372767407],[-93.4881485660925,15.708929748299473],[-93.65603593294998,15.839260128429597],[-93.75918534830862,15.906154670463547],[-93.94338945307612,16.01056550474141],[-93.93118241721245,16.016058633763464],[-93.90709387895396,16.014431056669302],[-93.89561926577981,16.01740140364325],[-93.88906815806796,16.00641507049381],[-93.8780411501581,16.005397891141754],[-93.86538651780845,16.01215237363059],[-93.8540339798429,16.024847700291833],[-93.87393144346312,16.048529360145864],[-93.88524329312908,16.07082754192598],[-93.89810136870065,16.088934656334175],[-93.92296302328475,16.099920989491952],[-94.04263261272416,16.125311567641532],[-94.0737605483983,16.140936608079258],[-94.08360755335784,16.1488711777803],[-94.10265051569472,16.1641299193982],[-94.11636307992082,16.179144561937548],[-94.12218177338937,16.192450286043684],[-94.12783768885363,16.220851918562783],[-94.14244544684621,16.22675205429497],[-94.16226151797548,16.219671906435813],[-94.18362383079473,16.20917392187264],[-94.2242325520459,16.203558668406423],[-94.26671302529324,16.215277448436428],[-94.30711829078653,16.237616262375212],[-94.3412979913572,16.263820777967602],[-94.36355547126755,16.287014087981845],[-94.37767493084505,16.29535551382611],[-94.39928138952793,16.298610817963507],[-94.41726641392172,16.292507291691475],[-94.41905676330141,16.277736673888494],[-94.41527259120119,16.259792393458646],[-94.41637122710863,16.243963962959242],[-94.42320716510888,16.243963962959242],[-94.4322810545539,16.248806060902858],[-94.4365128226967,16.2455508317713],[-94.43492591190868,16.239691479405778],[-94.4266251320723,16.236517666662913],[-94.41421464357894,16.23403551781936],[-94.41454017115063,16.228583097229215],[-94.42332923206725,16.223822340532315],[-94.43687903944553,16.22284579431296],[-94.34548906004729,16.163153373155637],[-94.29263262064372,16.141140073991235],[-94.26553301047122,16.1483829046569],[-94.34129798126817,16.17568594190073],[-94.34129797987731,16.181911518049862],[-94.31529700892584,16.180487406898045],[-94.27476966091145,16.1657168633723],[-94.25560462159244,16.162014069205576],[-94.2300105410215,16.163275422659126],[-94.21947180860177,16.161322330173164],[-94.20409094952925,16.154567772655984],[-94.16995195577339,16.134711031854568],[-94.16995195470389,16.12726473525283],[-94.18362382970429,16.12726473525283],[-94.18362382465105,16.120428761271047],[-94.11282304917168,16.105658292629233],[-94.08218339502876,16.09475330077999],[-94.05667070375164,16.075751056530095],[-94.03038489382917,16.039740293602993],[-94.01915442148139,16.031073276569217],[-93.98534094960748,16.01797109318005],[-93.97061112703446,16.00979234929162],[-93.96389726242717,15.997503954481772],[-94.34378008204752,16.147731873825578],[-94.35830644798195,16.158351983238386],[-94.39220129924585,16.177679742580914],[-94.43956458006784,16.186794324335555],[-94.53307044193355,16.18935781453111],[-94.52623450393357,16.18935781453111],[-94.57961991981698,16.189846087647958],[-94.6057429661263,16.193548881778323],[-94.62242590959137,16.202337948067182],[-94.63943436962614,16.195705440150334],[-94.65990150107585,16.193996521798567],[-94.70095781053132,16.195583390648256],[-94.72240149562847,16.199652408383127],[-94.72899328826625,16.209377312672444],[-94.72427323582107,16.220851918562783],[-94.71182207350216,16.230292090661628],[-94.62535559375151,16.25649645614554],[-94.58714758017398,16.282416014036123],[-94.58084062420333,16.326483467424115],[-94.59142004703999,16.337225625302604],[-94.63023841833989,16.34821203228262],[-94.64574134508567,16.3569603895083],[-94.65440832922339,16.3635928216242],[-94.66246497676838,16.36538323129271],[-94.67003332334336,16.363836920601745],[-94.67703203433429,16.36066318324528],[-94.68028722999004,16.344916020070343],[-94.68325762644247,16.340155413954932],[-94.68858801783657,16.33759184888454],[-94.70034745711497,16.334540085841684],[-94.70433509946493,16.33270911814118],[-94.71572832268765,16.322821381782347],[-94.72215735008828,16.315578476653748],[-94.72109940716336,16.312201198169806],[-94.74905352556688,16.298610817963507],[-94.76329506029506,16.293524546071936],[-94.77989661949965,16.268133894556172],[-94.79312090172876,16.25763583515498],[-94.80431068072718,16.27521396711754],[-94.80850176708434,16.28644447359509],[-94.80740313457342,16.298610817963507],[-94.79662024169464,16.308172888898216],[-94.78111731142246,16.316595731017312],[-94.77269446634473,16.327175206394173],[-94.78319250179148,16.343207026768997],[-94.79763750623265,16.358343867413048],[-94.80190996206383,16.36941154037526],[-94.8028458402823,16.38031653064848],[-94.80740312958473,16.39480218983646],[-94.81436112836387,16.403102906729625],[-94.82705645344582,16.41445553659431],[-94.8410945392349,16.42458737108141],[-94.85208086219315,16.428900487086008],[-94.87865148620534,16.424627929062957],[-94.90172278034814,16.412868517779888],[-94.92137610225274,16.395331095974697],[-94.96507727296436,16.333156607909253],[-94.97496497320424,16.326483467424115],[-95.03331458220435,16.326483467424115],[-95.02745520448917,16.308539112488386],[-95.0355525418501,16.302557710861517],[-95.04759680368235,16.300726592901814],[-95.05382240291524,16.295192831237177],[-95.06517493948184,16.27826573029188],[-95.06383215269415,16.26825586894636],[-95.04380145766604,16.26104240564169],[-94.9993543081514,16.251044336051148],[-94.9646208243701,16.247719632593416],[-94.93056917491155,16.249729656403286],[-94.90206175861546,16.251743961331776],[-94.88954087972616,16.253085304099375],[-94.86888587473173,16.25763583515498],[-94.85924232581567,16.26447180876604],[-94.8418269605484,16.283718225832256],[-94.83409582808483,16.285549193598584],[-94.82803300185299,16.270331085940413],[-94.85875404018691,16.25629306535062],[-94.90115311929016,16.24652737797917],[-94.93032793313097,16.243963962959242],[-94.89635168935298,16.234401741426474],[-94.80553137789903,16.237127989269],[-94.77635658020556,16.22658929659201],[-94.76150468984319,16.203924892018804],[-94.7669571630096,16.198675862153173],[-94.81912187247686,16.213649796289978],[-94.89587854233154,16.211687991384785],[-94.94869981616942,16.201670694052677],[-94.99278723819978,16.196437887377435],[-95.0181409118418,16.190321216972155],[-95.06533572672997,16.183643945021473],[-95.10280762293785,16.184303087443055],[-95.12293348044179,16.188299926997956],[-95.13611806990892,16.188293242440597],[-95.14930138868476,16.18695204984646],[-95.15554251402038,16.181614318122293],[-95.15415049572572,16.175614740098368],[-95.14928870498304,16.16828395874142],[-95.16104082206742,16.163234789562893],[-95.18814213089584,16.167596125294477],[-95.19854779347007,16.158266661246873],[-95.21589685249332,16.158257723467838],[-95.23324718945678,16.158247659078004],[-95.24711408710883,16.14757234573537],[-95.24848774009213,16.134241535576276],[-95.26860559165758,16.12822678577873],[-95.28109314492617,16.118888233644547],[-95.28038754809228,16.1082250876049],[-95.28454994602491,16.104223365986222],[-95.2976895203848,16.101529038664637],[-95.30536620297069,16.093540616895712],[-95.3372892252565,16.08883829355552],[-95.35326249959483,16.079489676980575],[-95.37823499342171,16.047454122779236],[-95.37264809240267,16.027458207773407],[-95.38443923213568,16.021438801277682],[-95.39918225761744,16.008758571206396],[-95.42552380683718,15.999387948193416],[-95.42826260796879,15.985387931151925],[-95.43447825719754,15.975379946891008],[-95.49277936002332,15.974653958885483],[-95.49689336404025,15.965308196481967],[-95.57236940093365,15.957122017048263],[-95.58134522029826,15.945101380220382],[-95.60905022805733,15.941702019902042],[-95.61456153719918,15.929018935988184],[-95.66231329152292,15.91157043871971],[-95.70588651466957,15.908834501981511],[-95.73295357255203,15.903396877482592],[-95.75512777454992,15.89932057435534],[-95.77102762983532,15.890607066172368],[-95.77863106072712,15.884582327292287],[-95.77858268117379,15.873255983483524],[-95.80076071936905,15.8705079545068],[-95.82291598526433,15.865095791513587],[-95.84805254190496,15.858303154823068],[-95.87896861939605,15.8508926848231],[-95.88794068401533,15.84352968272197],[-95.95988242826397,15.827913806355404],[-95.96815059447525,15.817221068802674],[-96.00340012044228,15.808412324880711],[-96.03104212436739,15.792294055625824],[-96.05248489210429,15.787530970891353],[-96.07859019747649,15.77012723910328],[-96.09118712871026,15.768733471470581],[-96.09597132463018,15.762044107887165],[-96.10631255182254,15.757327289415505],[-96.11674278537502,15.761949697912316],[-96.12774108829407,15.752563228422419],[-96.12553446796603,15.73788950008963],[-96.20423237311084,15.703500912153071],[-96.23663683086014,15.683330150995209],[-96.28715284719159,15.685769638468138],[-96.36186750358685,15.683973595858513],[-96.40137318562839,15.691707702506438],[-96.43114172672445,15.695868200363789],[-96.44652259211013,15.68195223113418],[-96.47030749983399,15.672246631160345],[-96.48612871339776,15.660809055315799],[-96.50485741340644,15.65805396673904],[-96.52631437838824,15.659907090898555],[-96.54918547066913,15.664420518147956],[-96.55603842741438,15.659025180150236],[-96.613621335839,15.67993281920598],[-96.68097492342594,15.709412914041982],[-96.80369485989821,15.731771403395443],[-96.84512284974869,15.73257069609668],[-96.93067120926972,15.782665289493732],[-96.99175753096057,15.800107776862186],[-97.02228194830208,15.807166969391833],[-97.04949866409112,15.828923925540572],[-97.04537676107903,15.832283478757665],[-97.06226405602956,15.859413542384544],[-97.07609022801589,15.856644934005828],[-97.10254115814737,15.869073178146166],[-97.16067460300333,15.90375393799309],[-97.20584919992874,15.919664611477906],[-97.26602459428014,15.935911615939608],[-97.28519143735076,15.935556658431356],[-97.34548193774535,15.945860340362675],[-97.36856495093683,15.934601367583678],[-97.45924409002592,15.945001337181356],[-97.52970282477104,15.968188414563786],[-97.55742035653047,15.962242763585886],[-97.61609394864278,15.975603541582972],[-97.65998858814989,15.976503252975519],[-97.67306027621409,15.969317729237305],[-97.6817434842174,15.962182602568884],[-97.7184108988775,15.96880234234649],[-97.77271899080345,15.979454072009338],[-97.7918716081827,15.987686367423525],[-97.81113522141094,16.002967190753193],[-97.8357234381207,16.01056550474141],[-97.84603806621111,16.018850300262265],[-97.85457936866112,16.025167657764275],[-97.86121543304095,16.028768906800043],[-97.87734970837528,16.040045605135127],[-97.94440025517767,16.0873772295387],[-97.98129962161988,16.109375282140288],[-98.0852351565462,16.16506583254426],[-98.12161210979438,16.17621492322349],[-98.15416419530214,16.190253019465626],[-98.17214922195542,16.20917392187264],[-98.11318925436184,16.192694385048142],[-98.08214270173083,16.18927639812458],[-98.06847083054005,16.202337948067182],[-98.08336341617692,16.200751079221906],[-98.09732012119561,16.210882915320788],[-98.11074785125214,16.218573310713655],[-98.1237686879535,16.20917392187264],[-98.14378821757529,16.21759676449186],[-98.1647029325815,16.22284579431296],[-98.1654353497846,16.224798886751202],[-98.16832434392312,16.229315469338],[-98.17271888010886,16.233954176521884],[-98.17837480719437,16.236517666662913],[-98.17821204645391,16.23415764242666],[-98.18297278426695,16.229518935243274],[-98.18993078861588,16.224920936251685],[-98.1964005235827,16.22284579431296],[-98.21593177180577,16.2246768372507],[-98.31578528358168,16.255682667643597],[-98.44530188188318,16.27810289748633],[-98.50859500586127,16.300446742798343],[-98.53177399291123,16.309559671582026],[-98.54539955031277,16.312404739171956],[-98.55284730843658,16.314749591600297],[-98.55454754824642,16.318275282261723],[-98.56824441126963,16.323979086941236],[-98.57117979191086,16.32709078569906],[-98.56746055748162,16.327148317952137],[-98.5646244434323,16.331136670039225],[-98.56640187977878,16.34057030711771],[-98.58242754251309,16.36066318324528],[-98.61921318940098,16.391847165249864],[-98.6980724596657,16.46199880355319],[-98.7352982148057,16.513931642712265],[-98.76428711540997,16.54308441571321],[-98.76815131944383,16.55092892900415],[-98.77689806550549,16.555134791011298],[-98.79134711501634,16.55412144249762],[-98.80626904034158,16.55782168173407],[-98.81403971393972,16.55334948904097],[-98.82164465178369,16.553045905087448],[-98.83128156895131,16.5498084773869],[-98.84619424343418,16.54653124276959],[-98.8518542111574,16.539705185266325],[-98.85538924306894,16.531353697148564],[-98.85655019601522,16.52817920932007],[-98.8892934205912,16.535484451909145],[-98.90698575468738,16.53479030966024],[-98.94645263924025,16.550273542168878],[-99.14382693511224,16.6108871328697],[-99.30714517832148,16.65248173456318],[-99.37426040680032,16.667911487756385],[-99.49452157082753,16.68575398887658],[-99.55697487394924,16.68778008460631],[-99.60539530709082,16.682775231573487],[-99.63606280403638,16.690101352191302],[-99.66328902698261,16.698163674887756],[-99.68915008645894,16.70691593350577],[-99.71804766521603,16.719997529288005],[-99.74124101142712,16.730617556836744],[-99.79527747001157,16.77155180567918],[-99.82141301091733,16.78977014026524],[-99.82761171941883,16.788888380217887],[-99.83289128468743,16.782454235686146],[-99.84382501243765,16.785958142856163],[-99.84789275212688,16.79179067763495],[-99.8581043301591,16.79602868376313],[-99.84964265481868,16.79993937211874],[-99.83898202792726,16.794618318349443],[-99.83569981646116,16.802109222811115],[-99.84052042017169,16.808701092456626],[-99.84713023811717,16.810049268961343],[-99.85291028591205,16.806565490736233],[-99.86151590740265,16.808606307010848],[-99.86929116229123,16.808432809087076],[-99.8768347266634,16.8153362238265],[-99.87028130312525,16.817714872808875],[-99.86851201279615,16.82593732222263],[-99.86248948117425,16.83462168151553],[-99.85782165673747,16.833984020351693],[-99.8516634131792,16.836352454639197],[-99.85103399575294,16.843053980470426],[-99.85819154657224,16.851424841475882],[-99.86680074289458,16.855672460777622],[-99.88126512100145,16.858709800720153],[-99.8975049746016,16.852803511422504],[-99.90790934843012,16.84626947506438],[-99.90620297643427,16.838501575535883],[-99.89690022481562,16.841306233118598],[-99.89136781142545,16.83733846355683],[-99.89973508406214,16.828595821034416],[-99.91370635776687,16.827166528675995],[-99.92010222131799,16.83409578004692],[-99.92503744893527,16.855864284868595],[-99.93235310289182,16.860230123044378],[-99.9562337191328,16.883125837103503],[-99.95944569089768,16.892660860652487],[-99.99168631229054,16.909736657832944],[-100.06545178907814,16.934836017427788],[-100.11522432966649,16.948197456338338],[-100.16691277793032,16.96707612669039],[-100.23524447484415,16.99113028946241],[-100.3198129900716,17.022618419713048],[-100.56460402265611,17.105274729373203],[-100.65306554724037,17.134059888997168],[-100.71318223351297,17.152105759953177],[-100.7800186918206,17.180446731045475],[-100.83389238970247,17.198757277237227],[-100.9000306550393,17.217139023981186],[-100.95561369616449,17.23685903032077],[-101.00823982325724,17.252975841009064],[-101.04281445572323,17.270202134758847],[-101.05902866152056,17.26423711870248],[-101.06510498520099,17.27600822380011],[-101.0536989795263,17.282743539298618],[-101.05508377619398,17.302638991579567],[-101.0733280677906,17.320846332699585],[-101.10508196830725,17.350309689285794],[-101.17182013633668,17.389791441210274],[-101.1822451771226,17.41253600157744],[-101.26309159268874,17.456203466766684],[-101.34642852836213,17.48519228068356],[-101.3937643533957,17.50627711428811],[-101.45577346280375,17.52633793510782],[-101.4568382604776,17.53735044595478],[-101.44318928685922,17.539348596533088],[-101.44070389412943,17.557155599391038],[-101.44866990112948,17.570327288783165],[-101.45814021932101,17.583343055002988],[-101.49649085554208,17.61440646207029],[-101.52586646384108,17.61839284770898],[-101.55314003685083,17.611375739411336],[-101.55731954377747,17.625390127503678],[-101.56989755623876,17.625383818505643],[-101.57934776279613,17.636367182961187],[-101.59512750086411,17.635342721899885],[-101.59933727938427,17.653338686602268],[-101.61508671958919,17.66032304685041],[-101.64448713217259,17.66829341294331],[-101.64766656573134,17.70528395918017],[-101.6718895081168,17.740270041156506],[-101.69819799572257,17.757255656526677],[-101.74553975145744,17.79220387560866],[-101.75633703966575,17.816839890840054],[-101.7709105369783,17.829232553697867],[-101.77302729702664,17.848225021508043],[-101.8110610520123,17.890260022533802],[-101.85618363094034,17.90949492968167],[-101.87091176877342,17.915456023032917],[-101.93196276298487,17.95034142380585],[-101.9898774881176,17.97475089569298],[-102.03673257310379,17.990668168452807],[-102.10047720876575,17.9823270874906],[-102.10987180140192,17.965296127536465],[-102.12979943200666,17.95122047609431],[-102.14549256786954,17.93416848325318],[-102.16228038809345,17.92510156557235],[-102.17591523515895,17.917047089948817],[-102.19062877801557,17.915988081098654],[-102.22959277730864,17.932832479870864],[-102.28859079496763,17.961586743446592],[-102.42076576163365,17.997992300560306],[-102.47508178459272,18.01777697930011],[-102.51403326521675,18.020574263210726],[-102.59724665613122,18.049051217733915],[-102.69127359164514,18.05670822140857],[-102.74229898085018,18.06696212256678],[-102.87942461103587,18.12213777996364],[-102.97315674467892,18.166219228686934],[-103.02444416494443,18.185817923083263],[-103.05973119345454,18.187545081196497],[-103.11346858077937,18.192098361393988],[-103.12522301327759,18.206007556069135],[-103.14093970987955,18.201865561573563],[-103.22124537076587,18.234141991500977],[-103.23911690599535,18.2319810166001],[-103.29190017600027,18.249476410349324],[-103.30873548462172,18.25927334931448],[-103.34366701034695,18.27095637097324],[-103.36164017474599,18.2668200863018],[-103.37968146983074,18.278645509980667],[-103.42416177070504,18.303190426421992],[-103.49839963256939,18.333482513100687],[-103.52314058348776,18.376239018514458],[-103.57510331829758,18.492254945918095],[-103.61095132419938,18.53115482464521],[-103.61925207343243,18.53693263428756],[-103.62902517943297,18.547985338314522],[-103.6440162344035,18.558888729328054],[-103.66217147080846,18.570743270711258],[-103.69304150291217,18.58843420176713],[-103.70673682052595,18.59122065989327],[-103.71001987709664,18.601175600284943],[-103.68622841777511,18.628551983003852],[-103.70017457428406,18.654327386741436],[-103.73435068893514,18.68294632272268],[-103.79427691218712,18.741248286214798],[-103.95317751345995,18.849273164294615],[-103.97997703088409,18.874937666274274],[-104.09072830446414,18.928290022828534],[-104.18060575720781,18.971381010917387],[-104.24124432507934,18.991547995335058],[-104.27209534656566,19.002111266195854],[-104.294437321886,19.009787745135146],[-104.31570715234572,19.016495951446302],[-104.33166809181218,19.022256614670106],[-104.32901205839835,19.05329899876292],[-104.30685921890915,19.056648744533614],[-104.29960750875497,19.06575494529976],[-104.30410204993716,19.081682307873372],[-104.32872109969571,19.09929715833656],[-104.34039256656226,19.101121942886884],[-104.35080558726283,19.090964556005655],[-104.356162808289,19.094884207892306],[-104.35433234743388,19.111912926193448],[-104.368187302992,19.117704528434274],[-104.38613868243515,19.11543271105382],[-104.39342608232673,19.10832254123331],[-104.3900024163762,19.093372166217133],[-104.39843299473102,19.091243350901742],[-104.4059881411408,19.100129937855105],[-104.4158015792366,19.105658367966704],[-104.42701659907593,19.091804846223777],[-104.43954794127049,19.08160720148347],[-104.45157703402914,19.10442602257563],[-104.48643958281616,19.11867910863472],[-104.50381424551153,19.129665366789165],[-104.59255939457469,19.149603699645468],[-104.63601642592488,19.159369326560274],[-104.67296299740323,19.17658099405301],[-104.68399006395177,19.183498586910723],[-104.6887507911785,19.194118620266035],[-104.69192460855555,19.207586984144022],[-104.70010331765431,19.210353900387485],[-104.71117100537533,19.209377218016826],[-104.72288975709952,19.211493112787903],[-104.73033606957037,19.218085042535694],[-104.73143471094112,19.223781704864887],[-104.7335506066316,19.228461127299507],[-104.74400796420797,19.231960479537918],[-104.75084389387108,19.231512846059058],[-104.77810625904824,19.225165162789786],[-104.7996719940609,19.224554698838986],[-104.80691483146002,19.229071290803194],[-104.80483963040729,19.255886035650523],[-104.79910234914813,19.283107849706614],[-104.8014216662892,19.294745112264234],[-104.81570389123098,19.299627919308513],[-104.82583575554492,19.297552884065222],[-104.84190835714568,19.28860112087562],[-104.84951735884593,19.28656634236733],[-104.85912023409355,19.28811262983317],[-104.86620034910457,19.28998457796706],[-104.87258867762246,19.288356875354673],[-104.88052326306581,19.279120308472535],[-104.95787510722577,19.318060491342145],[-104.99364170793616,19.342189716171998],[-105.01711992666486,19.3684756848685],[-105.0287166166808,19.414862460141357],[-105.03933671167621,19.43561428946958],[-105.07009842214619,19.44778058258118],[-105.0704646362857,19.456244142221003],[-105.06554114507836,19.475002346440256],[-105.0681046122687,19.48541896299048],[-105.07412677223348,19.493109527494166],[-105.08092199129699,19.49941633671913],[-105.08596755993538,19.505682588257564],[-105.08771004435248,19.56107241327393],[-105.11691984373448,19.58556359135331],[-105.1301570309489,19.586452546316785],[-105.14285235176268,19.583034621088466],[-105.15184484428305,19.58417382936984],[-105.17068439742957,19.60224043318462],[-105.18968667776069,19.61493575259114],[-105.25076247302299,19.666082929774504],[-105.29832922471756,19.718573273914636],[-105.35167394977374,19.804470078699204],[-105.38145912157191,19.834051867205357],[-105.3884171200502,19.852362366707727],[-105.39944413429313,19.86505765220552],[-105.42861894890147,19.889309013295048],[-105.441558383579,19.906439439716085],[-105.46666419504578,19.95034415994688],[-105.52562415302346,20.031927802131005],[-105.53164628801693,20.05060455909459],[-105.53380286424984,20.061794339388626],[-105.54320227794345,20.080511785686465],[-105.5453181624667,20.091620181038742],[-105.54531816249808,20.13568756421417],[-105.55321204267548,20.201483464200265],[-105.55894934875914,20.21820710221038],[-105.56668046932228,20.22736237933229],[-105.58397376085175,20.237738341635655],[-105.59312903594925,20.24555084771904],[-105.60879472734149,20.27289460543145],[-105.6285701160851,20.299994208471453],[-105.65565177200206,20.313181165011837],[-105.67537345790964,20.352666094970893],[-105.69023704665541,20.3848661300429],[-105.69868142398813,20.406910587410675],[-105.68309485266401,20.423651415573424],[-105.57559159835104,20.487738333368792],[-105.53080463719232,20.49319460811401],[-105.46043860273234,20.49262114293314],[-105.44603430878055,20.496283268786964],[-105.42918860897397,20.505926841445405],[-105.35973059634995,20.512477922871497],[-105.32873436804469,20.513738186713933],[-105.30095238034878,20.531843738396727],[-105.28703943214288,20.54992931025846],[-105.26671903427435,20.5575836839196],[-105.2553604837712,20.570624106331266],[-105.24364173191435,20.583563549058297],[-105.23680579539582,20.602443765248804],[-105.2342957483797,20.636126963677512],[-105.25366979897103,20.65613923374844],[-105.28380112947542,20.670049742065533],[-105.3102233645564,20.727212944996676],[-105.34152584234897,20.754639351456092],[-105.36156124357942,20.762750920190197],[-105.36958603028228,20.755008417586296],[-105.38836035330208,20.739463252651415],[-105.41090741482786,20.733998535041255],[-105.44197156325599,20.748710409911116],[-105.47832942045027,20.751480583976715],[-105.5141223439083,20.770333148471536],[-105.53287534865493,20.756447129586537],[-105.54489559241154,20.76809622028337],[-105.53513938979994,20.77843728140774],[-105.52358323647843,20.78965571910746],[-105.51448531800543,20.788119971562306],[-105.5044481032865,20.78490592711286],[-105.48653476934085,20.796222902391087],[-105.47549394976375,20.820379981651943],[-105.46644272640671,20.834674193783066],[-105.45960382274706,20.85595001717435],[-105.45528530790233,20.867022748950827],[-105.44908607140438,20.873073659162262],[-105.43992618072429,20.871435318487972],[-105.42491897584202,20.88957265222496],[-105.40394096443663,20.928942244912875],[-105.37086974639718,20.95408048956933],[-105.35823784755509,20.957733521647796],[-105.35122224914791,20.97060501637914],[-105.33425486971205,20.98532116480342],[-105.32559159587912,21.002956418969838],[-105.31871497373747,21.017401438035666],[-105.30968176987545,21.030666407318932],[-105.29884993028831,21.03428023440041],[-105.29145705899418,21.026714006912325],[-105.27964465765025,21.026044220558855],[-105.27055867280158,21.025322761968035],[-105.24997230965928,21.04356366249428],[-105.23432694370729,21.0609657152783],[-105.23033335268005,21.090671243182584],[-105.2326318337009,21.11690128767188],[-105.23924828618597,21.131198124765195],[-105.22970087008426,21.15506724436996],[-105.2329364838403,21.18295222903034],[-105.21608087855981,21.204378860286532],[-105.22570030598203,21.283876086438973],[-105.24313838378073,21.34206355233113],[-105.23049882749767,21.388617257694655],[-105.21975664015213,21.40749746382359],[-105.2028984192593,21.434747077933356],[-105.18496659651254,21.44301989974315],[-105.18663490664422,21.4533959639195],[-105.19583084578355,21.47268294404109],[-105.2000626339153,21.492865328518555],[-105.20786443511217,21.505802177741725],[-105.21755938414188,21.51723872865816],[-105.23008213735895,21.52491461838572],[-105.2437657958542,21.527245429601077],[-105.24988618301602,21.51445503392217],[-105.26350383585854,21.513401459850726],[-105.28103593996391,21.5283877779577],[-105.31963844325547,21.545545535644646],[-105.3913875024836,21.589300866692664],[-105.41407820512607,21.601112948330226],[-105.4484174473633,21.63103182511215],[-105.46290635785195,21.671449505725768],[-105.54938678610831,21.830182527629923],[-105.63226359188337,21.955736926753172],[-105.64877493004275,21.992321938650168],[-105.65726089293652,22.04725295715474],[-105.64766386038667,22.190607791655914],[-105.65503163629892,22.256298109770135],[-105.68209154032112,22.346777257319875],[-105.70622129657995,22.421368345925977],[-105.72008215375425,22.472927113798388],[-105.7326960823646,22.504055025493688],[-105.7166641996995,22.514186955444963],[-105.72354083089532,22.52838782288861],[-105.73245196199947,22.541449337143376],[-105.74193273020866,22.546087877262597],[-105.75076246990194,22.53461319914652],[-105.75759840790003,22.53461319914652],[-105.76695716609494,22.59048088697945],[-105.80016026421421,22.6384543832491],[-105.88113358317156,22.712795265286537],[-105.92544513924963,22.766140158187724],[-105.94253493510217,22.78168353564044],[-105.98448644491768,22.80597559227762],[-105.99099684557628,22.812079026210274],[-105.99290929346628,22.815374988981464],[-105.99718176720383,22.818670951959763],[-106.001616986052,22.823187542162387],[-106.0040176959783,22.83010482969762],[-105.98412027525085,22.85675704956372],[-105.99779210791574,22.854518881440598],[-106.01016193062365,22.84894449132453],[-106.0215144762093,22.84064374337732],[-106.03197179797534,22.83010482969762],[-106.22032630037069,23.051947329891807],[-106.22874914213197,23.05805079434081],[-106.24710038846409,23.064032286421334],[-106.25784255986348,23.069037092472424],[-106.27733313298567,23.083685594221294],[-106.37083900318245,23.183986756131336],[-106.38821367852975,23.192572369803234],[-106.40017656253443,23.19009023861279],[-106.41006423509272,23.18366109288466],[-106.41934157854145,23.17987691017188],[-106.42979894322353,23.185125976659165],[-106.43175205209033,23.193182537877348],[-106.42979897609133,23.23041422304571],[-106.43517005562404,23.244289477514705],[-106.47073321724488,23.2949893989544],[-106.48692785487987,23.307684592802012],[-106.48936926223124,23.31452053736924],[-106.47695877402776,23.32229231734742],[-106.47850499525451,23.328395819953997],[-106.48131261994214,23.333929711178655],[-106.48538162172768,23.338934548632587],[-106.48656166159768,23.33991124157729],[-106.52281651413624,23.407538047790002],[-106.53563390878907,23.41852443671523],[-106.55272374552402,23.42352928482528],[-106.57140052977589,23.435329540932084],[-106.61184645254588,23.4690614451912],[-106.61648513880203,23.47394432547695],[-106.62157139417363,23.4806174660252],[-106.63247639317558,23.50478763176617],[-106.64041096058038,23.51654705449855],[-106.66653401416367,23.5287541215144],[-106.68142657952143,23.545436999391885],[-106.7035213166532,23.576809122043887],[-106.7325740057235,23.60651268016697],[-106.7505997230727,23.618923168636595],[-106.79324295551463,23.63235092000302],[-106.80406651456309,23.652655239860774],[-106.81338454246284,23.699652286229615],[-106.82652745457287,23.71771873048434],[-106.8447566080488,23.735540933207652],[-106.86099199225255,23.7551537188633],[-106.87332109730369,23.798285243079675],[-106.90200762798187,23.846625122688746],[-107.03587804938921,23.98078029683298],[-107.08486893485302,24.01508205609267],[-107.10415603098063,24.02179586060775],[-107.11693274641846,24.02920156691506],[-107.1696671272561,24.07644280450691],[-107.31297769340956,24.166327330826988],[-107.37775633110088,24.20685463598983],[-107.38878330342473,24.217352477471824],[-107.3928930406948,24.241156351545076],[-107.40428628241474,24.25250894755749],[-107.44343016643657,24.2682560364192],[-107.48086501430687,24.293402305158146],[-107.54320230973764,24.346584518099625],[-107.77501379625673,24.477443731178372],[-107.79234780459156,24.4940453964899],[-107.79967197259052,24.51215227354021],[-107.79674233355333,24.522650530384066],[-107.789906401225,24.52301676618815],[-107.7818904194597,24.518011744261386],[-107.77546136059756,24.51215227354021],[-107.77253168673094,24.507554348997648],[-107.77147376343807,24.502386792300797],[-107.77171793670352,24.49103439479244],[-107.76915441102285,24.48932519631393],[-107.6905411255334,24.44953025528584],[-107.68016517894391,24.446966912202654],[-107.54149332626102,24.36505783165661],[-107.52603103682715,24.358221670712037],[-107.51488199654112,24.35199630120231],[-107.49803624975993,24.343939465549266],[-107.50890051507375,24.352606490102726],[-107.53844155449919,24.369370917098045],[-107.55329342189548,24.378078508668445],[-107.54967199765734,24.387884804896842],[-107.5307511176137,24.38011307450046],[-107.498036281508,24.357611481689133],[-107.49673416798778,24.36082586507682],[-107.49303139092045,24.366766721935555],[-107.49181068886416,24.370591596109538],[-107.49510657579818,24.370794992543672],[-107.50218662277042,24.37018450280786],[-107.50548256386581,24.370591596109538],[-107.49510654134554,24.382228758738524],[-107.48509677829047,24.38987851187063],[-107.4782608804849,24.40009190601347],[-107.47752842371912,24.419094026767155],[-107.4818009338307,24.432847498858518],[-107.51919510321858,24.511379242914554],[-107.52969316819875,24.52191805879103],[-107.5464574709326,24.52895735799494],[-107.56338453487851,24.53066625856944],[-107.5794164411432,24.527573833612465],[-107.59264073092736,24.520086879896596],[-107.60167396779413,24.508449658340787],[-107.58755451630518,24.505438655024708],[-107.56090243927234,24.5149598801011],[-107.55329343478925,24.508449658340787],[-107.55752518922054,24.499497768014834],[-107.58409582716182,24.474920944719834],[-107.59422764254063,24.467474564961282],[-107.6241348870545,24.458482129018762],[-107.64220133154603,24.470201048334584],[-107.65684976581069,24.489081239711],[-107.67674722005795,24.501613761957476],[-107.69644121479227,24.490139086031135],[-107.70409092151519,24.487941673983002],[-107.71174069492771,24.489203218012182],[-107.71882077556008,24.492377057551156],[-107.73912511404183,24.507269532474652],[-107.74502518936066,24.515855189692555],[-107.7472224532241,24.522121456356064],[-107.7482804131162,24.53546788520978],[-107.75186116149415,24.542548047815263],[-107.75816811850402,24.54779703150737],[-107.77269449769557,24.552924037648427],[-107.7791642079105,24.556219863393675],[-107.82054602525513,24.595160211071562],[-107.8328751377885,24.598700300178532],[-107.84805251800584,24.590318014095754],[-107.86709553289904,24.60822185938455],[-107.88902749325618,24.62376545476768],[-107.91270909960777,24.634670252710514],[-107.93683837691847,24.63882084306581],[-107.93248453696,24.628241420701457],[-107.92479406486011,24.620998396070107],[-107.90953525452406,24.610825777499123],[-107.87852942066152,24.5798200307832],[-107.86168369798595,24.56712463308301],[-107.81908121232902,24.54441978763061],[-107.80650792689619,24.52895735799494],[-107.83389236545348,24.5352236277455],[-107.90855870923997,24.577866869164637],[-107.9951879773562,24.648382976574528],[-108.00470943323155,24.661810589111866],[-108.00861570610276,24.677232237694962],[-108.01317300444683,24.713853357718598],[-108.01886958355567,24.730861671912834],[-108.02794349552931,24.748928154961355],[-108.03892983923298,24.763251139086858],[-108.05011958272254,24.769110366523336],[-108.05451412547383,24.772284240479117],[-108.05870524061073,24.779364468526495],[-108.06029211986439,24.786444398154067],[-108.0566300221554,24.789618274329854],[-108.04572508456157,24.78847899574658],[-108.03620357994545,24.785223699767425],[-108.01878824546509,24.775336135186148],[-108.0110570881469,24.768540727696486],[-107.99486242489318,24.758042671019336],[-107.97887123368366,24.756984813742008],[-107.97158769312924,24.778753969278878],[-107.97630773120838,24.79677962688105],[-107.98753820156452,24.814601897760344],[-108.00121010126757,24.82892491994033],[-108.01317298395936,24.836818764581793],[-108.00084385899486,24.84764223501973],[-107.99950109148247,24.86359277941366],[-108.00572669902733,24.89887119072071],[-108.00426188049676,24.914618368254576],[-107.99986730710486,24.927639023251817],[-107.98521890345235,24.953436693953062],[-107.99657142558794,24.96784091890528],[-108.03612221744947,24.998480609149812],[-108.04869544199641,25.001450913985305],[-108.04918372304788,24.9826113952012],[-108.0364884304669,24.929103990094806],[-108.03380286427704,24.92377350616926],[-108.03233801561979,24.91795480151001],[-108.03237868744758,24.905015271693895],[-108.03880772325496,24.87299215862284],[-108.04112705131273,24.838364845588757],[-108.04417884243453,24.827622799355712],[-108.05011957641628,24.82314679792989],[-108.05663001909865,24.82367587820079],[-108.06135004413991,24.825588198525608],[-108.06541907684513,24.828843499846368],[-108.07030191725354,24.833685742585065],[-108.07774815014581,24.83779520515971],[-108.08079995048182,24.832953262049607],[-108.08291579656543,24.82587301859618],[-108.08763585240982,24.82314679792989],[-108.12437901231662,24.844549771483514],[-108.1555883505147,24.883002043322772],[-108.23412024595218,25.02838776180084],[-108.25780188658753,25.056341862283492],[-108.29312089786313,25.083807683432177],[-108.31261145772876,25.092433989022922],[-108.32225501189836,25.099514064579065],[-108.32787024517425,25.111151430581405],[-108.30626380171023,25.111314197941624],[-108.28380286416525,25.10683828368518],[-108.26618404923421,25.09686920897167],[-108.25894120941481,25.08038971356957],[-108.1974991528858,25.01487864752303],[-108.18639075579553,24.986558342524482],[-108.18325761477881,24.98139068688036],[-108.17747964541113,24.980699062356532],[-108.17137613271265,24.983140478989775],[-108.16633050571468,24.98631408063616],[-108.1634008287382,24.987616209846266],[-108.1443578558687,24.975775369331732],[-108.13914955601624,24.973944457628825],[-108.1306046129195,24.976792676092657],[-108.12775632286026,24.984198346157598],[-108.12865149604292,25.005316473180038],[-108.1324763660764,25.01935455931984],[-108.14191646986305,25.019191798428004],[-108.15330970011121,25.01630280246544],[-108.16340084505178,25.022365627216942],[-108.16258704281388,25.0285098322231],[-108.15257727792907,25.045884506704628],[-108.1490779292455,25.05023834902381],[-108.14069576736023,25.057684638501616],[-108.13678951699049,25.059963282960922],[-108.1331680980085,25.056382554035668],[-108.12555904876972,25.046576238039805],[-108.1055395170308,25.026922919129248],[-108.08901933505079,25.019517320212756],[-108.046701626886,25.01487864752303],[-108.0131729809834,25.001898504930875],[-108.00475012894681,25.00950755377745],[-108.00169837090547,25.020982163604806],[-108.00352942604682,25.031439520196013],[-108.10692298084906,25.116929428374593],[-108.11953691280458,25.123480535190446],[-108.13609778540018,25.12474192651523],[-108.1282445939572,25.116848044676903],[-108.12913977750891,25.110744530963267],[-108.13678951677723,25.106594142076112],[-108.14907792813914,25.10431549342804],[-108.16173255151439,25.10643138413433],[-108.17292232923094,25.113592837812092],[-108.19074459547613,25.1315778689709],[-108.21226966165904,25.16693756971907],[-108.21800696503527,25.173163153145843],[-108.2315974594288,25.171861067645377],[-108.24201412879283,25.16494375939541],[-108.25243079477349,25.16030508731785],[-108.26642819005583,25.16571686835423],[-108.27977454193486,25.158351950605944],[-108.3057755198474,25.156968491370872],[-108.33360755061197,25.16095612040056],[-108.35179602906648,25.16950104839313],[-108.35606849074807,25.20018138918172],[-108.355213997939,25.206732496961592],[-108.348052536306,25.204779357043282],[-108.32506262978103,25.190659901212328],[-108.31419837285735,25.18622468464258],[-108.3172094371686,25.19944895247364],[-108.3174535814512,25.22850170094985],[-108.32042395593446,25.241441143636717],[-108.3294164681258,25.251654356332715],[-108.35289466122633,25.261664130925187],[-108.36139889097346,25.269354554808206],[-108.38605709617246,25.16193268883142],[-108.39924068859693,25.14524974033753],[-108.40074622226102,25.154364321953917],[-108.39610755137788,25.198431709552324],[-108.39614823994746,25.214178773683134],[-108.4051814425355,25.233832092003812],[-108.41901608129515,25.24917227329588],[-108.43504798059021,25.260809635326815],[-108.45079504997267,25.269354554808206],[-108.55418860402986,25.307766009994932],[-108.61400305496662,25.34332915266871],[-108.65428626254865,25.353705147219205],[-108.69652259087813,25.35854727154864],[-108.73192297674338,25.358140349805023],[-108.70860755020603,25.373846743796328],[-108.66734778835998,25.370794998529515],[-108.59414629090975,25.351304440776385],[-108.61831620767423,25.36196522659812],[-108.6572159515619,25.392238680296288],[-108.68724524439152,25.398504943521925],[-108.74054928569488,25.38287996086362],[-108.76573645336008,25.38092681032887],[-108.77969316139018,25.398504943521925],[-108.73867753453182,25.39907459703875],[-108.72988847799687,25.40599193703497],[-108.74185136536619,25.423000390454117],[-108.74596106942136,25.431057042721097],[-108.74567623738005,25.43878815853738],[-108.74693763303262,25.444647544171175],[-108.75584875875376,25.446926160986475],[-108.75991777307252,25.44505442929125],[-108.77159583214748,25.436224677591948],[-108.77969316619165,25.433254311807154],[-108.7697647771312,25.46466705552306],[-108.7674454375147,25.478705127068427],[-108.76671302214626,25.525702224547587],[-108.76895097144718,25.540187874891426],[-108.77501380402632,25.54140860803569],[-108.78355872421095,25.537543040817262],[-108.79336504109911,25.536322345328177],[-108.82811438682451,25.549302475303328],[-108.82933508834651,25.551906636433678],[-108.83039303368102,25.556789457703996],[-108.83283443441553,25.56146879880831],[-108.83836829496092,25.563625400779948],[-108.84434973442048,25.562486051831268],[-108.85383052952865,25.55784738422398],[-108.85887610668122,25.556789457703996],[-108.8768204448897,25.55963777346429],[-108.8895157514217,25.563299861775874],[-108.8963109991558,25.56024810271935],[-108.89639238058992,25.543117574399638],[-108.8929337243892,25.532456778523102],[-108.88780676657396,25.526312553372268],[-108.88361568570302,25.519842827878286],[-108.88272050632463,25.50836822830982],[-108.88475500796997,25.496771535930154],[-108.88784746334308,25.489691486338735],[-108.8926488881151,25.48432036449415],[-108.89981035545068,25.477972740773172],[-108.9158422557515,25.46747469199199],[-108.92967689013068,25.466376056510814],[-108.94155839420694,25.47353748685371],[-108.95164954482195,25.487860426266643],[-108.94701086793887,25.486802463790664],[-108.94029700799686,25.48940665893981],[-108.93736731897035,25.49477774385472],[-108.94420325758932,25.502142659298936],[-108.95181230784534,25.503892335315662],[-109.00186113365723,25.499945386599922],[-109.01577714452522,25.493353569156945],[-109.01878821931479,25.48248934220542],[-109.00625566058164,25.46735259634397],[-109.0346573532429,25.46523670999242],[-109.06631425360051,25.485052788453952],[-109.11611894710828,25.536322345328177],[-109.09439042979402,25.545314849147896],[-109.08824622282414,25.549302475303328],[-109.08202063670596,25.558742578836068],[-109.07738196873765,25.570461344787933],[-109.07046465108188,25.580471108184014],[-109.05776933583772,25.584662180311394],[-109.02391517053249,25.573065507022672],[-109.01622474358298,25.573879317137365],[-109.00536047690329,25.5779482927916],[-108.99815832926284,25.568670955161558],[-108.99258378782429,25.549302475303328],[-108.98314368606621,25.544378981199856],[-108.98045813291823,25.5446230978024],[-108.97862708453155,25.5508487100414],[-108.97154700596333,25.563625400779948],[-108.97057044204125,25.568182684163723],[-108.97232011208726,25.579982799517317],[-108.97154700483703,25.584662180311394],[-108.96768144171968,25.588771867983017],[-108.9597875627679,25.590521547128734],[-108.90656491541228,25.639064875206817],[-108.89639237281133,25.652980824832554],[-108.89537512409088,25.65851469668596],[-108.89736894503804,25.662176829083023],[-108.89891516606959,25.666205137410458],[-108.89639237711431,25.672837612800894],[-108.89329993739955,25.67536043235728],[-108.88784745219115,25.67816800532458],[-108.88329016809973,25.67837148639218],[-108.88052324136125,25.684881904418692],[-108.88272050360521,25.717230522706394],[-108.87311763743087,25.73672107813464],[-108.83332272886415,25.768866312582237],[-108.82811438210061,25.789536831917506],[-108.83804278120148,25.80463291190268],[-108.84984289825142,25.7927106605134],[-108.8718969470945,25.75226474761108],[-108.88605709900853,25.732163819678107],[-108.90086829711842,25.700669680147207],[-108.91690018969375,25.68716053210088],[-108.94098874427807,25.676988055506623],[-108.98936926927574,25.6630313141544],[-109.00967363001003,25.649562885173463],[-109.04173743562873,25.604681714428096],[-109.06212317137971,25.59027739274802],[-109.08824622490509,25.59772370751995],[-109.11367753960573,25.584377352343925],[-109.13125566034138,25.583400772498308],[-109.14439856397294,25.594712620055347],[-109.15648352949958,25.61823151790571],[-109.16441809241812,25.63882068305774],[-109.17121335022082,25.648749111505666],[-109.18073482078736,25.652980824832554],[-109.19318600920151,25.655422296263627],[-109.22447670080614,25.668890726513272],[-109.25015214853681,25.68618398810085],[-109.25438391933997,25.68170808024499],[-109.25169836589347,25.670233445994157],[-109.24592038179733,25.65916577581325],[-109.23770098232131,25.65078362080855],[-109.16926021578553,25.59796782437821],[-109.15274004142783,25.57648347954608],[-109.1564835286831,25.556789457703996],[-109.17992102511691,25.576361383610173],[-109.20164953951901,25.603989962281876],[-109.22752844945025,25.628648176838706],[-109.2629288415898,25.639308992243976],[-109.37389075752084,25.637152424816264],[-109.41030840353757,25.64614494570673],[-109.38719641357194,25.660834034660322],[-109.35928300855609,25.66840241709168],[-109.32945716864582,25.66815829993876],[-109.3005265007997,25.65916577581325],[-109.3015844377727,25.676336976196804],[-109.30052650114638,25.69330477511563],[-109.29784095390346,25.698065512252146],[-109.28880774864571,25.70571524633202],[-109.28685463034526,25.710679465480325],[-109.28799395247088,25.71674228805044],[-109.29059811697275,25.719468515298086],[-109.29312089534267,25.72113677563662],[-109.29430091327322,25.724351312863536],[-109.30256099409927,25.735541052226036],[-109.32176673565434,25.74819572310776],[-109.34357662382071,25.75853097964438],[-109.35948645710656,25.76288483341416],[-109.37804115264295,25.76178622968639],[-109.38947506754252,25.756415119764675],[-109.3951716834778,25.743719811415463],[-109.3958634064958,25.685858448399678],[-109.39964759235912,25.678534256224097],[-109.41030840315153,25.69330477511563],[-109.4052628224597,25.711167700095235],[-109.40355383310458,25.73655830816896],[-109.40623938001109,25.759222695855915],[-109.41413325888233,25.76902900749946],[-109.4351700523733,25.776312572325203],[-109.44054113621709,25.793402376993363],[-109.43691972469867,25.813788147969813],[-109.42540442667587,25.852280994605202],[-109.42052160951644,25.86102934673199],[-109.41840572462603,25.862046604006373],[-109.41783605823566,25.88202542430075],[-109.41909746405773,25.895941488584963],[-109.42243405607319,25.90517815414544],[-109.43081620314594,25.920477579730523],[-109.43781490840115,25.9426944045351],[-109.43952388278836,25.961330435813082],[-109.43765214210617,26.005519901565656],[-109.43325761621341,26.02167389581163],[-109.39671790098508,26.076890359371443],[-109.35928299917289,26.113959022441584],[-109.34239661694043,26.1347517060882],[-109.32970129473304,26.175116254441285],[-109.28880775312292,26.2438825806425],[-109.26964270878656,26.277411206666283],[-109.26634680687857,26.293524473094706],[-109.26219640355254,26.304103854203028],[-109.25470945113703,26.301988068205205],[-109.25133215413483,26.28945544540492],[-109.262074365204,26.268011850243326],[-109.26895099061413,26.262518676592517],[-109.27513587173334,26.2550723357414],[-109.28014076083453,26.247626069558297],[-109.28364009794369,26.240627327082194],[-109.28384354673929,26.24017972783361],[-109.2879532571109,26.22614168065256],[-109.28685461709556,26.204494518350742],[-109.28921464450829,26.19456613488941],[-109.29356849314752,26.18353914558672],[-109.2955216113118,26.17255279188952],[-109.29059810218727,26.16315335382802],[-109.2804255853939,26.16063060248335],[-109.27281654567196,26.168036236398947],[-109.2680557884031,26.179877002716154],[-109.26170813282091,26.210394582323982],[-109.23159747460917,26.262518676592517],[-109.22695880689609,26.280991999512864],[-109.22541255918469,26.33445870810634],[-109.21666418717668,26.343980192088253],[-109.1968888136994,26.343817497170257],[-109.1760961520286,26.338202193806673],[-109.16392982357893,26.3313663024679],[-109.15611732286494,26.312323330846507],[-109.1571345854133,26.29279212023077],[-109.16486570301669,26.27692297135146],[-109.17699133303019,26.26870349195487],[-109.17699135460187,26.262518676592517],[-109.15607663395886,26.254828218038057],[-109.10936438494895,26.216457416299438],[-109.09504147044285,26.214748441663698],[-109.09373938840443,26.225409252270527],[-109.10777747721765,26.249335043795334],[-109.1087133595927,26.262518676592517],[-109.10098223043603,26.268784914588775],[-109.08983314826173,26.27171462710806],[-109.08299718521887,26.27700424375326],[-109.08824623187779,26.290432066146234],[-109.11611893824728,26.28888578752488],[-109.13923090677669,26.331773114933],[-109.15672766556482,26.3642031829664],[-109.18443761599424,26.37856675081749],[-109.18024654850315,26.375189518158944],[-109.17650306683286,26.370917088038414],[-109.1731664647385,26.365627326486404],[-109.1701553994438,26.358710014803588],[-109.19054114830098,26.364243894242474],[-109.20132402285493,26.36595286646258],[-109.21174070827863,26.364935685480486],[-109.24010167362891,26.335516600746548],[-109.24962317118367,26.33445870810634],[-109.2530004349553,26.34906639861618],[-109.23900307249785,26.419501093822657],[-109.244781050768,26.458726292107404],[-109.25572671156888,26.497992326783258],[-109.27735260211692,26.521766006212836],[-109.31415375989477,26.568716185860115],[-109.35790473656772,26.597391089803445],[-109.38708863926257,26.638021062708106],[-109.41743321818795,26.66196382533937],[-109.44659321372662,26.671834526718907],[-109.47516306710004,26.67492796491537],[-109.48275265141345,26.682211484632194],[-109.4716789525344,26.684829609493185],[-109.45126760730147,26.67964308414526],[-109.42852177975148,26.671851502171965],[-109.43378951036277,26.690078627832076],[-109.44137420789684,26.694238663272603],[-109.43555424455768,26.70362067424564],[-109.44139777291534,26.714554958731274],[-109.45947744050498,26.71609957300461],[-109.47347554302561,26.717647041490643],[-109.48049044936208,26.728578167159043],[-109.48342849289507,26.74264057895803],[-109.49508629404542,26.73741620485172],[-109.50615413406739,26.72906594781688],[-109.51201939956906,26.747297102004246],[-109.52894578199064,26.751437752033322],[-109.54116917980228,26.738390113449952],[-109.54989612170279,26.72795593509404],[-109.55278808561351,26.71701038763528],[-109.54519536624731,26.711813501088677],[-109.53294592697665,26.7102705391156],[-109.52186215436855,26.70820374213007],[-109.51835158957174,26.701957381608633],[-109.52183817838382,26.695700804757863],[-109.52357330793913,26.68840511929979],[-109.50373393626816,26.6785365251663],[-109.49323724855306,26.67646747311282],[-109.49439099119506,26.669173286354887],[-109.53056106484534,26.684226755763646],[-109.60464172238855,26.69659689781183],[-109.6477981486964,26.693379225104707],[-109.66177009332098,26.683968067965576],[-109.66407061854453,26.674062367091327],[-109.69442844041001,26.67815510332265],[-109.72542263890149,26.69110256264015],[-109.76837218420432,26.706511906921147],[-109.78457597807197,26.71942780943715],[-109.83145097395492,26.765692442689005],[-109.85631263251095,26.800970782516046],[-109.864042360021,26.83545364585657],[-109.87157279643654,26.87079305118482],[-109.88654537680267,26.892035222301818],[-109.90054278776752,26.922919064141833],[-109.90379796318875,26.937811528184017],[-109.91124428298274,26.95197179273609],[-109.94556502708271,26.997089869958476],[-109.94177345553425,27.00739371226449],[-109.9324438115685,26.994085996463184],[-109.9041641719126,26.954413082244486],[-109.88329016830649,26.94090404008129],[-109.90835917126896,26.99668291392241],[-109.90911035630995,27.017251536638867],[-109.91703659799389,27.060074388540894],[-109.95221922230631,27.098578252283435],[-109.96617589652155,27.108872738612146],[-109.98216709978027,27.115138991196005],[-109.99917556449003,27.118150060691555],[-110.016468900462,27.119045389602398],[-110.02383379193506,27.11741772367931],[-110.03148352062418,27.113430054354822],[-110.0384822126408,27.10797755953492],[-110.04405675820296,27.102280950953144],[-110.05210444049095,27.090320787511242],[-110.06232888308932,27.08169241879583],[-110.09078299492691,27.10270863604697],[-110.14930901877935,27.118419560706258],[-110.19239511676804,27.12787113755985],[-110.21684741047932,27.134573482004495],[-110.24128180457066,27.13841588219335],[-110.2650923370638,27.143402378683312],[-110.28762159659887,27.14839383143171],[-110.3208715367277,27.165228540604097],[-110.33668843693184,27.17206186809834],[-110.3717888407155,27.208982650695262],[-110.40371776090615,27.245371132836986],[-110.44788277660432,27.27426197799138],[-110.46476652595916,27.283309540165817],[-110.50037098995038,27.29108171550778],[-110.52232942243067,27.290354191471767],[-110.52439357645471,27.300083302266486],[-110.4933549185273,27.298008289811943],[-110.46621244615068,27.29590473501216],[-110.43842314315631,27.29265528846655],[-110.42562797362264,27.30190564162932],[-110.4450577407961,27.317694385242646],[-110.47105870545107,27.34585189525351],[-110.479156059675,27.358628667301932],[-110.47740636424834,27.363104508842948],[-110.47354081468208,27.370266003325966],[-110.47350014126792,27.37685785667246],[-110.4873754396758,27.381292983969608],[-110.49209549158357,27.38499578267285],[-110.49966385639236,27.393377964411528],[-110.51846271185197,27.37905514060616],[-110.53038487467867,27.37323632598936],[-110.54063881737572,27.37225988861071],[-110.55093339775422,27.37738678516604],[-110.55475826065822,27.384751673486523],[-110.55431067495648,27.410142316466782],[-110.55850176555644,27.434393650921944],[-110.58740491718994,27.44936493313938],[-110.5888489756314,27.511864513041036],[-110.59802624552796,27.543684376179854],[-110.62670830510487,27.608537087771737],[-110.62710095529452,27.641099143011523],[-110.61700465001891,27.65747688601997],[-110.5991918748903,27.664618277163687],[-110.57896887953393,27.66836172277463],[-110.56794189210487,27.68138265728048],[-110.57013915712508,27.69741455491103],[-110.5819392639037,27.700140714889727],[-110.59561111505106,27.69354883878605],[-110.60334228311484,27.68138265728048],[-110.5947159415472,27.714504271006636],[-110.58901929844401,27.722357367996842],[-110.57583576880216,27.727972815002012],[-110.56338458163961,27.729478298827136],[-110.55345616617366,27.732489266017026],[-110.54808507213373,27.74282455192542],[-110.58189860189412,27.74481854232621],[-110.59951733818191,27.75234595128083],[-110.60171467020567,27.76707598726177],[-110.58901937420873,27.791245964152022],[-110.60326085875987,27.793158229692505],[-110.61286376240986,27.80093016691504],[-110.61558997813782,27.812201255894834],[-110.60952712821495,27.82477441599552],[-110.60399329105095,27.815090229591966],[-110.59723870075813,27.812892855101374],[-110.59146076598023,27.817572415129234],[-110.5865778866054,27.8370627538025],[-110.58014891653292,27.8388533375459],[-110.57115637007784,27.837958045703072],[-110.52106685608635,27.844549855866028],[-110.50837153238338,27.853664400466766],[-110.51329509449013,27.873195847526347],[-110.53327393654115,27.865953013018988],[-110.59166420685119,27.887518670587248],[-110.61632236124302,27.886175737575616],[-110.60411538012166,27.875637163781704],[-110.60912023643878,27.870835647688107],[-110.6237686531887,27.872992154124674],[-110.65465250041458,27.892238763608653],[-110.67096921222485,27.89838290360193],[-110.74185139582052,27.91413004724634],[-110.77696697113437,27.916897024110234],[-110.81212317015054,27.914536831937564],[-110.84911044444152,27.906683541834546],[-110.84911051084936,27.91413004724634],[-110.83849036402158,27.916571356070587],[-110.8081762257054,27.92780179148158],[-110.81598871715619,27.94106673770692],[-110.81997632650038,27.950262633606858],[-110.82152260869059,27.959377406714456],[-110.82184813635959,27.972154121304175],[-110.82713779886525,27.98285545124834],[-110.83885657148164,27.989406631597227],[-110.85065674937158,27.98908126579914],[-110.85594641310585,27.979315481129355],[-110.85655677742812,27.95160556013512],[-110.86058504566326,27.934881758781284],[-110.87092033636227,27.92059954469315],[-110.89069579394813,27.899847810849643],[-110.87584387180806,27.90192289555522],[-110.86742099486433,27.89842346194668],[-110.86363681181119,27.889797149914816],[-110.8627823708199,27.876288201404616],[-110.86717690210119,27.86310460836723],[-110.876779784264,27.847113453583184],[-110.88630126060083,27.8388533375459],[-110.8906957337092,27.848944294085037],[-110.89513103354096,27.850816293697083],[-110.91803950277699,27.879380554578983],[-110.92320716567745,27.881496501263683],[-110.93907629026594,27.883368195982644],[-110.94591220514246,27.886175737575616],[-110.95030673097368,27.89109922376697],[-110.95372474470211,27.89671460358229],[-110.95824133763158,27.902289122285445],[-110.96580966340302,27.906683541834546],[-110.95323645702162,27.916571356070587],[-110.9476212040815,27.919094081442136],[-110.93846596787536,27.92035559416396],[-110.95539307009695,27.936468937553283],[-110.97594157053126,27.95213461907172],[-110.9992569364743,27.964056615516615],[-111.02102184904452,27.961886304048324],[-111.04056130831563,27.955910434868006],[-111.05914573241627,27.937017224705237],[-111.08744839742488,27.93620455798693],[-111.10502521541386,27.93537206274947],[-111.10208795079488,27.94483835066553],[-111.09523650423536,27.951711612268927],[-111.10399529487307,27.96205063966085],[-111.11864429445296,27.969824883432082],[-111.12844325556897,27.96898908560492],[-111.1425928887269,27.984057472620695],[-111.17179955196626,27.990087105746525],[-111.1834739653185,28.006418474435847],[-111.19807012470595,28.021866559898257],[-111.22046376302954,28.04427406122979],[-111.25066202430877,28.052012803993133],[-111.26333760052567,28.07351776499562],[-111.2818359063238,28.091529316243417],[-111.30037175502329,28.129349190558724],[-111.33264822674423,28.160406960699664],[-111.34044349743705,28.205267671817232],[-111.34935462642407,28.215765709226822],[-111.352447036678,28.21653870135653],[-111.36676999142493,28.215765709226822],[-111.37279210573155,28.217718768525707],[-111.37559972775033,28.2223167632968],[-111.37730871021033,28.22793199242545],[-111.38483637494518,28.2416445439493],[-111.38833569665448,28.263372973672183],[-111.39411371358494,28.2738304001242],[-111.43883219604719,28.30849855051147],[-111.45177159049295,28.325628898973065],[-111.45832274354622,28.347235493037005],[-111.45205642378029,28.358832034469852],[-111.44229079182692,28.369289369675975],[-111.43814045063891,28.387111788867077],[-111.47350016734696,28.38104901528061],[-111.5162247752759,28.393785011642198],[-111.58620400429132,28.415414600135996],[-111.64954105541689,28.44439898378261],[-111.6736721939269,28.452284957248523],[-111.69779691329772,28.457520339048582],[-111.70835409646558,28.460141183336532],[-111.72363810772832,28.501201289948753],[-111.74194319501473,28.539617274854802],[-111.7606095203019,28.583970495305035],[-111.92039953883783,28.72003814029155],[-111.94007214780773,28.746447419034467],[-111.94937975929894,28.756513813103265],[-111.94508251432332,28.763422605257432],[-111.93290789997899,28.763408786476703],[-111.92144728149052,28.767792643409955],[-111.90353534654338,28.779704118487523],[-111.8943578495245,28.78066632442587],[-111.8873591403727,28.770900665420715],[-111.88231361148048,28.760809653694604],[-111.87637286150347,28.75283440901393],[-111.86705482079999,28.749579180585705],[-111.86119540403779,28.753241162281935],[-111.8574926301018,28.762274444752407],[-111.85602784771301,28.773627168294848],[-111.85708572162925,28.784369149073555],[-111.86823487425431,28.80312748044229],[-111.88361565430242,28.80329000060672],[-111.90200762498499,28.79999423529356],[-111.92501710931111,28.801718872091772],[-111.95294524198187,28.824980558226365],[-111.96727146006563,28.841320539254067],[-112.00451447764738,28.855152707885118],[-112.03029555389071,28.8614308741027],[-112.03526771672779,28.88056064335737],[-112.04891998993806,28.88589251837203],[-112.04677352945767,28.895933821959876],[-112.0610971437487,28.908517428115978],[-112.08401942276538,28.92353998712697],[-112.09118590322876,28.938583848533835],[-112.09886630156106,28.950872998600246],[-112.10552629214457,28.95737759841601],[-112.11557604974473,28.961755651212794],[-112.12921618742511,28.964251086227137],[-112.15072515927632,28.962977984887175],[-112.1665077462993,28.966725792816757],[-112.17081866187544,28.972993063635514],[-112.16078710695618,28.980529823906554],[-112.1521789292092,28.98743543581458],[-112.15501872996224,28.996649618502147],[-112.15733800075328,29.006048837458035],[-112.17091818601148,29.04716177222151],[-112.1730876024716,29.070372627008208],[-112.1860174861413,29.074745513832738],[-112.1838719885525,29.084157260879664],[-112.1738392567989,29.09859343167046],[-112.16494705543472,29.109930690722027],[-112.16612703151002,29.12042862818869],[-112.17746889144135,29.14060228101209],[-112.19475278066014,29.157518707565366],[-112.1911476806371,29.166919844269916],[-112.20913649431867,29.1809755682662],[-112.22704019402812,29.188422018846488],[-112.21358416164657,29.227754805466493],[-112.21142475397464,29.252807732900003],[-112.22446508186647,29.280427709567125],[-112.23945328214609,29.315336511744356],[-112.26347386079054,29.32998042597294],[-112.31400172140123,29.33054245132641],[-112.32334773132904,29.326753360293367],[-112.33052758908516,29.321086842302698],[-112.3321426706467,29.31635152365598],[-112.3294571456572,29.308254254093445],[-112.33307855875812,29.296535486782187],[-112.34129801407074,29.300930176830697],[-112.35676023464711,29.31879307883134],[-112.39388941944824,29.332825998056553],[-112.41122412821366,29.344728245749934],[-112.41982227046614,29.37590956400327],[-112.40737875667675,29.40436446068058],[-112.3853653946467,29.44318277287994],[-112.3778377097917,29.462795360743925],[-112.37775376277216,29.48572891261171],[-112.38714995337313,29.498274929620454],[-112.4080371067484,29.50270704737832],[-112.4195985472273,29.510208749635524],[-112.43045235213248,29.520222221264607],[-112.4290928325207,29.541564181759142],[-112.43199623140865,29.561184010193085],[-112.46662347310101,29.58563865600847],[-112.50597166592573,29.616918658724174],[-112.53087313170725,29.6760113336009],[-112.53587805821002,29.68821848974783],[-112.54377198972458,29.69822840153428],[-112.56047593696753,29.69634116257925],[-112.58018959272867,29.718003678522233],[-112.58702555079653,29.732652172527214],[-112.59581457599309,29.771307666970863],[-112.61025962169663,29.791897026180543],[-112.62653558793328,29.809881837783436],[-112.63792882380594,29.82587306826508],[-112.65831452978335,29.883449464088585],[-112.66945522860186,29.89762271625983],[-112.68635002763646,29.907782191872577],[-112.69338245884373,29.903179132019176],[-112.70934527338957,29.909995263781315],[-112.72957740327077,29.90301213024244],[-112.74628697796142,29.910465331209814],[-112.75147176911875,29.924263672141898],[-112.73926577385046,29.941248815534518],[-112.74448756652576,29.958832832039906],[-112.73600163426197,29.98775415732473],[-112.73045813704273,30.013373114119492],[-112.73794511616246,30.02802155245286],[-112.7469376297126,30.041693428983816],[-112.75881512343037,30.05918058119688],[-112.75961189110537,30.07608627929291],[-112.75276508705453,30.129403427151143],[-112.75323597007463,30.185882953206175],[-112.76429325874228,30.211519720027333],[-112.7796166817372,30.22988428327721],[-112.79575359503131,30.24673237658189],[-112.80894897102941,30.258582949826454],[-112.82878431638294,30.26918112328038],[-112.83679020890567,30.269763905484535],[-112.84626318622819,30.271593645368387],[-112.85491512647401,30.262755912069846],[-112.86078966223985,30.26899892640054],[-112.84859448112068,30.28852973011239],[-112.84664665667758,30.319285437790942],[-112.84774315997609,30.36134532120743],[-112.85602780579669,30.400580163493764],[-112.87067623255425,30.42853423764146],[-112.91539562789538,30.475129529254502],[-112.98654348013156,30.532351883478455],[-113.04125759234344,30.608531026971903],[-113.0798948433823,30.670441042948852],[-113.1138597409241,30.781179598313198],[-113.12884059155135,30.812439570013314],[-113.1109079360884,30.843332499841466],[-113.09994056960372,30.906834666954886],[-113.09735916860633,30.94600787876765],[-113.09992142403107,30.979240738588654],[-113.13078295681916,31.050547161756143],[-113.130960826959,31.06498963383194],[-113.12291450794599,31.06693330163486],[-113.11619286236026,31.056936255396884],[-113.11239037972155,31.045662576734152],[-113.10408050220896,31.025008731209645],[-113.08981961915272,30.99312189703473],[-113.0831871014474,30.989407851301074],[-113.07677161541872,30.997056385722168],[-113.0558975768934,31.030707063674004],[-113.05379929415591,31.07889105967534],[-113.05352469191787,31.123423261264218],[-113.04872292298687,31.156691630553823],[-113.06942216013034,31.17221816135706],[-113.09174436287017,31.202152425916477],[-113.11686948692629,31.2176451833127],[-113.14549628327285,31.21929325347603],[-113.14394232478908,31.209906612543],[-113.12847332444628,31.20313863974963],[-113.11667699546524,31.197588887800325],[-113.12099381799639,31.190025638990882],[-113.13867242051485,31.195533268555607],[-113.15563541477898,31.204797145878153],[-113.19704639325597,31.225187789074923],[-113.20864824456814,31.248439855220823],[-113.22199457288022,31.26040267888403],[-113.23289953123951,31.28803128668178],[-113.24583899099706,31.28693267110343],[-113.2617081255384,31.2805849984479],[-113.27599036045048,31.27826568284809],[-113.2643122788645,31.262844078129895],[-113.25202390003776,31.256048915754324],[-113.23786374919143,31.25177646807375],[-113.22934891443789,31.245095659309605],[-113.24144438646273,31.241239773286928],[-113.27839106943212,31.25063708371163],[-113.4340241452239,31.27623603782602],[-113.4818580798447,31.28645033743195],[-113.54894792641934,31.295700273321557],[-113.55846416112337,31.31561321941543],[-113.58537856986621,31.323163882917335],[-113.62226888822177,31.325583964004892],[-113.64349238367642,31.341774757192745],[-113.63688379094444,31.347577040189574],[-113.61839487357153,31.34493981611538],[-113.60930601927606,31.352915159871596],[-113.61961826421049,31.381781243409236],[-113.63583190967569,31.43485114584913],[-113.63467582409831,31.465626583706026],[-113.65957666957883,31.497539600706695],[-113.7135878039731,31.531902227458335],[-113.75754478470715,31.549214819305256],[-113.77458151624384,31.563314428696835],[-113.80398737677606,31.564352993798295],[-113.8488668587822,31.58450937253837],[-113.87572178520335,31.596747077002266],[-113.88487709971987,31.614691517630956],[-113.91299393914515,31.60464100576885],[-113.92617753616288,31.601467185371497],[-113.93952389137405,31.600409245423336],[-113.95783446719238,31.61595293795797],[-113.96251378184424,31.655218768888624],[-113.97769122378298,31.66307204159864],[-113.98037675467293,31.650295309154966],[-113.97988846687063,31.595933312002572],[-113.98106851036434,31.586737425844472],[-113.97402912110819,31.579087682702166],[-113.96678629019094,31.577053198094866],[-113.96141519419345,31.57811113605676],[-113.96003170999766,31.57990144660266],[-113.95099851555229,31.568019958198686],[-113.95470130578006,31.565659910063566],[-113.9628799861825,31.56289290584011],[-113.97966877468221,31.545206527663396],[-113.98276731244133,31.532285005973808],[-113.99273995740018,31.527128984755468],[-114.00530279657568,31.52550972267917],[-114.01040604071433,31.51626207739959],[-114.01500402911115,31.51072823957335],[-114.01878821522394,31.5040550805669],[-114.02894224338576,31.491539198849022],[-114.07140054630541,31.49201087557954],[-114.11787301683684,31.49230790728806],[-114.15901272124748,31.494508615097317],[-114.2088878682128,31.512283378285307],[-114.2319501426576,31.53048824461428],[-114.25981670699059,31.538597624387904],[-114.2878448233327,31.552430523645697],[-114.29813276193424,31.561552051784407],[-114.31208250952194,31.575873173144675],[-114.32466450285231,31.582552073761743],[-114.32748038949318,31.594665136169372],[-114.36054093119994,31.608374056339038],[-114.41254248408598,31.63525914317208],[-114.4321259395299,31.646343147814086],[-114.44813651179754,31.64891029554351],[-114.4612287102554,31.667259224621933],[-114.49426313452544,31.6773662558746],[-114.54067930365012,31.71723554354604],[-114.58471178083005,31.760754749051745],[-114.60391192180005,31.765326260852557],[-114.67723547153646,31.76406482251388],[-114.68683836631311,31.765529742886205],[-114.69591224338494,31.771063554876935],[-114.7144262519048,31.788519637409575],[-114.71751869279638,31.79222241979134],[-114.7270401420538,31.795477541740507],[-114.74697831613159,31.81000396590276],[-114.75885985795972,31.813299941163784],[-114.79360917530163,31.816555070855898],[-114.80353757102765,31.819525475372114],[-114.81696529228722,31.83047107941803],[-114.84260005179354,31.86151761490251],[-114.85505122795155,31.86790597216378],[-114.87572183806982,31.87295163661576],[-114.93362382079863,31.908758840758587],[-114.93382728005096,31.908880932041015],[-114.95612543304593,31.91811752607813],[-114.9684138873936,31.92133215053149],[-114.98135330396317,31.92255276508411],[-114.99132241627741,31.92479080922664],[-115.00584874335075,31.934556336253507],[-115.01207436968267,31.936835081178927],[-115.01569574496737,31.94220606797987],[-115.01748615350112,31.95384354468532],[-115.02106687829675,31.965562284356707],[-115.02944900545548,31.97093329205205],[-115.0352270088357,31.966050503010614],[-115.03473876129014,31.95473873595771],[-115.03062906632307,31.942084126338344],[-115.01622472449728,31.919094107399893],[-115.01195226278409,31.91474026463957],[-115.00210527505217,31.908880932041015],[-114.99453693641429,31.906561648523855],[-114.96861733433934,31.90208572161851],[-114.95132400130692,31.8944765766522],[-114.93618728441692,31.884751646810688],[-114.9234513079878,31.873521243207456],[-114.91340086354498,31.86107009970002],[-114.88895802288995,31.856349716829108],[-114.87001783133806,31.839946959045598],[-114.85617744823713,31.82223037646538],[-114.84943598994595,31.806097693194786],[-114.83503172658574,31.80190669639265],[-114.82799229151922,31.789780928930107],[-114.81598875143548,31.719143009351168],[-114.80744378858694,31.69830957378572],[-114.79295813191136,31.679266656328146],[-114.78062905178786,31.65582920836914],[-114.78864495750717,31.63617577688148],[-114.82396399536923,31.600409245423336],[-114.84113522921592,31.56683993407749],[-114.85291029707743,31.526606399923377],[-114.85231050216626,31.389429837974497],[-114.87519859358501,31.328701568193882],[-114.87262743205488,31.272666740100085],[-114.88378308945514,31.182244575943646],[-114.88867791638351,31.162892121239953],[-114.88404304017733,31.120715400117394],[-114.86390443820896,31.08967324709156],[-114.83816541247963,31.066614425087987],[-114.81347095535072,31.049985542599263],[-114.81493081229004,31.042799895747685],[-114.83291583063412,31.027411230004084],[-114.83238684898528,31.006659249544196],[-114.82176674237506,30.98895908140234],[-114.80353756752709,30.97662995912485],[-114.73633590634094,30.949346662586223],[-114.72025889417571,30.941097760891815],[-114.71676455202429,30.93544882727838],[-114.71489977445725,30.928336903418984],[-114.71045177297175,30.91841605292684],[-114.70909582556726,30.884955128258653],[-114.70791581023582,30.87421293517675],[-114.7046015505033,30.858455795738458],[-114.70919745531418,30.844058177342202],[-114.70393715962538,30.8348596037011],[-114.69685937299836,30.819984670958522],[-114.70058180176544,30.774816070624386],[-114.69519629623821,30.761302587896644],[-114.68724167740646,30.744994345690795],[-114.69365412629278,30.736264931270743],[-114.70546817785599,30.711718890764768],[-114.69644520009321,30.68749695457071],[-114.69189140664398,30.6709998152378],[-114.6984744000602,30.637211552598533],[-114.68432607769341,30.606765203415222],[-114.6618249187206,30.574336946814746],[-114.64964612928786,30.554560871110315],[-114.64854766276464,30.543856787686924],[-114.64606685466681,30.534491261171063],[-114.6452530647406,30.52411531726417],[-114.64028887085779,30.51300691592592],[-114.63059864555231,30.49487412045489],[-114.63020673994299,30.480577447849914],[-114.63805532556269,30.46326768116463],[-114.63663632417814,30.441838467132104],[-114.62952016673925,30.424802812327833],[-114.63454925573069,30.39678963595811],[-114.6406021068307,30.37521454413282],[-114.6353137000261,30.36456149601692],[-114.64396295964028,30.31373111010927],[-114.65151933357146,30.296454165150198],[-114.65269934539343,30.288275450971824],[-114.6509496757373,30.27700430368797],[-114.64011632729337,30.263756550194174],[-114.64476814481843,30.25002687080655],[-114.65158229873303,30.228483860865378],[-114.65530152910205,30.21339781015089],[-114.66573313212778,30.19956817905752],[-114.66030230451616,30.18325223968744],[-114.6526440911296,30.174826167497443],[-114.64217386657327,30.155028458121592],[-114.6306860003304,30.144517315457815],[-114.63078309064299,30.132384922305498],[-114.62460082554566,30.117495342487423],[-114.60453332658788,30.110741381876544],[-114.59655075723055,30.089450040899262],[-114.58037751450144,30.07260469563731],[-114.58143418476322,30.051117132089622],[-114.55814530992652,30.01763005379861],[-114.54429788878383,29.99168014739447],[-114.533132040734,29.96795086263577],[-114.48130633112521,29.947299286983576],[-114.47269842752033,29.918973996251765],[-114.45934061275867,29.910115108451667],[-114.42771930607502,29.907295003573036],[-114.41683545533476,29.89119644317463],[-114.40879485316819,29.88094202640435],[-114.41509687481424,29.854766457630717],[-114.40302804509831,29.832824145655724],[-114.39629720223535,29.827228321681957],[-114.40319242668218,29.826841750090914],[-114.40863390432382,29.821374177588464],[-114.40943848636729,29.815432921859976],[-114.39825714045122,29.809706723697417],[-114.39608076061246,29.805173279710395],[-114.39581753876033,29.796110587542586],[-114.3922399845341,29.7830115332032],[-114.38125123530523,29.774451628134166],[-114.3710969762301,29.770169568883528],[-114.36314413067684,29.772064296338513],[-114.35326323642212,29.76801802530652],[-114.34585132049801,29.7587309063718],[-114.34584937152088,29.751586312989996],[-114.3395422030479,29.74472285845162],[-114.3225255918117,29.741100393397662],[-114.30413874886537,29.7415665681146],[-114.29704341941553,29.7423502341734],[-114.2888110691139,29.748292756799295],[-114.28796123724092,29.75301967774988],[-114.28606081119679,29.75661840715628],[-114.29234239233519,29.75705965011598],[-114.29398525073064,29.76134442111245],[-114.29288660890964,29.766585564873917],[-114.28552382859392,29.765682054339948],[-114.28302064714879,29.769933478836318],[-114.28053988341324,29.7720666992899],[-114.27865034666799,29.770426985121432],[-114.27371638922052,29.77019029434528],[-114.27121501389449,29.77206850150345],[-114.2657768317458,29.769246534847177],[-114.26330385596442,29.764716667616813],[-114.2602468783647,29.76539760468839],[-114.25755015239898,29.760430997676686],[-114.25394761710443,29.76206771061049],[-114.24347796992427,29.76298533899291],[-114.23590521829985,29.75859994525687],[-114.22768398351697,29.750007869254013],[-114.22110228214852,29.74905930098397],[-114.22029105363411,29.746404630741445],[-114.20848464980082,29.744775423228646],[-114.20330970410483,29.739734008683154],[-114.20032237566885,29.727354232115523],[-114.19623474942847,29.721877266318455],[-114.19047491904463,29.7199732131657],[-114.18720565814172,29.71426255234335],[-114.18331535043119,29.712833985268986],[-114.18170873390774,29.709500460674203],[-114.17893176364456,29.70759219882958],[-114.17537241239641,29.704731156728272],[-114.17014893931587,29.702341697543826],[-114.1649480898336,29.700193736721214],[-114.1605674027219,29.692328187346646],[-114.1578325916517,29.690420821791214],[-114.15233356085236,29.692554067452612],[-114.15040687725521,29.693979635075813],[-114.14260455842889,29.69066892952996],[-114.14125198222797,29.68282109114333],[-114.13261567025587,29.676567624754586],[-114.13201136608147,29.670936826785812],[-114.12658096144679,29.670359809405678],[-114.11870864611713,29.662991344249164],[-114.11237495539366,29.65605510948881],[-114.11122272668788,29.65306188112571],[-114.09738608660852,29.647965730370167],[-114.0902025538729,29.64244154194448],[-114.08222570601215,29.640982021246387],[-114.06265579892779,29.62931635768881],[-114.05938861044952,29.616669046444507],[-114.05638653655791,29.612137575750424],[-114.05037832887496,29.605219012154787],[-114.046275916932,29.596376229016933],[-114.0325899941537,29.59442888680458],[-114.03039576088999,29.593208455954336],[-114.02768058737918,29.587264597221264],[-114.0230484346514,29.58420285318283],[-114.02250896285902,29.581341159100674],[-114.0148629046351,29.577953502940886],[-114.00557398134497,29.57674868885141],[-113.99433349388235,29.57698178179533],[-113.98128729252583,29.567895656923],[-113.97419356747038,29.556943570234058],[-113.96552410876724,29.546708170391618],[-113.95806459482333,29.54023560528596],[-113.95200340839992,29.538775462508486],[-113.94313461621729,29.524751948839324],[-113.93050158765043,29.520161244143026],[-113.92247693238814,29.51240272722031],[-113.91087747179539,29.50062841302673],[-113.89746437194877,29.48564991231563],[-113.88031679245368,29.477049688602147],[-113.86504743720286,29.463655655612786],[-113.85032353400133,29.458786757785187],[-113.83866531042779,29.45660237613377],[-113.83194889039892,29.45017028152406],[-113.83267397295332,29.4352451447896],[-113.82475260989199,29.429886302261302],[-113.81310701858581,29.428236595016845],[-113.8038881195438,29.424445150631726],[-113.79663152677455,29.416436911960805],[-113.78738641121247,29.41476857787077],[-113.77086648005252,29.407756403952362],[-113.68084000471421,29.31599856747245],[-113.64851689270886,29.293960852085732],[-113.636330848269,29.282178680632377],[-113.63157910518025,29.263960932129862],[-113.6248692189395,29.25860166705921],[-113.62307562862826,29.25271401099282],[-113.63848135070616,29.24048419354676],[-113.64732054876598,29.22800503174476],[-113.65655737687989,29.218440254215988],[-113.65533688314811,29.20732333719666],[-113.64611808718556,29.20203462541102],[-113.6383495312669,29.198636282261],[-113.64137750835849,29.183833210967865],[-113.63223100499508,29.173680208742056],[-113.62854757714788,29.17526568685457],[-113.62491795662918,29.169906361024104],[-113.62436441917467,29.16242474693161],[-113.61396467611942,29.162374581102316],[-113.60844987172784,29.163416348079778],[-113.60851740847214,29.154337530536104],[-113.60205164829429,29.14088375112884],[-113.59105407036543,29.12912117562722],[-113.57937358164995,29.126417616244083],[-113.57088068094572,29.11516298918397],[-113.56432919792627,29.09163444174043],[-113.54740054780638,29.065372206889823],[-113.5358838249687,29.051420219628067],[-113.53964187853454,29.039615459182052],[-113.55003428125876,29.038609123377924],[-113.55621718883212,29.027955774713853],[-113.56171771361007,29.023672382117315],[-113.56359853026943,29.014041574821434],[-113.56186516042024,29.000146276979567],[-113.54974343391288,28.99318209740954],[-113.54498762755486,28.9755266462775],[-113.54693852539049,28.958981743176672],[-113.55547340572441,28.955259165584092],[-113.55787551558691,28.948253193247492],[-113.5464863050934,28.933322300127088],[-113.54049562690433,28.920486992376222],[-113.5338859815816,28.90656510635256],[-113.52600646478407,28.901184578597878],[-113.52485367491725,28.891565649041],[-113.50477060141169,28.88931952832694],[-113.48153776853954,28.89339841342136],[-113.47722928205432,28.898159513515164],[-113.47902904319122,28.901909152123817],[-113.4722126908634,28.915174965186743],[-113.48314706815188,28.921696715014654],[-113.48797283141081,28.930302953936927],[-113.48061926891636,28.933431346238667],[-113.48301987859145,28.939342063978994],[-113.47869306835956,28.946248009729576],[-113.47318719770621,28.94779628180859],[-113.46222112107112,28.94665445370761],[-113.45006399090211,28.942290512071494],[-113.44023109041491,28.95133321429534],[-113.43466461979436,28.95987363551687],[-113.42621760080097,28.949139379071877],[-113.42878962545028,28.934712863248073],[-113.41305212229125,28.922322454271658],[-113.40628534330129,28.927115681562768],[-113.40562235220979,28.93298434729311],[-113.3878709902382,28.93980408270785],[-113.38303093586393,28.93549931686428],[-113.38673513059511,28.930719912761536],[-113.39102411489118,28.928613789846423],[-113.3942271412276,28.91313853202376],[-113.36743932820389,28.907096219625444],[-113.36809910547004,28.901762555163256],[-113.37912064571778,28.900213073203417],[-113.38041790199848,28.89327584862973],[-113.37251182790817,28.8863136849905],[-113.3683242754641,28.877743450999183],[-113.35921520606337,28.873942432832578],[-113.36597135395691,28.868652006403956],[-113.36728901122268,28.85851934841373],[-113.36746176754384,28.845178047721454],[-113.37063285436129,28.83720588173527],[-113.36529017409867,28.82384412139037],[-113.35184890882294,28.818386338664414],[-113.3544759522362,28.80027421467429],[-113.33249381408042,28.800621485224585],[-113.30997061978385,28.802063739330386],[-113.30203588605309,28.8089535711579],[-113.29100550397519,28.819009682027296],[-113.28543404029074,28.82589799880213],[-113.26849109620446,28.832179790596307],[-113.2603860894663,28.840106900233724],[-113.23409898338718,28.835623043346196],[-113.22026351262834,28.824842671766277],[-113.21415888958104,28.817311784726876],[-113.21184301715108,28.80287423737054],[-113.2026626999334,28.798512927931647],[-113.19604388427916,28.792052069798405],[-113.19987941412985,28.779814668534943],[-113.19140125729415,28.772794137038392],[-113.19037756141711,28.759452709020852],[-113.19424047184881,28.74401981493375],[-113.1819890208271,28.71573386922681],[-113.17585970778256,28.71351323948931],[-113.16989217881581,28.691519002933855],[-113.15604596725902,28.657625715720332],[-113.13235425517813,28.641303133064458],[-113.12699174863192,28.627869591186908],[-113.13160922186917,28.60458307857443],[-113.12098289027745,28.57888869104542],[-113.11629362096359,28.565513944047275],[-113.11165736786825,28.545722012972362],[-113.11428668683749,28.528135394200998],[-113.10297027171332,28.50458337815495],[-113.08249853934008,28.49318226957703],[-113.08072346474515,28.48680982808358],[-113.06323619076771,28.47969084608307],[-113.03961725743203,28.476230340694173],[-113.0360980683633,28.466607071309998],[-113.00163873739986,28.45557843840311],[-112.97126835855967,28.45632798085219],[-112.93045408951579,28.466580334152127],[-112.90236181969071,28.47534170651414],[-112.88555893790578,28.463433460307566],[-112.8868954573682,28.455982800789208],[-112.87600362536017,28.450512190937758],[-112.8754844868647,28.44517526425654],[-112.881709685423,28.43725684019188],[-112.87993852850587,28.434581013530256],[-112.86777804571832,28.432284013917826],[-112.86224684802386,28.434876324848286],[-112.8578842452105,28.441223863854542],[-112.84630399494216,28.44107695933248],[-112.84705700962975,28.430400690158613],[-112.84474160630208,28.422386421251716],[-112.85149204367552,28.41709664591055],[-112.85839339486373,28.40384425688541],[-112.85419808040481,28.397904664874417],[-112.84953194923278,28.382344426091286],[-112.85398158618763,28.368510079398607],[-112.87030191603075,28.330779023733104],[-112.87426051465172,28.30785624829423],[-112.86886671009181,28.299726525546312],[-112.87212638659052,28.283739545434184],[-112.86495776663646,28.271832587501784],[-112.853063604619,28.26004758872345],[-112.83922454269593,28.25241833658027],[-112.83784748989721,28.243550732702985],[-112.80501659609047,28.210680122706478],[-112.80027374851296,28.20368383246506],[-112.79182692350662,28.201475409666315],[-112.78645578671565,28.19607737484997],[-112.79380890212025,28.19026565211117],[-112.7957192211091,28.183888826485283],[-112.79897242333534,28.168438243583886],[-112.80389950649383,28.162607880649926],[-112.80770636016686,28.15091470007898],[-112.81177061049863,28.12053977548063],[-112.80138951758791,28.08575179104339],[-112.79842759033609,28.081451467091117],[-112.79121590890037,28.078168090321995],[-112.78955816408936,28.06747495315983],[-112.79695631966386,28.057951374736923],[-112.80370035037072,28.04572182747935],[-112.80540932041436,28.032049908242016],[-112.79936274623846,28.01742381022455],[-112.78567678816682,28.002865892799353],[-112.76876095688303,28.002127135951948],[-112.76036218167297,27.997756182095618],[-112.7611690566146,27.984430006089898],[-112.75658469444679,27.96838552056961],[-112.75725526942217,27.96303124553955],[-112.76610999093597,27.93812521532935],[-112.76216418436093,27.919976749798806],[-112.7617258765469,27.907640417712273],[-112.76302539725785,27.901244820278478],[-112.76192116112384,27.89372740567681],[-112.76679938673563,27.890589089633128],[-112.76875037181479,27.8804185491958],[-112.7732175943875,27.86390225786807],[-112.75838702269873,27.84610700194033],[-112.74282438995422,27.837394732852914],[-112.73860306610797,27.82957624856908],[-112.72544044381299,27.822489015904843],[-112.72418079881295,27.827303167047372],[-112.71937061535412,27.826180145667276],[-112.71945062803516,27.81920887877466],[-112.71299325528379,27.80630223174404],[-112.71608553299329,27.800454579398647],[-112.7151291178894,27.78389853583546],[-112.70560825944933,27.7774076433945],[-112.7087506870069,27.76728178524762],[-112.70353131718947,27.754960038790475],[-112.69286805499408,27.742555662133885],[-112.67886306194755,27.728583000142986],[-112.67034214682592,27.717730353434966],[-112.66315434501747,27.714974153050292],[-112.65782870034313,27.70850335925873],[-112.64876281412191,27.710528299208768],[-112.64334129307986,27.71046190281417],[-112.6368131950311,27.703974883509908],[-112.63274633264885,27.694317655804692],[-112.62322045083368,27.68726160255942],[-112.62112370648389,27.67807815305683],[-112.59962629642769,27.666613179272193],[-112.59800774662052,27.654297358558804],[-112.56673708143714,27.64144074049111],[-112.54396579071067,27.640752137648636],[-112.52832255745774,27.636730179689348],[-112.5157534422,27.62898399450712],[-112.49775513644084,27.62440742525004],[-112.48521522776575,27.62001983013221],[-112.47869482848434,27.61403810954675],[-112.46682205221632,27.60598967240191],[-112.4561297087028,27.597824060236256],[-112.41833099926407,27.58989008200681],[-112.40344188116033,27.580605928487984],[-112.37310643369818,27.564095312292963],[-112.35471355672016,27.547323297291857],[-112.35320721597571,27.533942927570564],[-112.33299562434956,27.516593436840466],[-112.32376759437156,27.494574036230375],[-112.31905049471499,27.45928188719175],[-112.3205721426164,27.443835615947208],[-112.30953067165807,27.42231726015562],[-112.2990120305538,27.405066804516668],[-112.30186337378528,27.39288073299781],[-112.2973247204643,27.381062094188795],[-112.28701290380785,27.365820357940056],[-112.27075849811698,27.357595595754795],[-112.26523524039774,27.34197963917308],[-112.25804392452605,27.330599014410655],[-112.24170787586924,27.326584044850282],[-112.23612160334598,27.314723302879674],[-112.23024258775698,27.29110439899474],[-112.21768517544149,27.283397570155767],[-112.20700212277325,27.26113017672645],[-112.19557922503157,27.250129267234247],[-112.20276064647904,27.230588671619596],[-112.20765654968733,27.225864182561796],[-112.21140515224839,27.21845071350354],[-112.21276367738197,27.21046279159162],[-112.19438565194443,27.198955305595724],[-112.18142696821674,27.18701682508673],[-112.16966093387586,27.17562980520849],[-112.16494706775512,27.166815492770883],[-112.15493691497275,27.162046373684134],[-112.13395525448118,27.16007064483746],[-112.11453435587714,27.142147267073895],[-112.08893938243486,27.131560311525526],[-112.06786217536467,27.133851661113635],[-112.06437317505865,27.128450397099332],[-112.05425979524675,27.1240022963728],[-112.01116812440523,27.11683140338397],[-111.99358451634559,27.09620833254583],[-111.95994125216177,27.09559046486749],[-111.95037229888636,27.093275526498964],[-111.95173821578555,27.08527614332342],[-111.94645297020988,27.079295006537674],[-111.94425392898712,27.069626037240877],[-111.95758810772114,27.064527007903024],[-111.97015198619971,27.067982143828303],[-111.98660598244368,27.055968333676844],[-112.00312812207694,27.035743303313264],[-112.01198770404388,27.01449763755784],[-112.01473509954452,26.99849791676335],[-112.01716059276924,26.978501632109154],[-112.001454236691,26.952215906674244],[-111.98338782531233,26.94090404008129],[-111.97394770125855,26.936916343121023],[-111.97142491852263,26.928045912383837],[-111.9573563206538,26.910975643366132],[-111.95179503358307,26.89218394433648],[-111.9417471718873,26.886665605229187],[-111.91559808180058,26.878197760405452],[-111.9100429130367,26.858882358326714],[-111.87071693417352,26.82807040855399],[-111.86335955781922,26.805189843366957],[-111.860701158168,26.790189603656565],[-111.86144633093191,26.78379543622369],[-111.87239814438885,26.776523053279842],[-111.87681012325281,26.766457838397063],[-111.87762945170732,26.756325470070067],[-111.89020746539771,26.762925450684893],[-111.90518143465927,26.734279657146683],[-111.90011416550514,26.714559465483774],[-111.8859757074527,26.711167683403623],[-111.86350942087172,26.693051584015254],[-111.85305035684732,26.67733577493882],[-111.84858093025518,26.663902783047327],[-111.84710676451249,26.655421513653597],[-111.84310282669679,26.645158569951594],[-111.82461310519757,26.63994650124945],[-111.81168621075825,26.628998676175993],[-111.79822702703223,26.61264708866831],[-111.78427507028904,26.57179581059571],[-111.76179947640995,26.55356157503482],[-111.73581047683041,26.539683577517483],[-111.71455205299675,26.551538636416108],[-111.67679285253692,26.58185897126805],[-111.68007025925823,26.59367601279245],[-111.69241301695547,26.6030137298418],[-111.7146086135477,26.629706988945394],[-111.74287768734368,26.65275876996618],[-111.75706410658027,26.659438988895733],[-111.76689066446342,26.676219150805128],[-111.79412144064375,26.690113179623285],[-111.80742125652733,26.715524962080746],[-111.81458476259503,26.714577342268672],[-111.81618940132826,26.722615434925473],[-111.8136109681145,26.731114416193893],[-111.81700333311124,26.73918645609269],[-111.81670239661251,26.766478118754144],[-111.82223614602552,26.778824497502104],[-111.8232918694362,26.792198709581893],[-111.82868382099632,26.808293184987033],[-111.82364059340456,26.82047475193029],[-111.83164446391795,26.828640811317644],[-111.83690400319146,26.834612688784564],[-111.8367035721557,26.843154756524893],[-111.84014887384373,26.84962627789891],[-111.84597625110916,26.856675711407558],[-111.84511587384539,26.867876444623818],[-111.85216771621002,26.873878810105634],[-111.85141930511674,26.88027476216214],[-111.83396965142494,26.8831653787174],[-111.82660318538603,26.890510896515494],[-111.81807337549506,26.89623308922299],[-111.79509109352874,26.884027966765398],[-111.79235385999094,26.87541966141918],[-111.76813054799239,26.862682135148145],[-111.74522936317089,26.844098917610907],[-111.72907627382018,26.82243292986532],[-111.72108205775642,26.806267104643045],[-111.68012421515881,26.77875899948329],[-111.66733721576938,26.780550881016904],[-111.66283854135482,26.768699043122403],[-111.6564906128793,26.758929318353758],[-111.64887585042878,26.752936546143932],[-111.64783120676948,26.746480028497327],[-111.625894609078,26.73970052598031],[-111.62306347559161,26.73321366050902],[-111.60828672867855,26.726508516910847],[-111.60842014169265,26.721133915445524],[-111.58474129369907,26.712147451471413],[-111.57230282785144,26.70763769391725],[-111.57009012149999,26.700650723379052],[-111.5600549502401,26.69565303315777],[-111.56427142300528,26.67115761174374],[-111.56602754423145,26.649299681635004],[-111.56304032425265,26.62575410780012],[-111.56908005391439,26.576233774830147],[-111.56477159716397,26.558000742738262],[-111.54889528347293,26.548600222533274],[-111.52461940979751,26.540620084456933],[-111.50365147730653,26.533107747992517],[-111.48241124987824,26.528509789525526],[-111.47472671686634,26.53103493362359],[-111.4728080616218,26.53579904149261],[-111.46022111607839,26.53766890075663],[-111.4610303054516,26.529677193597205],[-111.45579128020633,26.52476180785674],[-111.44223804967113,26.51752603472806],[-111.44891292799244,26.513936390240126],[-111.45453024903814,26.505522995731276],[-111.45567567041607,26.486354031898653],[-111.46824742005236,26.466436335856116],[-111.46643166090297,26.440147100269982],[-111.46886680246689,26.419503647664623],[-111.46155959320795,26.400057189900892],[-111.43814044214838,26.38597244569894],[-111.42848547124451,26.38262390654858],[-111.42383490095663,26.377154325166888],[-111.42277417023581,26.371778634707724],[-111.43307457999347,26.367970252838134],[-111.43238463261626,26.36087462295547],[-111.42296815644006,26.350371863750812],[-111.40642236651176,26.34443763070649],[-111.39365646967948,26.330011262412054],[-111.38794694598448,26.314165704943683],[-111.3847908991499,26.299881145509847],[-111.38192469465916,26.27707259669742],[-111.39322346424998,26.27799738949374],[-111.39744906778344,26.252214581206378],[-111.38815055411239,26.242690159444713],[-111.38748595703909,26.234812367506468],[-111.3758230818726,26.21254950385224],[-111.37966319098771,26.200054128369153],[-111.37572080516088,26.183452164530323],[-111.36452064265065,26.17612036740133],[-111.35872568033804,26.162611487332356],[-111.35919774040426,26.14376040639532],[-111.35094658431845,26.12631912370671],[-111.34177324763509,26.110419538487445],[-111.32203731725069,26.098183148215423],[-111.32321959925595,26.086442504797965],[-111.31833767225503,26.073736881949475],[-111.3194827921023,26.063560170180068],[-111.32574413319344,26.058970453255],[-111.32779496244002,26.048014442016143],[-111.34029172419447,26.038863100531664],[-111.34494103365337,26.028751286643107],[-111.33751007413032,26.01285943726967],[-111.33732838830959,25.98769801942616],[-111.34730721676138,25.974555389358514],[-111.36025956426802,25.964097380240393],[-111.35511957458371,25.944840988990368],[-111.34935461413335,25.926092815147484],[-111.33901933457125,25.908433333383556],[-111.33576413155535,25.899400149190164],[-111.33254679590848,25.8849067648766],[-111.33889005160304,25.873077945810387],[-111.33387169846904,25.8659373896941],[-111.33102815575864,25.837357667951142],[-111.32336933827828,25.832578895850652],[-111.31783904257274,25.833631831613744],[-111.31574059158308,25.836201601831604],[-111.30871909738897,25.831294611681287],[-111.30015613910064,25.82114923297999],[-111.29745409711742,25.81645894484492],[-111.29192322610231,25.812265830587755],[-111.29676096824498,25.80745949311386],[-111.30107736159566,25.80789537446274],[-111.3057375535876,25.812208744625266],[-111.30688057081672,25.817423998107532],[-111.31539406010843,25.82003365300178],[-111.31442541941706,25.81513808078555],[-111.31067027228788,25.80098474368206],[-111.3092957558955,25.789260040178064],[-111.30711598194031,25.779207130018538],[-111.30234030215243,25.771518329907206],[-111.28941809849528,25.764196382707535],[-111.27832250399547,25.750659431340438],[-111.26289429979195,25.745890353265466],[-111.2556380139989,25.74165675639753],[-111.24733494511455,25.731119748438893],[-111.24428167449457,25.72330281006405],[-111.23660637699209,25.719808551970058],[-111.23198652427475,25.723769186871603],[-111.22500524738228,25.724353265802353],[-111.21253282571529,25.701567130357645],[-111.21518384378193,25.69498550359531],[-111.21225885329665,25.682742836744037],[-111.20694575064257,25.66823408892553],[-111.2003731296702,25.654047203417317],[-111.19999452135976,25.639297875529635],[-111.1965716552816,25.630370628811548],[-111.19174434187984,25.614829053535665],[-111.18322500666997,25.602614570207468],[-111.17238438381152,25.59497187214435],[-111.16395845424107,25.5733330965301],[-111.15092708553178,25.57042483994763],[-111.1457020392286,25.56622062423583],[-111.14507246476067,25.55881115684317],[-111.13776960792949,25.54428358794321],[-111.12896791644901,25.539309130322],[-111.12389618030731,25.53032226109419],[-111.11380168175197,25.525650058728157],[-111.10359122961432,25.525409585192715],[-111.09980404007227,25.529385416974804],[-111.0962175454803,25.525973794771872],[-111.07662628073868,25.524768084580554],[-111.06945330522336,25.532353310666256],[-111.06748667271508,25.52972177199102],[-111.07385142094178,25.521747236872297],[-111.07193716383547,25.517271004553333],[-111.06341275285307,25.51522196613698],[-111.05919723649215,25.519552629725197],[-111.05424798966993,25.520904434104953],[-111.04865202536264,25.516276286319496],[-111.0417227146992,25.516087640634094],[-111.03912635975236,25.520859554228945],[-111.0354522673391,25.520775427934307],[-111.03186890448924,25.517735351621226],[-111.01925629421189,25.515249945637844],[-111.0146269939336,25.505915947557234],[-111.02222263837544,25.498709331558107],[-111.0148771410713,25.4837825951102],[-111.01465475270884,25.47750238510768],[-111.02054602150447,25.472861585383832],[-111.01922066840292,25.461747125813666],[-111.02627297281722,25.458611923437015],[-111.0253888683959,25.44715341426269],[-111.0202595983736,25.440738795751702],[-111.01344139666308,25.424029545609677],[-111.00381700749094,25.41671305412056],[-111.00087452464776,25.392673356501906],[-110.99669922965795,25.382637910802284],[-110.98229970999608,25.359417900070127],[-110.97954462762354,25.342369403655727],[-110.972013204163,25.335186290612675],[-110.95580787897988,25.328375360983188],[-110.95656280277947,25.322690217065862],[-110.94738943170618,25.315447731859756],[-110.94353495467007,25.30758147773639],[-110.94685013443338,25.305421922723724],[-110.94745394403793,25.29800996910942],[-110.94067347925032,25.29382645699686],[-110.93426150382366,25.291140985280126],[-110.93677314101888,25.288979929110553],[-110.93853920432888,25.28420351927893],[-110.93466092283239,25.277843743304853],[-110.93847344432717,25.273128495305155],[-110.94250781893197,25.273553123729144],[-110.94731552576462,25.261814299069595],[-110.9459122407284,25.25511302990291],[-110.938475506959,25.24578251583958],[-110.94001830834044,25.234345596363188],[-110.93202366310348,25.215313079400005],[-110.92281553997704,25.210301936927507],[-110.91517487858279,25.191988314357154],[-110.90841680788269,25.186659151510856],[-110.90609344393947,25.1821615737966],[-110.91271133846713,25.17787876085755],[-110.91087344074576,25.16015514503084],[-110.90445066042457,25.143012756712803],[-110.89336097144245,25.131662632749265],[-110.8801073995593,25.126529467259797],[-110.8809937220688,25.123970086237765],[-110.87423002474497,25.118998900969373],[-110.87516045946388,25.114967074832382],[-110.8736733667751,25.110499901090698],[-110.86814316640044,25.10518623662131],[-110.86793065408352,25.09890672928889],[-110.86404203236073,25.092902658409987],[-110.86161542008892,25.07918849830427],[-110.84752552778335,25.07366840512079],[-110.84644729249351,25.068879014004338],[-110.8294733678759,25.064698629496178],[-110.82357217296469,25.05832832685685],[-110.82673856344947,25.048018057829196],[-110.82169181122582,25.041048241919647],[-110.81423162313361,25.033190174545012],[-110.80208312783122,25.031351137312452],[-110.79446427326708,25.030599310089322],[-110.79382896015852,25.03438954264649],[-110.79045441317842,25.03679520572747],[-110.78336619698418,25.032748907935996],[-110.77954396687053,25.026462548472406],[-110.75779051104391,25.01223870317964],[-110.75971041796485,25.006548999856776],[-110.75732610698546,25.003472591940866],[-110.75833683782447,24.9972229452354],[-110.7511182676588,24.993705332333235],[-110.74921470910085,24.9872658908131],[-110.74877238694236,24.973924928705944],[-110.74724090281308,24.963790321250574],[-110.73447926882528,24.95226285651377],[-110.72790312474864,24.940857978763027],[-110.71820807872608,24.930105972185515],[-110.71918660113492,24.92415867580536],[-110.71080930982822,24.92044248009821],[-110.70536821419758,24.921015126921024],[-110.70162926616791,24.91740829341045],[-110.69863225733107,24.914527634101415],[-110.70024296413271,24.912812698582478],[-110.70571047854132,24.911541819676984],[-110.70851484927138,24.908806576039332],[-110.70432132518143,24.906952234858124],[-110.70450408031745,24.901701974433777],[-110.69053299559867,24.891886469184403],[-110.69071026499756,24.886989233597767],[-110.68386846084809,24.88295938030026],[-110.68746288776178,24.879905068617322],[-110.68797741663408,24.875019252325988],[-110.68430660647886,24.86826467752551],[-110.68285512289064,24.86542338221275],[-110.684341105499,24.85707345505839],[-110.6787565657065,24.849910883104233],[-110.67471937341668,24.8431427953442],[-110.67417206881761,24.836833185857753],[-110.67365079655556,24.829828953400387],[-110.66729954351838,24.822994172845387],[-110.66516866602501,24.816257939500094],[-110.66418241415009,24.810975551307372],[-110.66154371384474,24.808795237048894],[-110.65883232889882,24.80907164452306],[-110.65697234462978,24.806918069849953],[-110.66068412163447,24.79966177443118],[-110.6616840852801,24.793042419691865],[-110.66029800611197,24.789179928476333],[-110.66389221571455,24.775693962203835],[-110.66452421060093,24.76472120355806],[-110.67913513844641,24.747766945965225],[-110.68720845931787,24.730660676240646],[-110.69103728804805,24.719232167114058],[-110.68843763292342,24.710239043609697],[-110.69398337852941,24.699878613579482],[-110.70912026942548,24.697604270819124],[-110.72352755245021,24.68117793392972],[-110.7293137540508,24.662464349049902],[-110.73297914499342,24.63841374568325],[-110.73931358936535,24.621252568876233],[-110.738802924668,24.601292199721954],[-110.73980201378588,24.588196004250406],[-110.73517303249902,24.57023298599414],[-110.73261103356214,24.560709337539905],[-110.73858518737907,24.554572250909466],[-110.7348722143199,24.544500906373592],[-110.72864801856298,24.52228068931057],[-110.72885537357904,24.515989486133858],[-110.7217201543757,24.504776486709705],[-110.68720017412957,24.46603876738132],[-110.68569902710972,24.454169029599836],[-110.68436076435289,24.444250946517684],[-110.69211351971359,24.43549977043069],[-110.69248652515577,24.423956322109813],[-110.68874080882848,24.41546953826367],[-110.69359577790499,24.40771582639932],[-110.68643744646675,24.39809309085434],[-110.68149916280697,24.390615186032882],[-110.68350773955069,24.381733036061057],[-110.67860186766215,24.373202100825466],[-110.68184915029518,24.360659722997134],[-110.65523103309177,24.32896716289978],[-110.65367822419728,24.323143785050394],[-110.63842652276043,24.31486613626208],[-110.64147481327774,24.30916774319403],[-110.62844393854688,24.28466559737561],[-110.61511530472458,24.269087645426865],[-110.60988972367879,24.25372481455018],[-110.59803009018943,24.24709778425307],[-110.58100124458333,24.24031092326427],[-110.57688516493558,24.225514129719283],[-110.56498776321192,24.219922409247943],[-110.56235863235615,24.21250283596384],[-110.53962270785422,24.203989076228144],[-110.51158603292726,24.195746011823477],[-110.48570714639914,24.19013086303204],[-110.45285590673828,24.18261545823252],[-110.40208897093486,24.17552306897831],[-110.3493545886028,24.17674373974027],[-110.3301895629036,24.17719138913398],[-110.32519518392616,24.17570903875151],[-110.32714822596935,24.169464180416014],[-110.3378146302334,24.160845881498254],[-110.35242100200949,24.154973266011105],[-110.3693098358518,24.149692810162595],[-110.37893507784698,24.15470978398054],[-110.40383856032558,24.167526670272483],[-110.43242859128539,24.173617104197476],[-110.43377935581147,24.167880583575016],[-110.42539686077491,24.160277757649254],[-110.42937798064104,24.14516825099061],[-110.42103816538457,24.136519014251455],[-110.41730292266547,24.128009182007627],[-110.42276397882434,24.120304518671812],[-110.41683665220697,24.10857582867546],[-110.39269389572321,24.10624294984613],[-110.37055816477334,24.113467213705714],[-110.36085697627024,24.11108296008425],[-110.35038094973662,24.11445594595202],[-110.34952414667059,24.12230752064459],[-110.34859645225745,24.132260642820857],[-110.3471865652784,24.139573841822447],[-110.34303055262625,24.143129195231957],[-110.32410457614768,24.157282414214464],[-110.30613424493986,24.176715498772037],[-110.30081067724953,24.217041525957093],[-110.31218648582026,24.21840971264667],[-110.31073212227162,24.228354454938998],[-110.3098854997666,24.23726449746767],[-110.31832545149707,24.241185794321456],[-110.32456777828112,24.24504790570876],[-110.32159912080766,24.24863992513264],[-110.32075290995611,24.2564903338089],[-110.32213925812096,24.26545596580447],[-110.32778978379105,24.267722160273433],[-110.32990022986746,24.257281984400556],[-110.3362586161147,24.25589156356559],[-110.33900174772634,24.27488126896534],[-110.3347485163681,24.281057349858607],[-110.33857603263881,24.286947716523265],[-110.33420522450989,24.296275685152615],[-110.3380538226935,24.301640890857946],[-110.33600700126858,24.31051129841324],[-110.33927957054861,24.315859682321115],[-110.32484685725443,24.31596483536841],[-110.32121864568853,24.320587063276466],[-110.3291973970121,24.323446325468336],[-110.3324702535851,24.32879471182305],[-110.32357701327206,24.335366180167554],[-110.30906496469908,24.337570490082012],[-110.30134633137995,24.343648641976486],[-110.29699737733438,24.351931707104825],[-110.27623716259009,24.350801160204004],[-110.24985105691943,24.34581840221716],[-110.24619987730857,24.350445442028327],[-110.23261335855457,24.34320549655886],[-110.22884536482798,24.335733915651705],[-110.23535027731916,24.332243433120762],[-110.23638444403888,24.32018417682298],[-110.23084225863775,24.313189996799707],[-110.21971969524219,24.31016339211378],[-110.21139903864203,24.300419313526415],[-110.20000021519175,24.29691922136426],[-110.19215582632752,24.290353770677253],[-110.18391403932222,24.279612849231658],[-110.18369956315051,24.269626629023453],[-110.1765201735095,24.26044287868744],[-110.1727603296668,24.25297582605566],[-110.1459910976903,24.245907454645387],[-110.13592500032665,24.237716053460527],[-110.12591863241337,24.22794796454521],[-110.11735332153079,24.226113500207457],[-110.10041239196039,24.217161400018888],[-110.08723053593332,24.215752654496555],[-110.08389795100345,24.21249322200552],[-110.0771401400398,24.20857853861098],[-110.07340997644681,24.201035188538896],[-110.06258135037311,24.19812426350222],[-110.0588518009213,24.190630488052292],[-110.04634709148526,24.185588271535014],[-110.03167223097867,24.177080528310338],[-110.01813810162375,24.16927941242508],[-110.00698530649375,24.158826052548704],[-110.00261094443836,24.13708773851894],[-109.99663257116691,24.128611254437267],[-109.99825238238763,24.11541373340351],[-109.99385950098232,24.11065934649427],[-109.98862938865123,24.065737111659026],[-109.98765182314732,24.046318819804917],[-109.97416028507061,24.03857602194099],[-109.9529161291957,24.037894636593986],[-109.93140923531809,24.029305517206836],[-109.89027950497375,24.03745389925452],[-109.85292572246794,24.05097976153216],[-109.83531095711827,24.05987202552588],[-109.82828802144542,24.06279946106252],[-109.82736813259172,24.056989355029412],[-109.82546455685633,24.046945225816632],[-109.82179550363733,24.037894937028444],[-109.8110928673583,24.032289431510915],[-109.80344395403077,24.02205994235607],[-109.80493128778055,24.013700959956854],[-109.80968067210758,24.010175665028846],[-109.81118565782941,24.00129543264409],[-109.8249102133269,23.989132060033107],[-109.83066525595576,23.98931412302764],[-109.83310364525208,23.985721533637086],[-109.83222881924993,23.977827932997744],[-109.83634087874698,23.961677513259772],[-109.83905773803373,23.951788738819463],[-109.83732191524963,23.93808656480134],[-109.83004998441439,23.91896097387201],[-109.82396402887301,23.91038660801763],[-109.815377336042,23.905835645593537],[-109.808614377209,23.90246118007396],[-109.80476008295082,23.897572832364396],[-109.79735265356162,23.891506186881536],[-109.79356846094856,23.888739198454314],[-109.78581760868673,23.882216196915785],[-109.77277798176587,23.87755888517417],[-109.740874834393,23.84251550464645],[-109.72191321131822,23.82632068830334],[-109.71183576834851,23.807786112958436],[-109.69844283820012,23.79842824881687],[-109.710272503951,23.77518291454021],[-109.71132209355103,23.74896963046272],[-109.70449785464263,23.72426994064618],[-109.69420325596015,23.68895092298142],[-109.69632060108187,23.665519996104546],[-109.67982514081221,23.648164999095236],[-109.6600819226821,23.640126069530737],[-109.64259268197077,23.63323238393333],[-109.63600076626396,23.626181874820656],[-109.62183714128815,23.622016102531568],[-109.60873245675997,23.619986392798378],[-109.58508654090534,23.60919282136431],[-109.57740127028546,23.601044844240366],[-109.5666681049664,23.596988431548976],[-109.54109024183225,23.59136136892248],[-109.52401869493886,23.588134445680744],[-109.51735370300189,23.58263686991174],[-109.51442144792281,23.570454119974695],[-109.4987165901768,23.56419345409475],[-109.4764589110254,23.560204942715036],[-109.46801587079246,23.555138187957905],[-109.4679520171519,23.548122543858504],[-109.47677438710642,23.538987968133164],[-109.4779489970515,23.525434971769933],[-109.46835894556311,23.503872522788328],[-109.4437343560409,23.47455059220463],[-109.4263156147222,23.458513368388612],[-109.42324150943651,23.4394328030868],[-109.42780822512678,23.422990915875957],[-109.42706537829972,23.40993066426304],[-109.41431707934669,23.40594487293916],[-109.41362465313881,23.391696731271413],[-109.41665326346278,23.381132452264044],[-109.42855642664335,23.37443319147674],[-109.42642569863762,23.363695569727497],[-109.4271711637117,23.345946549565536],[-109.4237515029442,23.335158163030183],[-109.42598480542591,23.3127149634317],[-109.42564859654297,23.297186730424947],[-109.43374587174249,23.28497943498965],[-109.43765216227791,23.281317517447043],[-109.43838454208722,23.271307556785008],[-109.43667558449616,23.250392968615348],[-109.4376521713871,23.240383315776683],[-109.44225013587463,23.230617612582556],[-109.45162797354007,23.213409419150864],[-109.4538376668127,23.202270768544487],[-109.46296141261934,23.194769695936163],[-109.4748429251499,23.17796469030942],[-109.49420330150524,23.15173078473119],[-109.50491586629083,23.144918900541544],[-109.5161772565384,23.125282990792815],[-109.525883044196,23.121642417168566],[-109.53167227233152,23.108207026676123],[-109.56614669987728,23.094967818862806],[-109.57714397440009,23.081713593588937],[-109.60759940920353,23.081166516646192],[-109.62714280946808,23.071412265041207],[-109.67214318020933,23.05610373021033],[-109.69454478484052,23.040804513676427],[-109.71317631172893,23.031050270603753],[-109.71719105740478,23.016811867326858],[-109.71238319291695,23.007791570397572],[-109.73151902865347,22.98754285015668],[-109.75857887982914,22.984465586200454],[-109.80337700129026,22.956122501309622],[-109.80600981571241,22.93606968036459],[-109.8241584794115,22.919920297729156],[-109.8367052159273,22.909939858722247],[-109.85106363557718,22.899969936609263],[-109.85912026600164,22.897772624445725],[-109.88496872106381,22.897214133442233],[-109.90173897870228,22.889677359544972],[-109.90290929109352,22.881674026120095],[-109.89537838137483,22.874203047698707],[-109.93452319864782,22.872302256476896],[-109.9544964365042,22.872155048055852],[-109.96555143385105,22.878142826032438],[-109.97843138651396,22.88177526948169],[-109.9996590410866,22.89444210745071],[-110.02747924450806,22.91615896892527],[-110.0433745468309,22.93187904199196],[-110.06001755972194,22.95081638012163],[-110.07835853159942,22.980658287234064],[-110.0818985884503,22.990220547637268],[-110.08994768747323,23.01091510149879],[-110.09837989698718,23.01756233207506],[-110.10679680306143,23.048194102227367],[-110.10759345201905,23.075454805431523],[-110.15157522234121,23.226266819187007],[-110.16048052092835,23.292107992769584],[-110.16725987757394,23.32108639800982],[-110.17824509806256,23.330218819433664],[-110.1857233107814,23.340053644672395],[-110.20959836640574,23.378440310062988],[-110.21601536513765,23.39384960453767],[-110.22948654233565,23.407075387162884],[-110.23463699722333,23.426069112546976],[-110.26683959238989,23.478260596289672],[-110.27779908162813,23.488175673359187],[-110.307362349308,23.541032394440442],[-110.35390745309671,23.580785918444256],[-110.40439637457752,23.608645737263394],[-110.52398645356128,23.658460467673045],[-110.5773431169227,23.68156031467337],[-110.647517673344,23.73390087677888],[-110.7533112382974,23.839107397198532],[-110.81578794210549,23.908745641693486],[-110.85163324450016,23.940374966854925],[-110.86955424043629,23.951764103261887],[-110.8808723863975,23.95366224298607],[-110.88333530650873,23.966503080078365],[-110.89445371191991,23.976404777760273],[-110.93171140371078,24.01496007979456],[-110.95383778660192,24.030837131661755],[-110.9872352401189,24.057347773555843],[-111.01001124506448,24.071446573697344],[-111.01662206143534,24.085214000620205],[-111.03971428023758,24.104184969315394],[-111.08274987333947,24.130840484795833],[-111.10767481078503,24.147441947041244],[-111.13875172419507,24.16338696651481],[-111.17415249156588,24.181031560251643],[-111.22744091166436,24.217471750662387],[-111.28075113832588,24.242987512031746],[-111.4444447762449,24.324391501412585],[-111.44959030226008,24.330119039979458],[-111.43732400996608,24.327432829053762],[-111.3597487339526,24.29032162391743],[-111.37437580310026,24.305914609308736],[-111.4123429048129,24.32526276979352],[-111.44494509057608,24.33962578315371],[-111.46070488146192,24.343196182994223],[-111.47805519377155,24.354804191742513],[-111.48638140125234,24.374213975662098],[-111.52259198371415,24.404638737849783],[-111.5416878194437,24.4154632290583],[-111.56536597722125,24.419181153900542],[-111.59557761860569,24.442235303575497],[-111.61942480505584,24.473136637517058],[-111.62908479150539,24.508529274777125],[-111.64936246641287,24.541738663095032],[-111.65349966510445,24.55221890524758],[-111.6456853249365,24.548059615917236],[-111.63425115627295,24.547823470212126],[-111.647081369839,24.562484637405078],[-111.66784071635253,24.576507377430243],[-111.67903001470512,24.586333574967075],[-111.69562738175344,24.587144162820813],[-111.69523762750667,24.571470198283638],[-111.68592776882967,24.55688894310985],[-111.69878085803172,24.53556162239224],[-111.72595220163693,24.53930630292654],[-111.73719900764819,24.5467340754217],[-111.74874375648339,24.542169193271647],[-111.76553996412513,24.5385083350148],[-111.78830781448421,24.542159579199236],[-111.80314548848715,24.546451061117807],[-111.78250858307145,24.527655252743507],[-111.76171450243592,24.515248902858552],[-111.78111941207965,24.512440394948946],[-111.79154535502047,24.51744361319268],[-111.8013212614977,24.51284268334447],[-111.81290812160682,24.50587969999134],[-111.81968625808096,24.51640409260123],[-111.82101975440655,24.53401495892409],[-111.8189945820397,24.545166080075457],[-111.81488359822704,24.569866749535958],[-111.83474328017076,24.621425622703125],[-111.84892414567959,24.6536854600982],[-111.86614697334036,24.669216764828974],[-111.88590030633219,24.68960231140005],[-111.90629672046049,24.71361150210327],[-111.9292014772057,24.73046989559664],[-111.94159658470541,24.744225033528608],[-111.93817958994673,24.74832276397733],[-111.91600192403025,24.733513072373],[-111.912219540473,24.736583289301233],[-111.9129286427176,24.743776173001166],[-111.93285070280494,24.756170915628775],[-111.95278883997437,24.77484761568921],[-111.96812903238624,24.794419649126393],[-111.97419188467654,24.809393719323],[-111.97704019600346,24.825995298943973],[-111.98473059202689,24.84715401452861],[-111.9956762648143,24.865790223853825],[-112.00837153267288,24.874579102278187],[-111.99982662402634,24.845648492817315],[-111.99583896931601,24.819403277430055],[-111.98766026118317,24.79669820689365],[-111.96670486450638,24.77830630989922],[-111.9725235325895,24.775702074151415],[-111.98843337584384,24.76471579559543],[-111.98273677327512,24.76019924586349],[-111.97240148348676,24.74876531530069],[-111.96670491436305,24.744208208769763],[-111.97565670521143,24.741156317874385],[-111.98355059995986,24.7428246728334],[-111.99006103353042,24.748521356253846],[-111.99469964524226,24.75787983129918],[-112.01162677401928,24.73944740334767],[-112.0252579670509,24.755560717392974],[-112.04308022377182,24.805650200920205],[-112.0337621740936,24.811957098384745],[-112.02928625898507,24.820217177624922],[-112.02989658622994,24.82981994010551],[-112.03563390981996,24.84039944748296],[-112.05125891931633,24.830064200397953],[-112.05451412104593,24.81712471755972],[-112.04930578764935,24.785793338977516],[-112.04754219004612,24.76512950474175],[-112.04305374596275,24.75346603405013],[-112.0635880208347,24.751654367445322],[-112.07811438952966,24.762152421430287],[-112.08804279207908,24.77338295858352],[-112.09430906171409,24.787176877303494],[-112.09772703377993,24.805650200920205],[-112.09577387096749,24.83600486383454],[-112.09772698444438,24.84662493374899],[-112.10350504827791,24.853013562399177],[-112.11095127334546,24.85431538389652],[-112.11685137685016,24.85708246836335],[-112.1242147429663,24.874045814688312],[-112.1133926953978,24.87889227264885],[-112.09577391075594,24.893784974463056],[-112.09024006785965,24.901190618658713],[-112.09683183769143,24.923488684944665],[-112.10065672910655,24.927313641990242],[-112.10391193970185,24.93219646449132],[-112.1035050039692,24.94041572439372],[-112.09947670138929,24.944810327109757],[-112.08617103365096,24.9532738529227],[-112.0823868196094,24.96027241290333],[-112.08385166439432,24.966945593151113],[-112.09373935233069,24.980210538704302],[-112.09605872018415,24.991359756616546],[-112.09692095874493,24.999608781208885],[-112.1041708070326,25.00787267913185],[-112.11037377702141,25.00261066708684],[-112.12024215983023,24.98812396214206],[-112.1195679910523,24.970645271672108],[-112.12978634118541,24.9591292204923],[-112.13727781921922,24.946112454029635],[-112.13133406166587,24.927151702472074],[-112.12302315717758,24.90932694530134],[-112.13361964119417,24.88989662910779],[-112.14493129835347,24.87409448656928],[-112.15583113084128,24.875437770433496],[-112.16087221501932,24.893257094439377],[-112.15756297175805,24.90743024145801],[-112.15386231429123,24.931819106280567],[-112.16220546057245,24.939090463557896],[-112.16328684664578,24.942719533250134],[-112.16580314569131,24.953934831281714],[-112.16033356111332,24.959527910717128],[-112.147237143754,24.961147308157752],[-112.14175598083771,24.970367360117756],[-112.14900468209878,24.979615957962856],[-112.14242669132224,24.990483358013297],[-112.13072996005673,25.009254805229297],[-112.12336329326686,25.038267208074775],[-112.12807866340111,25.046380980613844],[-112.12075297459728,25.062188889382583],[-112.12217589085665,25.073402312425095],[-112.13236833694825,25.073426676792703],[-112.13271325459557,25.080021506378372],[-112.14252531273387,25.08597883593378],[-112.13811534616981,25.100476218683873],[-112.13553710926644,25.11069213106598],[-112.14022775491352,25.125871402655],[-112.13835373961497,25.144335637464827],[-112.13062134532291,25.17202764730589],[-112.1177465471044,25.19944895247364],[-112.09976152441656,25.22406647861393],[-112.08411773017616,25.243583568697325],[-112.07787059662289,25.25873537341411],[-112.07668247647689,25.2903871018217],[-112.07468845527711,25.344067733163822],[-112.07422794245971,25.372746608714063],[-112.08624761301598,25.377724726799958],[-112.08693243688506,25.390585040459335],[-112.08103491754356,25.40771415531631],[-112.07261112991903,25.416592197984194],[-112.07072499260786,25.43373334247307],[-112.07069732502191,25.441318252085654],[-112.0830975156805,25.443995416320643],[-112.07429171845122,25.456501445641383],[-112.04835257002736,25.466414889761165],[-112.03077844689258,25.47361455246625],[-112.04246446734966,25.477605927950556],[-112.06731338075487,25.475699492811245],[-112.0793726060807,25.471117393842636],[-112.08445012281467,25.481021001645058],[-112.07494177533057,25.48659894591442],[-112.06257076783159,25.494696359223077],[-112.06362871027731,25.51325104507324],[-112.06704415026212,25.550208110440433],[-112.07207869715079,25.57133347998246],[-112.0647172859174,25.591713438150215],[-112.06313337435513,25.625334194860887],[-112.07097819601346,25.684037559311406],[-112.07599409551844,25.713400284362134],[-112.08144968026198,25.720681665799862],[-112.08951663245992,25.715430739554737],[-112.08847726267635,25.69893419414798],[-112.08702551926214,25.59320709516476],[-112.0922517412204,25.549298606993695],[-112.0964000250697,25.51072695626996],[-112.10409032803447,25.504153652521772],[-112.10514924070814,25.51569742987177],[-112.10397834904633,25.538779134459915],[-112.09976942107724,25.59517903345523],[-112.10191130577864,25.728014350161132],[-112.10871238361023,25.784145289525945],[-112.13095315935892,25.816505289634815],[-112.13962818011818,25.85752509340777],[-112.15968636122889,25.890531313103924],[-112.17894196386523,25.955174835226295],[-112.19828235380399,25.99510553227214],[-112.22024481732123,26.015300616156036],[-112.23851478319487,26.040838953226807],[-112.26414955279046,26.054103944188697],[-112.29287282512387,26.049711549638026],[-112.30874590616288,26.06976962812293],[-112.31289629710608,26.101996194516552],[-112.32115638169721,26.131008214904156],[-112.3434952379023,26.178127316382774],[-112.37905840749643,26.22028232860775],[-112.40269934639451,26.240220439159845],[-112.44273841730654,26.260728279897016],[-112.45295161772368,26.262925489330165],[-112.46532142252948,26.258124107445365],[-112.47256425790145,26.24787018727551],[-112.48131263391659,26.238104576876115],[-112.49828039815269,26.23501209337487],[-112.55679275381534,26.27236555748183],[-112.55581622557075,26.27635331340611],[-112.55455481324152,26.290920301400423],[-112.55996660907165,26.301092870182647],[-112.57335365546436,26.293036237852643],[-112.59016828894488,26.287845320619056],[-112.60489303223365,26.297977328622487],[-112.61278235461799,26.31631093501227],[-112.61709549960233,26.31972888130721],[-112.63361567299489,26.321112314263775],[-112.67625892922717,26.319281357491597],[-112.68911700181062,26.322740014974265],[-112.72836344334758,26.37022724979178],[-112.75509698332333,26.387062185594843],[-112.78606553024753,26.404706535465444],[-112.80529287454236,26.41770514198839],[-112.83035827301055,26.435268362083455],[-112.86290408863843,26.463448342866382],[-112.90303741789548,26.49319711883326],[-112.9533579670703,26.51849348856868],[-112.95596268626731,26.52912015662995],[-112.95653235449846,26.531195374686536],[-112.9571020156294,26.53554921615155],[-112.95864824476526,26.540228596315902],[-112.96222897094017,26.543402414324365],[-112.9677628415346,26.544379031450866],[-112.98704993494042,26.543402414324365],[-113.00365149111519,26.549750049744937],[-113.01813716952864,26.56427641822504],[-113.04400306349787,26.585463633447514],[-113.06071644634953,26.599117781781825],[-113.0589266883517,26.611881539722273],[-113.06037352008812,26.628729622478378],[-113.05622312300417,26.639471789094767],[-113.05703691841995,26.65021395299031],[-113.06362869818511,26.6568056896273],[-113.07689368578586,26.674994214244755],[-113.08763587222487,26.68988679027774],[-113.10338294919082,26.7089297800722],[-113.1157934413925,26.71718990659748],[-113.12653559294442,26.73041406716203],[-113.13727780409607,26.74697501971214],[-113.14305578252257,26.757717153616742],[-113.14305578998938,26.77008697055557],[-113.14053302582678,26.781683726260553],[-113.12564041981024,26.78912991815912],[-113.11904861821566,26.794094095254643],[-113.12816320670431,26.798244504277342],[-113.1363826350469,26.799017710939573],[-113.14964760961459,26.794908012918107],[-113.16368566680715,26.78912991815912],[-113.16698158803979,26.777533315204526],[-113.17031816328077,26.76512278997443],[-113.18521072149156,26.762640624306265],[-113.1959529386917,26.760199319633365],[-113.1918025499209,26.751125434399253],[-113.19261632825366,26.743638373184837],[-113.20588130476354,26.738674188897583],[-113.21580967864227,26.74445214180728],[-113.22402910782789,26.75519442669817],[-113.22984777277765,26.76679103715147],[-113.23151605931638,26.780829097356584],[-113.23814857553073,26.786607193534405],[-113.23151608433437,26.791571371001655],[-113.21251380140723,26.792425849409767],[-113.20421303507587,26.799872189157437],[-113.18932045684637,26.808986772334983],[-113.1810603502506,26.81476471340992],[-113.1695043616785,26.82713450934376],[-113.16038978447911,26.839545011357487],[-113.14635171005483,26.846991340274055],[-113.13727779196896,26.857733441766793],[-113.13145913424322,26.875922011679318],[-113.1245824677212,26.886297856128284],[-113.1262100837579,26.937892949613072],[-113.13141842376949,26.95514557421157],[-113.14574135742065,26.970119592534846],[-113.1638077519237,26.974798915234064],[-113.1793513535848,26.966945662574265],[-113.1925441339545,26.945060137577297],[-113.19640675800376,26.88346567713679],[-113.20422109118951,26.853463461750753],[-113.23241128269254,26.829331844412483],[-113.24474035794114,26.837103562105096],[-113.25796462982618,26.82465234827262],[-113.26378332255777,26.811468784379226],[-113.26378331666697,26.802313490991118],[-113.26455643019794,26.794094095254643],[-113.26292882110259,26.78583398658652],[-113.26378333503375,26.774237382510847],[-113.26541745811416,26.759968724419817],[-113.270543992509,26.752474003596127],[-113.28577231019511,26.749550776617987],[-113.32527042962097,26.776833417764266],[-113.36397057308413,26.795067701818777],[-113.40099035931674,26.802679738829323],[-113.41956357861153,26.805843170562586],[-113.44823226143797,26.80446200470774],[-113.47098646674,26.804554092448157],[-113.50388719842744,26.79341583051997],[-113.51834512399908,26.769428685248908],[-113.52647863392329,26.753607450653636],[-113.54230711457551,26.74209225781896],[-113.5429659694877,26.719196012163287],[-113.55483964297171,26.718207080550282],[-113.57414855454637,26.705038949638798],[-113.59767532549107,26.709627876131336],[-113.6371376579298,26.7255308523705],[-113.66584223927151,26.76943589604194],[-113.72520910343877,26.79999417162978],[-113.73403885144513,26.813788102932815],[-113.73729408665835,26.828680771057883],[-113.7541397997089,26.860581847401168],[-113.79148967864093,26.920046328186395],[-113.81638814636271,26.94896941645623],[-113.85124782516667,26.967914306138184],[-113.87866020679122,26.983500178900066],[-113.90990149914082,26.992336340644275],[-113.95976707207038,26.99798415169446],[-113.97473923221776,26.99354819551119],[-113.97351871453328,26.980216136467682],[-113.98412024860316,26.976263747827062],[-113.99388587723435,26.971828539144834],[-114.00519772117255,26.977443755975145],[-114.0495403092821,27.017985078440198],[-114.06362870401308,27.050767299826312],[-114.08441303187371,27.075747935593515],[-114.11436928308422,27.105454863892042],[-114.14704343478124,27.123480572107933],[-114.18195552787428,27.139634489859432],[-114.20918327142302,27.142338200274718],[-114.23656166322388,27.15330641613933],[-114.27408322648635,27.148897828841704],[-114.29029563139224,27.146540382737847],[-114.29399927092639,27.12546156193345],[-114.32024516209489,27.145496935222045],[-114.35081948624983,27.165757624820685],[-114.39514923267065,27.182913646904485],[-114.42140515800382,27.166457361962365],[-114.43514316600874,27.176367398131124],[-114.42833412391914,27.188055763981644],[-114.43049067725569,27.197902696979273],[-114.42979896224806,27.20892977242324],[-114.44453585890494,27.21435625418545],[-114.46336828271596,27.222479524902514],[-114.47589384026156,27.217653633981193],[-114.48754188717258,27.238097827927266],[-114.48689048424885,27.281644180931764],[-114.48444578422652,27.324286256682537],[-114.49156655178666,27.362697709796418],[-114.50646074421962,27.406184147339857],[-114.52916419510402,27.42690665313388],[-114.53783116642138,27.433905283645256],[-114.56334388020082,27.448635161913202],[-114.58107769676175,27.450845055709124],[-114.59658643251517,27.47718935392243],[-114.6318881649553,27.488772534383287],[-114.68109423229846,27.50762891041601],[-114.71575251424426,27.52190461156333],[-114.73422911079085,27.521251455535737],[-114.74889072761384,27.54730857576651],[-114.75210530333614,27.55304606395032],[-114.76618407395068,27.569403467457263],[-114.76939857427658,27.574652434455142],[-114.78173014621095,27.602757557823363],[-114.80571928169043,27.621042821296783],[-114.83038591049171,27.63113242487288],[-114.83879969859173,27.62835728130078],[-114.84486574394138,27.616063662797462],[-114.85567269365976,27.622137016178378],[-114.86188569174243,27.630958771863035],[-114.8758193755323,27.64382441170141],[-114.87201191787138,27.649294776516985],[-114.85809764684385,27.639153208941725],[-114.84887841627611,27.6405646646182],[-114.84447184505063,27.659654154423542],[-114.84764565113346,27.671332143212524],[-114.85334222600952,27.68162661192334],[-114.86156166291698,27.689886817678424],[-114.87242587876558,27.695054326080484],[-114.88658610488314,27.69489178994197],[-114.89240471539134,27.687323192070195],[-114.89753165963441,27.678289961013387],[-114.89980541291929,27.664122255529946],[-114.91214852297509,27.66950067944026],[-114.93219516574855,27.676193212332347],[-114.9393049240049,27.700669482913064],[-114.95096436510055,27.716258817692434],[-114.97411046302611,27.724107106781513],[-114.98870882838654,27.72685399196029],[-115.00172637400433,27.715931041948842],[-115.01104126246432,27.72810801112111],[-115.02268429322811,27.74029067854332],[-115.03362643802335,27.75929321602888],[-115.03458307857709,27.77905853253964],[-115.04631038879984,27.79538174504349],[-115.04950853940305,27.80831243678774],[-115.0528864926176,27.822088838014352],[-115.05675206141946,27.82477441599552],[-115.08382344776085,27.851053936383618],[-115.05589757448662,27.860256203122617],[-115.04147022610088,27.85678169471088],[-115.02286035557785,27.84461775380773],[-115.01425746448686,27.830346860975485],[-114.9664512007168,27.826466759479114],[-114.92340454258726,27.836275617922784],[-114.88405429786201,27.830456519267685],[-114.86864067677249,27.830553859778377],[-114.84780080846701,27.82521575323832],[-114.84001562137091,27.81230250217523],[-114.81919402746679,27.80900613922405],[-114.78608961889263,27.815328774190622],[-114.76447045665827,27.810672947710234],[-114.73977105745138,27.806713526148542],[-114.72356841768453,27.80680095249596],[-114.71894747910024,27.796561851414722],[-114.70898528409357,27.791793055387863],[-114.69200216072169,27.787788563368963],[-114.66959400896131,27.787915647197753],[-114.63834607720666,27.779745626837634],[-114.6044573148651,27.77440900331744],[-114.57142083395044,27.782077601205682],[-114.53064563446817,27.787640449117852],[-114.499057186055,27.774071614959848],[-114.46349037499512,27.788763773997914],[-114.43285074227074,27.80027912575624],[-114.40477453932276,27.81769439131352],[-114.39403239142686,27.82843670351732],[-114.3813126198641,27.836503346552117],[-114.36510168467832,27.850775434777113],[-114.3452042580381,27.863186025700713],[-114.3344620707023,27.86977782377353],[-114.3253474842837,27.874701315921225],[-114.31627359128177,27.874701315921225],[-114.30386304273232,27.87225969906514],[-114.2980851146788,27.868109520227694],[-114.29727133115598,27.860663289869837],[-114.29478918835491,27.852443740432875],[-114.29063879658861,27.833400768981747],[-114.29564368032626,27.81769439131352],[-114.30142171179656,27.801947437442923],[-114.30801345752299,27.789536792110884],[-114.31216383463652,27.779689745973357],[-114.30475824177822,27.764797187470876],[-114.28237870714158,27.735825904853172],[-114.2617081757825,27.726752144208742],[-114.24022373905866,27.70604068340422],[-114.22370359265003,27.696966904613866],[-114.19562740499332,27.69204335134152],[-114.1765844494234,27.679632913520496],[-114.15094967795297,27.66966381672413],[-114.13605706636955,27.657293919749883],[-114.12612872765983,27.64325598396419],[-114.11949622355186,27.63580963878137],[-114.12035075256343,27.62588137332245],[-114.11204989649222,27.620916937806122],[-114.1029353134952,27.620916937806122],[-114.1054581073456,27.610174776102582],[-114.10293531325011,27.601873968847745],[-114.09386142977233,27.607651996925156],[-114.08234616653982,27.614243909614437],[-114.07485919335943,27.622544710407848],[-114.07404533256427,27.629136316457156],[-114.05671134644203,27.64154679494017],[-114.04759682677697,27.65314367934107],[-114.04344646439235,27.66803634948849],[-114.0500381708102,27.673814052676295],[-114.0574845079497,27.66966381672413],[-114.0599666327395,27.67625570319849],[-114.06330319941307,27.679632913520496],[-114.06493077023639,27.68292870474164],[-114.07160398041381,27.679632913520496],[-114.07819575002254,27.68040593735957],[-114.07982340789226,27.686224795684847],[-114.07485916660143,27.690375027123366],[-114.06655839499678,27.69204335134152],[-114.05504307638734,27.694484698496833],[-114.04841057102722,27.69114805041537],[-114.04674234459956,27.684556470825953],[-114.04259193641123,27.679632913520496],[-114.03018142124331,27.68292870474164],[-114.02110756140925,27.679632913520496],[-114.02033445303164,27.671332143212524],[-114.01203361618829,27.665513279210973],[-113.99469969618374,27.65892168855914],[-113.96816970187867,27.65477114815013],[-113.95327716138621,27.655666451206347],[-113.95002189358729,27.659735272462196],[-113.94253496394573,27.66966381672413],[-113.9359431891471,27.67877847126791],[-113.93101970737246,27.687893120360226],[-113.91779538961617,27.696966904613866],[-113.91445880722044,27.71019120981772],[-113.91856852287857,27.719305839887376],[-113.92935140466973,27.726752144208742],[-113.94009360051284,27.728420464369332],[-113.94420329630138,27.7341984447841],[-113.95909579972209,27.74079000245287],[-113.96906492428367,27.742417762227696],[-113.97398841790111,27.74494051912965],[-113.97565671263968,27.752386810484694],[-113.98306232107763,27.75731034370957],[-113.98721268734333,27.75649646467473],[-113.99380446717515,27.749904613642997],[-114.00291911627696,27.75067793427296],[-114.01528890021353,27.749009616639025],[-114.02110752008169,27.748236295920716],[-114.02525791816858,27.749904613642997],[-114.03685459757125,27.76805240103718],[-114.04507401602673,27.783758833714817],[-114.05003818487513,27.79205954078728],[-114.05915276721876,27.801174119570423],[-114.06655839504035,27.803656307556817],[-114.06908114664957,27.799505807792713],[-114.06493080991906,27.790432087035807],[-114.05671141848133,27.775539539670802],[-114.05748447883282,27.764797187470876],[-114.0492244201962,27.7598330980362],[-114.04259196729136,27.75067793427296],[-114.03848223876702,27.7391625429331],[-114.04181879561114,27.732489266017026],[-114.04922439461,27.732489266017026],[-114.05089274571101,27.726752144208742],[-114.05174716496838,27.720119420545313],[-114.05581619959266,27.72093330159469],[-114.0624894174986,27.725083823860114],[-114.07237711250126,27.725083823860114],[-114.07982340492651,27.719305839887376],[-114.09142007897886,27.71185953183662],[-114.10460363064065,27.707709005885953],[-114.11705481145029,27.70937732818178],[-114.12531491665257,27.71430087576961],[-114.13194737634497,27.723456062171977],[-114.14098062438865,27.73086180557963],[-114.1426895983085,27.742417762227696],[-114.14598545024197,27.75568258559433],[-114.1534318098222,27.765570507308336],[-114.1616918518642,27.77464424381497],[-114.17243405996716,27.788763773997914],[-114.17324784803758,27.803656307556817],[-114.17491618943168,27.816066940511117],[-114.17324784079734,27.82680895352981],[-114.1666153824259,27.834214643614267],[-114.161691819992,27.844956642644423],[-114.14598547712434,27.86395903969517],[-114.1343887553916,27.87718319031474],[-114.13109291551136,27.88882074465936],[-114.13524331964472,27.892889800432467],[-114.14435786414812,27.89459865928312],[-114.14928138792497,27.89541253027332],[-114.15094967504476,27.898667713309045],[-114.14346271995905,27.902818183196327],[-114.13687092690509,27.906154781508533],[-114.13524329447321,27.911932688662503],[-114.13931234932683,27.915228726402244],[-114.14842688127497,27.918524462893497],[-114.15420487888305,27.92352935414605],[-114.15835526085142,27.930121122611922],[-114.15420485976975,27.936712887784825],[-114.1534317900981,27.945013802444727],[-114.16169190150012,27.94916425780227],[-114.16832438832046,27.950832551213026],[-114.17739824022084,27.945868228541304],[-114.17821207449148,27.93842204143512],[-114.18236240129283,27.930975549676912],[-114.19058182220284,27.928452826569284],[-114.1980688312758,27.922674926599743],[-114.20881097489392,27.917710593310936],[-114.2203669649626,27.919378890707254],[-114.23940996147458,27.911932688662503],[-114.2476700336365,27.901190442064728],[-114.25674394882984,27.892075929289717],[-114.2676937434011,27.886901281937412],[-114.27645156943537,27.901147780703507],[-114.27378961135837,27.916593588021886],[-114.27045138308388,27.92966296461653],[-114.26170817799384,27.944159376292365],[-114.25348872261314,27.95245998580063],[-114.23363199632945,27.968166506669807],[-114.22695876560054,27.98053612951193],[-114.211293089556,27.99542875145206],[-114.2070206060163,27.999985972613985],[-114.18565836079293,28.022691238374247],[-114.15510009696567,28.06244548321322],[-114.13438878227232,28.083929696442265],[-114.11986848934318,28.08594977294651],[-114.11381160049034,28.06040707670361],[-114.11718389445859,28.043179899532376],[-114.13536583242517,28.03129553079111],[-114.14613333481213,28.021789649990268],[-114.14949485821425,28.013474364278466],[-114.15083640783628,28.004566325233167],[-114.13871411009455,27.98853478342898],[-114.13063580593462,27.971907167431294],[-114.12996062091491,27.96121694434722],[-114.10640223521783,27.92795170680918],[-114.09429904125808,27.957650830815993],[-114.09160275369833,27.976062421078893],[-114.09563885901521,27.99625853895886],[-114.1070814163712,28.01348397802332],[-114.11785398830729,28.01110697938283],[-114.12324167123094,28.01645162054146],[-114.1212236092798,28.022985058233473],[-114.1084309193102,28.030708492313174],[-114.09428743356534,28.024176260353194],[-114.07745717192105,28.009324530538922],[-114.0680361676415,27.995659782084832],[-114.05523800713298,28.007536673709993],[-114.03973633726116,28.027729737278964],[-114.0377092150237,28.037234712286637],[-114.04646541041213,28.038425913050883],[-114.05791416883642,28.041993205655153],[-114.07003060865435,28.05506515820953],[-114.08551946225823,28.056848501820568],[-114.09966731003652,28.055063956495403],[-114.10100732967163,28.07110442601283],[-114.10167015851366,28.099027687240977],[-114.10570931014846,28.11150353143673],[-114.11312058690197,28.120412995323363],[-114.11042237166345,28.125230339928816],[-114.1056945715079,28.13468146268561],[-114.09016266811403,28.156094946940836],[-114.07866726702628,28.17632050991433],[-114.06987531213953,28.193571229377685],[-114.05748450785187,28.206284909950817],[-114.06163487932149,28.212103534378357],[-114.06493076722082,28.223618802120082],[-114.06993569020139,28.239406686955387],[-114.0781957744667,28.24677157509743],[-114.08893796246745,28.24677157509743],[-114.09878334107357,28.238653223929234],[-114.10985405506048,28.241791150755347],[-114.11736959294663,28.2508483232704],[-114.1248829092372,28.255725097536622],[-114.11856122069416,28.269303326166533],[-114.11059729260862,28.286219834606957],[-114.09929057428982,28.307129527452176],[-114.08117437271123,28.342968914383782],[-114.06076249877823,28.404697447714163],[-114.04941813537098,28.432574819023667],[-114.04259190858565,28.458441419888842],[-114.05089266125233,28.47418840463522],[-114.06432159466445,28.4794478086303],[-114.07149594715708,28.486944114441382],[-114.06900589758055,28.50410271193066],[-114.0682266574634,28.518011681116235],[-114.07730057366527,28.52383043659418],[-114.08311924947421,28.53204980973288],[-114.08641515437758,28.541164413701747],[-114.09634355885855,28.55190665771783],[-114.11042234282077,28.56183506680617],[-114.12779702385566,28.56264889008673],[-114.14799071740515,28.560773100925726],[-114.1601258069935,28.56618687261179],[-114.15758353469528,28.582221785352328],[-114.15496724633144,28.601041204559813],[-114.15726995670495,28.62567207259607],[-114.16584224053605,28.646958691516115],[-114.17491611327351,28.657700818642116],[-114.18399003852835,28.661851305587646],[-114.20775310737986,28.66144454833401],[-114.23534092088563,28.660060852553364],[-114.2461579511437,28.6533172103113],[-114.27175115856737,28.658801226583787],[-114.27306071316382,28.673081884489896],[-114.26915442296817,28.675116268905782],[-114.27170619704312,28.68446686121464],[-114.2753419578568,28.69624085571409],[-114.29830768074031,28.703820208518728],[-114.31405989228432,28.726333523661175],[-114.34692249688213,28.730754649040794],[-114.34687011014516,28.74891137195312],[-114.34802037728566,28.763867509904113],[-114.36137134496362,28.777802837705803],[-114.36204994157676,28.79511141752819],[-114.37092040667285,28.813177890113195],[-114.39164583843525,28.80677862590593],[-114.40728234830726,28.83998403429395],[-114.40231681995652,28.860248780369435],[-114.41929854533264,28.878479742243606],[-114.43758224409049,28.877507333108436],[-114.43994164651028,28.894610242665593],[-114.45939584881907,28.9107130761164],[-114.47663326814167,28.929144601361422],[-114.50194251714407,28.93256258213767],[-114.51593992173721,28.929673610427805],[-114.52306067913665,28.92536042823321],[-114.52993732694797,28.925523246544437],[-114.5428319927756,28.934394136227255],[-114.5489202280959,28.95151555823558],[-114.55630447379563,28.970282243522515],[-114.5612147169964,28.980400050738556],[-114.57502196558531,28.979234194943096],[-114.59163307817892,28.96540402682308],[-114.60376454528487,28.99760939732699],[-114.60252846938572,29.030340943631106],[-114.6083064720527,29.046210109860024],[-114.61815348712047,29.0630558391916],[-114.62336173313145,29.08051164082623],[-114.63141838717995,29.0944683849175],[-114.65953530375904,29.103013465606885],[-114.68903602979643,29.1131350158276],[-114.70492684762172,29.096113357205816],[-114.72201031529261,29.11750457532532],[-114.72789469923808,29.141180841775007],[-114.73493399740843,29.151800698653513],[-114.7398168420573,29.17552312425216],[-114.74380447373504,29.18756740014205],[-114.75230872187998,29.192816469767106],[-114.78531304420083,29.19416012769431],[-114.82935264349818,29.23159290921393],[-114.8513960968166,29.25830007499012],[-114.87946525990635,29.287664993967812],[-114.92483896532481,29.330969001807315],[-114.97203529821044,29.377753031761426],[-115.1042374545076,29.418890750160973],[-115.18712319445557,29.428615679270816],[-115.23228920014822,29.490057706978217],[-115.28572163584727,29.529885135978724],[-115.37144937124971,29.55695228120634],[-115.42356524570798,29.59568896716593],[-115.45196429992885,29.620106245795444],[-115.47744701998174,29.626450777255936],[-115.49858322932431,29.61140135416224],[-115.5191544541367,29.62726479445966],[-115.53612222072037,29.635158653741808],[-115.54808509903164,29.65338778713718],[-115.57262528683401,29.668723374634496],[-115.59370487473136,29.692173195141955],[-115.62205338668828,29.695295566491286],[-115.69756431141596,29.755825731677547],[-115.6952520330266,29.777200302621637],[-115.68801292090073,29.80177251884817],[-115.68576713381678,29.830640483299483],[-115.69074458489848,29.85175199226971],[-115.69477700150179,29.8692251188657],[-115.69989882111007,29.898013789086587],[-115.72081460928892,29.92080320157132],[-115.72891187902063,29.935125951236024],[-115.74429273192408,29.947495722963716],[-115.76252190024674,29.953802696357183],[-115.80748448915824,29.956203477562656],[-115.81118733263901,29.968003725969467],[-115.79039466118499,30.038072007501757],[-115.78327216785458,30.092637819905196],[-115.79039466054508,30.123765365773366],[-115.79255123650587,30.129543362364128],[-115.80190996018838,30.14313385650773],[-115.80406653504221,30.15143463442195],[-115.80321204178081,30.163031313720634],[-115.79723059998003,30.195786856316253],[-115.79832922792616,30.240301816770103],[-115.80728105314077,30.284125064705993],[-115.8259081017607,30.317710662013436],[-115.8373030119643,30.346467039883933],[-115.86596663597689,30.36871372262825],[-115.89832686416071,30.38666194572998],[-115.93293209551302,30.400213935359243],[-115.9754125673982,30.401271885997605],[-115.9473363873665,30.42340728174566],[-115.93700111252095,30.43512606123656],[-115.9338272743545,30.44965240137254],[-115.94025631969413,30.46336499102553],[-115.95470130129057,30.479559637766158],[-115.97248287740014,30.492824612053916],[-115.98908444495979,30.49746329868812],[-115.98013262169651,30.48257072000941],[-115.97057044147954,30.47085195362788],[-115.9632869198821,30.458685632161597],[-115.96174068840101,30.44220612041809],[-115.9718668691105,30.434206683364533],[-115.98299782109363,30.4319895366051],[-115.98928199888981,30.44048645050336],[-116.00267493035231,30.44965240137254],[-116.0102432876591,30.44367095189924],[-116.01512610505364,30.434474999500463],[-116.014637823521,30.426011456091498],[-116.00609290823105,30.422308674829388],[-115.99644934851716,30.410549222368456],[-115.99136308020599,30.388617242299524],[-115.97978478849062,30.35935581768566],[-116.00454898707021,30.359164574840346],[-116.01233053111736,30.392249568255817],[-116.0289812729122,30.441271388287447],[-116.04925400082217,30.47959301289816],[-116.03111731045541,30.627142627909876],[-116.03685461330741,30.730210659032775],[-116.05483964422571,30.783677466234995],[-116.05793210871741,30.80247633945219],[-116.06802323525625,30.813177787166175],[-116.10564431559378,30.81881375011379],[-116.15207620659247,30.857815487931745],[-116.17577404661307,30.860147265457922],[-116.20128334073631,30.89158765443657],[-116.21857663919782,30.91315341828332],[-116.22618568726057,30.92645908085595],[-116.24974524675584,30.956773180933432],[-116.26817786572597,30.96381257141225],[-116.30731262800508,30.954091297229464],[-116.33544582944393,30.956339577581566],[-116.34036252307473,30.989260388681053],[-116.32612000946472,31.027449071725012],[-116.3181090947404,31.089660708267168],[-116.30943763869304,31.148504974514953],[-116.34154212692134,31.219549886913388],[-116.45413953845332,31.338544226128867],[-116.49762938743334,31.4068057968104],[-116.50820878809671,31.419338283240794],[-116.51414953851315,31.422796930840693],[-116.53010005344453,31.440334350775476],[-116.53892980084949,31.44725165489252],[-116.55235754394366,31.452093799483293],[-116.57213291733727,31.466864263835415],[-116.5855200141685,31.47134030583478],[-116.5959366594132,31.477850668892735],[-116.59951740247108,31.48387283971149],[-116.60195876951875,31.49115627123706],[-116.60912022661343,31.501410175024553],[-116.64696201526017,31.52838769347385],[-116.65221106961634,31.53790925345989],[-116.67560789421621,31.55263910746467],[-116.68106033090169,31.566310890465235],[-116.67723548971566,31.577785570468755],[-116.68106033236653,31.577297222102388],[-116.6676326276589,31.58002353371757],[-116.64452062168338,31.579535185265083],[-116.66417393674821,31.601141619171838],[-116.6619359978081,31.616441137694384],[-116.65575110709108,31.632473051680577],[-116.64806070478473,31.659165827616825],[-116.65510004271442,31.677964532835823],[-116.66852781701498,31.697007598100317],[-116.67536372352377,31.70258206746961],[-116.69017495323007,31.708156690038688],[-116.71532326639222,31.710983797623822],[-116.74117685025472,31.738533797152304],[-116.7503808147065,31.75236033467631],[-116.70881097258636,31.744208003198604],[-116.6788224027588,31.726996179962033],[-116.66128499010304,31.72337481559468],[-116.64362548328826,31.734279759129166],[-116.63044188051309,31.75283442464422],[-116.61962679221477,31.771738424874027],[-116.61259832070064,31.80102683960427],[-116.61000173947663,31.822600550925664],[-116.61181858750533,31.842879978702975],[-116.61969970155862,31.857570771930355],[-116.65692570184382,31.863901159371153],[-116.67638282775566,31.868764511294675],[-116.69472532772046,31.89003970170718],[-116.71878882749202,31.901189184981945],[-116.73527799164304,31.903483237725922],[-116.75476833243968,31.9096409615802],[-116.75601150406695,31.934556336253507],[-116.75792393551232,31.9650332181624],[-116.7698868435659,31.977769262311238],[-116.80386308873416,31.978705153998884],[-116.84227451255859,31.98651757169552],[-116.86538652212971,32.01300690090772],[-116.87531489674762,32.034491250977524],[-116.87865150766923,32.06924065497421],[-116.88687092880845,32.132025531617124],[-116.9051000455853,32.17837144210717],[-116.9226781607217,32.21938704374429],[-116.93342035676542,32.23379135991396],[-116.9483129734997,32.247015735929374],[-116.96666416677621,32.256577807142115],[-117.00987710911208,32.26508216228844],[-117.02497313773844,32.276922982357306],[-117.07347572267749,32.36945223410197],[-117.08861245526533,32.40493403604524],[-117.10728921962962,32.43764889490851],[-117.11839758809035,32.45453521851824],[-117.12124588361577,32.471909864268696],[-117.12338461884545,32.49056493429531],[-117.12452673192604,32.51292375329834],[-117.1241498567032,32.524119349323186],[-117.1251214524709,32.53166940472279],[-117.04422055648352,32.53742079221867],[-116.97073668186191,32.54297603819698],[-116.8972011346163,32.548531291098975],[-116.82363975089997,32.554086550950586],[-116.7501040801589,32.55966735027358],[-116.67654270244034,32.56522262413435],[-116.60300716454499,32.57080373796623],[-116.52947163437769,32.57633319296407],[-116.45596181500471,32.58188818760105],[-116.38242628618696,32.58746932276925],[-116.30889076293353,32.593024632059056],[-116.23532940578104,32.59855411539679],[-116.16174207971306,32.60416080489331],[-116.08823240813031,32.60966446941266],[-116.01474844033851,32.615271173486065],[-115.94121293236276,32.620826518853406],[-115.86759991001152,32.626407704785485],[-115.79406428054781,32.63196276439893],[-115.72052878140171,32.63751813173801],[-115.6470189962298,32.64307320605349],[-115.57353517735116,32.648654421562384],[-115.49992204551656,32.65420951071813],[-115.4263864314536,32.65976460731548],[-115.35285094603618,32.66534584528944],[-115.2792895068558,32.67082345622082],[-115.20580557274214,32.67645607599612],[-115.13227010098208,32.681985669421145],[-115.05873450007962,32.6875666372757],[-114.98519890627072,32.69312177910303],[-114.91161163590424,32.698702762284185],[-114.83807617862706,32.70420655227927],[-114.76454058819873,32.70983921842466],[-114.72428468564155,32.712836541409345],[-114.7238712420668,32.71151871632497],[-114.73120921565454,32.686636325239164],[-114.7394775017607,32.66906647454611],[-114.75115640747381,32.65222003517219],[-114.75880446633353,32.64483017669617],[-114.7815421633895,32.62806133529515],[-114.78681309450303,32.621033184810436],[-114.80267779309003,32.59449741802346],[-114.79420281176807,32.5741109567861],[-114.795546399339,32.55222598569348],[-114.80944735813861,32.51132408431264],[-114.822108092625,32.5002395095527],[-114.81937311968747,32.49936330603147],[-114.81678545081456,32.49853426205837],[-114.78014683772808,32.48724290826609],[-114.37092115589823,32.36068729014852],[-113.96169553579315,32.23413182082498],[-113.55244400855786,32.107602024986036],[-113.14321831787564,31.981046385503873],[-112.73396683624432,31.8545425375887],[-112.32471535047793,31.727987005907043],[-111.91546385396889,31.601431445170167],[-111.50623816697285,31.474979165071023],[-111.45476846179629,31.458339409729536],[-111.4032986827524,31.44185449358884],[-111.35180313851639,31.425318085935398],[-111.30033338656092,31.40872988589817],[-111.24886369744728,31.392141850649946],[-111.19744563385404,31.375553679167993],[-111.14592420792233,31.359068835541258],[-111.0944545266411,31.34253249721705],[-111.06711769171591,31.333644145203433],[-111.0062686922471,31.327184587386295],[-110.9487528222398,31.327184587386295],[-110.90606808170874,31.32723624462073],[-110.86335751070617,31.32723624462073],[-110.82059526270365,31.32723624462073],[-110.77788469170103,31.32723624462073],[-110.73519995769847,31.32723624462073],[-110.69243771069586,31.32723624462073],[-110.64972713969327,31.32723624462073],[-110.60696489169065,31.32723624462073],[-110.56428015868808,31.32723624462073],[-110.5215954256855,31.32723624462073],[-110.47885901568291,31.32723624462073],[-110.43617428368034,31.32723624462073],[-110.39348954967774,31.32723624462073],[-110.35075313967516,31.32723624462073],[-110.30801673067255,31.32723624462073],[-110.26522864467003,31.32723624462073],[-110.22254391266745,31.32723624462073],[-110.17980750266484,31.32723624462073],[-110.13707109266224,31.32723624462073],[-110.09438635965968,31.32723624462073],[-110.05170162665709,31.32723624462073],[-110.00896521765449,31.32723624462073],[-109.96628048465193,31.32723624462073],[-109.92359574356789,31.327287901855243],[-109.88080765111212,31.32733955908991],[-109.83812291711521,31.32733955908991],[-109.79533483211826,31.32733955908991],[-109.75265009812131,31.32733955908991],[-109.70996536512446,31.32733955908991],[-109.66717728012752,31.32733955908991],[-109.6244925461306,31.32733955908991],[-109.58180781313366,31.32733955908991],[-109.53907140413672,31.32733955908991],[-109.49638667013976,31.32733955908991],[-109.45365026114281,31.32733955908991],[-109.41091385114589,31.32733955908991],[-109.36822911814896,31.32733955908991],[-109.32551854715204,31.32733955908991],[-109.28278213815506,31.32733955908991],[-109.24007156715813,31.32733955908991],[-109.19736098912651,31.32739121632465],[-109.15459874113232,31.32739121632465],[-109.11191400813823,31.32739121632465],[-109.06920343614394,31.32739121632465],[-109.0474304481469,31.32739121632465],[-109.02649286514976,31.32739121632465],[-108.98373061715564,31.32739121632465],[-108.96828195215774,31.32739121632465],[-108.94104588416141,31.32739121632465],[-108.8983353131673,31.32739121632465],[-108.8556247421731,31.32739121632465],[-108.81291417117892,31.32739121632465],[-108.77017776118474,31.32739121632465],[-108.72746718919055,31.32739121632465],[-108.68475661819635,31.32739121632465],[-108.64202020820214,31.32739121632465],[-108.59930963720801,31.32739121632465],[-108.55654738921378,31.32739121632465],[-108.5138368182196,31.32739121632465],[-108.47115208522541,31.32739121632465],[-108.42844151423134,31.32739121632465],[-108.38573094323704,31.32739121632465],[-108.34302037124287,31.32739121632465],[-108.30033563824875,31.32739121632465],[-108.25757339025449,31.32739121632465],[-108.21481113628896,31.32744287355952],[-108.21486284682958,31.334470961521106],[-108.21486281937104,31.34155055865282],[-108.21486280661738,31.348526843377172],[-108.21486284393772,31.355554937709375],[-108.21486281852223,31.362634541417304],[-108.21486285718856,31.36966264027551],[-108.21486284813699,31.376638933952258],[-108.21486282569431,31.38371854471139],[-108.2148628597634,31.390798308111485],[-108.21486284648152,31.397826266469668],[-108.21486284069624,31.40480256994957],[-108.21486282200826,31.411882190868525],[-108.21486281123093,31.418910157014004],[-108.21486285753981,31.425938276027097],[-108.21486284880541,31.43296624762607],[-108.21491451158006,31.44004587955239],[-108.21496618095577,31.447073856835637],[-108.21496617541517,31.45410183702936],[-108.21496617135323,31.461129820185946],[-108.21496616804264,31.468157806357866],[-108.2149662148599,31.475237603396955],[-108.21496616488128,31.482213787957015],[-108.2149661650724,31.489241783489103],[-108.21496615961279,31.49632143994858],[-108.21496621171585,31.503401249901856],[-108.214966166138,31.510377447395523],[-108.21496617129874,31.51740545616639],[-108.21496617092029,31.524485126174255],[-108.21496618589741,31.531461484064963],[-108.21496619500228,31.538489503297452],[-108.21496619865334,31.545569184002755],[-108.21496621050099,31.552597210498597],[-108.2150178442599,31.559625090523205],[-108.21501785890689,31.56665312446572],[-108.21501786859318,31.57373282020142],[-108.21501788615421,31.580760861828754],[-108.21501784862731,31.587788757194527],[-108.21501786915867,31.594816806688428],[-108.21501789121791,31.60184486019429],[-108.2150178585673,31.608872767595447],[-108.21501787662058,31.615952487450695],[-108.21501784670166,31.622980403168263],[-108.2150178754316,31.630008473276877],[-108.21501784869906,31.63703639749041],[-108.21501788032306,31.644064476199915],[-108.21501785686308,31.651092409118966],[-108.2150178851747,31.658172154998418],[-108.21506954774428,31.665148438473143],[-108.2151212067236,31.672176384843407],[-108.21512123987651,31.679256144432156],[-108.21512122497745,31.686284100066217],[-108.21512121222435,31.693312060393993],[-108.21512119427389,31.70039168403222],[-108.21512124168387,31.707419804110362],[-108.21512124098119,31.7143961202338],[-108.21512122858347,31.721475758532335],[-108.21512121770584,31.728555401860053],[-108.21512121568027,31.735583391524386],[-108.21512122249442,31.742559727466748],[-108.21512121779365,31.749639386089246],[-108.21512122159679,31.756667391094552],[-108.21512122738696,31.76369540131831],[-108.21512123518616,31.77072341681293],[-108.21512124501658,31.777751437630794],[-108.18928297773952,31.77769962848336],[-108.16334141559994,31.777647969507687],[-108.1375032129304,31.777544651557164],[-108.11161331993085,31.777544651557164],[-108.08572344634253,31.777389674633575],[-108.05988523133834,31.777389674633575],[-108.03399534518147,31.777338015659605],[-108.0081054094576,31.777234547541138],[-107.98221552292706,31.77718288856806],[-107.95637731377298,31.77713122959526],[-107.93048742861573,31.777079570622753],[-107.90459754207586,31.777027911650553],[-107.87875933799184,31.776924593707],[-107.85286944598698,31.776924593707],[-107.82697955981725,31.776872934735664],[-107.80114130017964,31.776769466622415],[-107.77525141463673,31.776717807651956],[-107.74936152846966,31.776666148681763],[-107.72347164292079,31.77661448971189],[-107.69763343374744,31.776562830742286],[-107.67174355363969,31.776459512803964],[-107.64585366163425,31.776459512803964],[-107.61996371862905,31.776407703663804],[-107.59407383890002,31.776304385727226],[-107.56818395334491,31.77625272675935],[-107.54229406716495,31.776201067791778],[-107.5164041816037,31.776149408824512],[-107.49056597141752,31.776097749857527],[-107.46467609128588,31.775994431924396],[-107.43878614898868,31.775942622786886],[-107.41289627061602,31.77583930485551],[-107.38703222205027,31.77578764589027],[-107.36114232905145,31.77578764589027],[-107.33525245028707,31.775684327960622],[-107.30941424108953,31.775632668996256],[-107.28352436093718,31.775529351068368],[-107.25763441872645,31.77547754193345],[-107.23179620953171,31.775425882970218],[-107.20590632295685,31.77537422400729],[-107.180016430959,31.77537422400729],[-107.15412655797013,31.775219247120216],[-107.12828834776117,31.775167588158446],[-107.10239845575683,31.775167588158446],[-107.07650851904937,31.775064120064357],[-107.05067030946839,31.77501246110345],[-107.02478042426077,31.77496080214284],[-106.99889053767372,31.774909143182533],[-106.97300065245966,31.77485748422248],[-106.94711077264931,31.774754166303268],[-106.92122088642749,31.77470250734408],[-106.89533099442252,31.77470250734408],[-106.86944105780181,31.77459903925522],[-106.84360284820868,31.774547380296937],[-106.817712962988,31.774495721338894],[-106.79182307638867,31.77444406238117],[-106.7659331911616,31.774392403423764],[-106.74009498732687,31.774289085509743],[-106.71420510071677,31.77423742655319],[-106.68831520871124,31.77423742655319],[-106.6624769491775,31.77413395846952],[-106.63658706294706,31.774082299513832],[-106.61069718410158,31.773978981603292],[-106.58485897486332,31.773927322648472],[-106.55896908824717,31.773875663693914],[-106.5171886989997,31.773824004739676],[-106.5060524306721,31.770258336221953],[-106.50142524315896,31.766343671065158],[-106.49279738808312,31.759044449777818],[-106.4731345058857,31.755065365906542],[-106.42895117226277,31.75847605202828],[-106.39177000588914,31.74591875032047],[-106.35849036769612,31.71754834869136],[-106.3313085378604,31.68214991961642],[-106.31229160832447,31.648611908702037],[-106.28629837296202,31.580140665267987],[-106.27474867176507,31.56262230228907],[-106.23265822389959,31.51993758845328],[-106.22289137544065,31.50458967800858],[-106.21873142446343,31.494616135186813],[-106.2174395274757,31.488725056544446],[-106.2154241812946,31.483919241505497],[-106.20924884707344,31.477304659653875],[-106.1744705738859,31.46025134089848],[-106.16431617026022,31.44779736279154],[-106.14111345319867,31.439167401364937],[-106.0993847377593,31.42888380383824],[-106.06530412251863,31.410952056619998],[-106.04626132577067,31.404647447518542],[-106.02114658414575,31.402166990462927],[-106.00473935956852,31.39694779030772],[-105.96120195198866,31.371006181424264],[-105.94851539092143,31.361239343483184],[-105.94177161106863,31.352350984171938],[-105.93456272612666,31.335504406875327],[-105.92805151610277,31.32646108578303],[-105.90880206739907,31.317004360145017],[-105.89714900841705,31.309511212148696],[-105.89699396389459,31.305997171401668],[-105.88014748448337,31.300881307944064],[-105.86198321954451,31.288375617680206],[-105.78483029373537,31.21101596252103],[-105.77785396104021,31.192722465789604],[-105.76819045798644,31.18001003487044],[-105.69227778813683,31.13763538524197],[-105.67522457865785,31.13195101590877],[-105.66804154052991,31.127868538542117],[-105.64380530333969,31.10368399490545],[-105.62349646316845,31.090351469853],[-105.60587480777576,31.081928233126813],[-105.59094031005881,31.07143789276054],[-105.57864131366499,31.052162567658442],[-105.56572221232591,31.016660877336154],[-105.55595535508827,31.00260485396266],[-105.53078895107444,30.991701180328725],[-105.49668249210742,30.956509490029557],[-105.41555050691944,30.902455982064332],[-105.37617306739885,30.85956454634055],[-105.36377071847168,30.850366127373402],[-105.33431514266564,30.843803195368714],[-105.277005985909,30.819411937126688],[-105.27075314140556,30.814347657086444],[-105.26584386650197,30.80840482849086],[-105.25948766216503,30.802978795824995],[-105.24904903715647,30.798844717848052],[-105.24398473848125,30.79910307897019],[-105.23985062265221,30.80153186860801],[-105.23287431372484,30.80912832946238],[-105.22925695331388,30.81021350579989],[-105.21824987124984,30.806802854912508],[-105.21210038525797,30.805717678436107],[-105.20491737143541,30.802410416454546],[-105.19530554654357,30.787940990112617],[-105.18512527194274,30.784633650728097],[-105.17478999458048,30.783961881382993],[-105.16729690725074,30.781171339160668],[-105.1626977011481,30.774918484142685],[-105.16088903492866,30.764118135220727],[-105.15778845250631,30.765720111589207],[-105.15324093916637,30.76318800378274],[-105.14042517515114,30.750475577878152],[-105.13360389557293,30.757917007962597],[-105.0870434173121,30.709806214895902],[-105.06812984159454,30.70267486196501],[-105.04947464172754,30.69926419436717],[-105.02797726450734,30.69011752032827],[-105.0084952515075,30.676991712108812],[-104.99578282980588,30.66174710840109],[-104.9929406254038,30.651463497227663],[-104.99164871871992,30.640301399657822],[-104.98911657512797,30.629552705712797],[-104.98276037886002,30.620716052257873],[-104.97273515109976,30.61802887606425],[-104.94105749032057,30.614049768589382],[-104.93433956617166,30.610535804838417],[-104.92824173355943,30.59952868837191],[-104.8981660513547,30.56940133063884],[-104.88659053368505,30.55188303028333],[-104.88400671849904,30.541857819159326],[-104.88214636105155,30.52092884833621],[-104.87971757289186,30.510851954503497],[-104.86302608406118,30.502377018088943],[-104.85925370759269,30.49726105846112],[-104.85961544083091,30.49111155733332],[-104.8652481749867,30.479897781534202],[-104.86669510744684,30.4730247925562],[-104.86447301833648,30.462017707393883],[-104.85465450600309,30.448736891610228],[-104.85243241462362,30.438866680822713],[-104.85362097088061,30.423983859802238],[-104.8550162349961,30.417472633063323],[-104.85325923643194,30.412149962337953],[-104.84493933264504,30.401039534818274],[-104.83754960315378,30.39406321538115],[-104.82426875766302,30.387190246012405],[-104.81827429025506,30.380523981882256],[-104.8160005232852,30.371997359229393],[-104.81496700509595,30.360576896029166],[-104.81289993993609,30.350706674058415],[-104.80773230693718,30.346417558452185],[-104.78876704905718,30.335927226168504],[-104.77414262190563,30.31158763261547],[-104.76168859948328,30.284199118426947],[-104.74938960867553,30.26445872004119],[-104.74215490600471,30.259859512100984],[-104.72458491845455,30.252211398469612],[-104.71523148735668,30.24399485405624],[-104.69585282167196,30.208441460092523],[-104.6815642930469,30.192938544080512],[-104.67867041360086,30.17035594473686],[-104.68047908535122,30.134130756066185],[-104.68463903877334,30.11113474830891],[-104.69859167461075,30.07527129983574],[-104.70158890793438,30.055324198803863],[-104.69910843902697,30.031449687081302],[-104.68047911778969,29.976466058699465],[-104.68011739690378,29.96778446327557],[-104.68246863598424,29.952126384057326],[-104.6804791018254,29.942307888742363],[-104.67652585941768,29.936830201619983],[-104.66347752106158,29.92308415078893],[-104.660635340743,29.918433344333117],[-104.6563462257878,29.908201498172286],[-104.63758760021446,29.887995769319662],[-104.62376416096006,29.841487000377217],[-104.61968175439519,29.833063837848012],[-104.60120740688863,29.81477031231908],[-104.58358578570358,29.80257480060503],[-104.57027908146519,29.787511050776178],[-104.56139074286101,29.7454206182866],[-104.54366569180448,29.71643003284522],[-104.53710283600894,29.70211581776342],[-104.53519084440015,29.687853236574078],[-104.53503581141126,29.67780215841649],[-104.5308241614969,29.667906058222904],[-104.51663894442098,29.65431504222072],[-104.46938087516342,29.62540216676133],[-104.45522154719997,29.6133874401286],[-104.45206925989763,29.60710867912391],[-104.44855527321077,29.597677760999655],[-104.44400768372243,29.589202629742083],[-104.4378324289301,29.585430494654698],[-104.43044269487945,29.582794985147483],[-104.34902648997489,29.537578151214433],[-104.33848447460029,29.524013014696564],[-104.3206044375022,29.53225543022504],[-104.29275079984885,29.532823748028573],[-104.2671710138258,29.526571048174958],[-104.25102211164364,29.508587596817797],[-104.22714759775255,29.493032981869508],[-104.21869852449208,29.489829116902886],[-104.21229060906624,29.48466135720697],[-104.19451388175007,29.448926996901662],[-104.16164773740682,29.416758623442412],[-104.139788579053,29.400583817858433],[-104.10542373163278,29.385675101710756],[-104.05731296949489,29.339037109494924],[-104.01914990023401,29.320330164775406],[-103.92812194732626,29.29301943253184],[-103.86412060120114,29.28136612677381],[-103.79417657712494,29.277593833093256],[-103.78366048833533,29.274803512104274],[-103.77422948122364,29.26751695159215],[-103.76942357060777,29.25754339125104],[-103.77771765297791,29.23529673611307],[-103.770767191345,29.229844930603083],[-103.75906245544591,29.22684762249351],[-103.74947650190423,29.22297196742552],[-103.70247680217528,29.187857880393963],[-103.67312459314954,29.173569363443402],[-103.58499039334897,29.154655648296103],[-103.55801530968512,29.156205984053592],[-103.55023799335025,29.154655648296103],[-103.54171140279244,29.148816277876318],[-103.53822319914516,29.1424082555917],[-103.53558769799099,29.1351218726292],[-103.52974831176367,29.126776288507806],[-103.47853694772205,29.08205027532861],[-103.4356971721955,29.061121276640428],[-103.42360485699602,29.057865563047088],[-103.41463906836127,29.052413937146504],[-103.38663043778081,29.02879779349159],[-103.37208347977052,29.023733363176106],[-103.36053379189568,29.029831166402353],[-103.35167129951874,29.039417196018384],[-103.3426020934249,29.04122589661312],[-103.33048395177742,29.023733363176106],[-103.32479958657265,29.0268082498778],[-103.30999427114497,29.031174851393395],[-103.31151447424172,29.02604253230104],[-103.31624707541107,29.01006488328025],[-103.30154520352711,29.00236533259684],[-103.24175551972739,29.003502046388284],[-103.18710773698929,28.99022135055547],[-103.14798863018544,28.985105228007946],[-103.12277057473662,28.996474184739522],[-103.10920548450947,29.023371682407024],[-103.1046837551287,29.057865563047088],[-103.09535622867385,29.06029458144876],[-103.09153210213408,29.057865563047088],[-103.08558938475166,29.07572000309774],[-103.0807576429809,29.085202642730618],[-103.07254106526518,29.091403736973703],[-103.03262102422619,29.110213964287208],[-103.02427526310355,29.116156698946853],[-103.01582619166561,29.126776288507806],[-102.98838602695324,29.177135036635626],[-102.96975659051196,29.19284440631922],[-102.94753573686909,29.182018233982106],[-102.94226477466634,29.19020905779974],[-102.89689284159275,29.220284661208623],[-102.86986610385117,29.224780626722914],[-102.8587814578479,29.22914712085048],[-102.86795406249394,29.240386866796047],[-102.89213860519514,29.254391092256654],[-102.8997092335282,29.263899652509924],[-102.89939914265068,29.27609518843362],[-102.88549820856981,29.314800919431992],[-102.88518818653608,29.333378711183915],[-102.88306939949955,29.343765505014854],[-102.87697162615619,29.350871159548483],[-102.8649568047465,29.359526801922872],[-102.8598666727701,29.361154596260267],[-102.85387221574688,29.36099959685163],[-102.8465600497671,29.36174906101674],[-102.837671708395,29.36632244292172],[-102.83803337585266,29.370533856820455],[-102.84557820941812,29.384719275116606],[-102.8445446047316,29.390532633389586],[-102.83519119393716,29.40383938820346],[-102.83498450124536,29.41569916830469],[-102.83870515523917,29.42693863681653],[-102.84113397922128,29.438307553318108],[-102.83906689639537,29.451950049550014],[-102.8339509822141,29.461355327833793],[-102.82731053253032,29.470501965051795],[-102.79547782479354,29.54426999533982],[-102.78651200921557,29.550497147425567],[-102.78075011918799,29.558248714064348],[-102.78589192674713,29.571813785005904],[-102.77646097246144,29.57594788236394],[-102.77408378756152,29.57961669273173],[-102.77966489437699,29.59230342058374],[-102.76759847271899,29.59729027515892],[-102.7613455658484,29.60341375043235],[-102.75175961807416,29.620157009279204],[-102.75165628852575,29.622456684815376],[-102.73550732604761,29.64950905403763],[-102.73126987421749,29.65059430653776],[-102.72674820187568,29.664495315584624],[-102.69775774511713,29.709557230930177],[-102.6947088414445,29.720616007632913],[-102.6936236242037,29.72940095933422],[-102.69103979582138,29.73681651055924],[-102.68346923167776,29.743715416874323],[-102.67605360236676,29.744490371947233],[-102.63874327966315,29.743715416874323],[-102.62122497498986,29.747281110578047],[-102.58530981440168,29.76469594213805],[-102.56675794675414,29.77105205298087],[-102.56288225460098,29.76934685811017],[-102.55830884688021,29.759088946838077],[-102.55314119776932,29.756737653895026],[-102.54657829651508,29.757874552796203],[-102.54334853249611,29.760122518244152],[-102.54153986190853,29.76247380999531],[-102.53112704173836,29.769915156325904],[-102.52306557613453,29.78231768209086],[-102.51528827097172,29.7847206293565],[-102.40609599440336,29.77727929958769],[-102.40413219793115,29.780793011599634],[-102.3800509860857,29.811385475867336],[-102.37658869693321,29.821488316928022],[-102.37454746887711,29.84810165186824],[-102.37072346373338,29.857765302615228],[-102.3632303091795,29.86427631174961],[-102.35106050507785,29.866601734937074],[-102.33976924625216,29.870632626682237],[-102.33023491540393,29.888925995358797],[-102.32101072170708,29.893938761007817],[-102.30217466928606,29.889391258509857],[-102.28902302374134,29.878125813490385],[-102.27618139214734,29.869547409948385],[-102.2582755596374,29.873474974548614],[-102.25344372043118,29.85528458749691],[-102.23977534205974,29.849135209330818],[-102.20367931834957,29.846137862201562],[-102.1572481157416,29.8245373383934],[-102.14564671835042,29.815700548813385],[-102.10934398700846,29.802109531264076],[-102.01459528806797,29.81099800224292],[-101.98793024589092,29.80518439330512],[-101.97224643779558,29.818180978577004],[-101.95705361864844,29.81404702857362],[-101.94266172483786,29.803608365240546],[-101.92961342700013,29.797717254908466],[-101.92015660202878,29.798182224191056],[-101.9108807347461,29.799887712015995],[-101.90237987934378,29.80324642239765],[-101.89545527723662,29.808620896113297],[-101.88741957884524,29.812289881269447],[-101.87752356505098,29.810843012786762],[-101.8576022839052,29.80518439330512],[-101.82409011790884,29.80518439330512],[-101.81269547805627,29.81203156555784],[-101.80597755159742,29.81192823927036],[-101.80298031314327,29.801437909355784],[-101.79453119234228,29.7958567767153],[-101.63221552137725,29.775651301085958],[-101.58028070977005,29.781568262734385],[-101.56490695867564,29.786477483625188],[-101.55397742794607,29.7966836893511],[-101.54976577741257,29.815700548813385],[-101.54645850390173,29.820144776628947],[-101.53917211399995,29.817974326193585],[-101.53191156459215,29.811101328545007],[-101.52860429712406,29.801437909355784],[-101.53051634580967,29.796477036293822],[-101.53968887255131,29.779191146027497],[-101.5428927940461,29.77105205298087],[-101.52180883540399,29.765936166690015],[-101.5057633375175,29.773894443953026],[-101.49028617013383,29.785547243014662],[-101.4709075999508,29.791516159509467],[-101.46243258704023,29.78893209270755],[-101.45568880877893,29.775909618218],[-101.44610283607369,29.77105205298087],[-101.43509582998689,29.770122110579532],[-101.42421793336058,29.771413997581924],[-101.4140117889871,29.774411078343594],[-101.40509756906317,29.778441726318146],[-101.40930925363172,29.765781176179782],[-101.40654453582287,29.752887815413647],[-101.39961989691919,29.7407180219723],[-101.38336766828526,29.71849718862943],[-101.3766239299581,29.700643093425583],[-101.3643507831561,29.67666524603769],[-101.35768445263759,29.66744077956057],[-101.34902871991628,29.66010294940315],[-101.33623875683413,29.65431504222072],[-101.30978040569663,29.654547531813886],[-101.30107291959145,29.64950905403763],[-101.30272657388522,29.633851121280188],[-101.31086562025445,29.61276716379502],[-101.31215755410882,29.597858587717976],[-101.30096958734016,29.594137821725756],[-101.28358044029392,29.607806152639647],[-101.25877581285516,29.620157009279204],[-101.23391945730721,29.622663343185664],[-101.21901074993535,29.610286658659493],[-101.21777057166845,29.584190237340824],[-101.22647804409334,29.554450429450725],[-101.22278317324437,29.540781994781327],[-101.21286126410119,29.53158348147375],[-101.20177673193655,29.530653506700368],[-101.19141558828241,29.52814713997482],[-101.18270812331862,29.522359423989947],[-101.16356200247789,29.501301265830712],[-101.1347781893367,29.487658562159936],[-101.06796052833465,29.469494183421542],[-101.03778153853571,29.46006338317139],[-101.02961662944124,29.4429842196391],[-101.0259476253411,29.41435554947719],[-101.02217526427198,29.400480485467455],[-101.01623245959853,29.390067636987816],[-101.00806759999874,29.380585068353493],[-100.99830077971177,29.37247194749658],[-100.98739704974015,29.36632244292172],[-100.91473995489774,29.337047643927477],[-100.89122714116597,29.318547361330808],[-100.87179686341707,29.29645588369235],[-100.86389033055464,29.290616318913635],[-100.81608963347209,29.270772579391263],[-100.79614251697106,29.25767255918316],[-100.78317179370525,29.24307416607567],[-100.7620878142125,29.20865768047976],[-100.77009758932716,29.187289236002496],[-100.76250120966525,29.173776034351235],[-100.70973958322878,29.135561350812825],[-100.70684569587183,29.130186978565565],[-100.70203974631006,29.123649771286555],[-100.69082599831766,29.121014399900602],[-100.67816525971722,29.119412389266547],[-100.66896682984876,29.11620836704484],[-100.66085365078403,29.102669211317075],[-100.65222369155735,29.044817462343254],[-100.63279333691803,29.005155748391772],[-100.62891761924209,28.98433019420019],[-100.63790934390703,28.96288456002909],[-100.63077799153311,28.956683370131053],[-100.62669554655487,28.948337606206238],[-100.62478351314891,28.93776975818336],[-100.62431842879532,28.924721471472868],[-100.61884073860504,28.917926056755483],[-100.60695512048025,28.910122783611115],[-100.59496617755502,28.89932237629459],[-100.58954016180272,28.883457742337495],[-100.58654289443423,28.879788604168308],[-100.5717634275877,28.873199832710768],[-100.56623409447957,28.86978933870722],[-100.56334024760778,28.86208966223137],[-100.5696963956361,28.849609629242128],[-100.56623408107403,28.84250413754482],[-100.5596712043249,28.83937781552468],[-100.54515014102563,28.838990292107386],[-100.53863886097014,28.83563115430469],[-100.53445309648355,28.830231056749668],[-100.5292854843033,28.81994755085096],[-100.52499626455656,28.814831328024834],[-100.51905348473299,28.804961164345634],[-100.49393877380999,28.708378031192456],[-100.4813813473759,28.68605363111421],[-100.4448978225113,28.64378243465055],[-100.44618974525069,28.62649670540021],[-100.43482089202706,28.619132686897096],[-100.4114631810256,28.60931428723195],[-100.40143799047091,28.602260582706098],[-100.39709710525739,28.592726056923578],[-100.39875075828678,28.568644863968835],[-100.39776896149593,28.557586301354732],[-100.38422970344197,28.53717399664836],[-100.36402421390838,28.524797475034244],[-100.32263135049611,28.510405445978567],[-100.35162185040916,28.49671126418918],[-100.35678951636535,28.48932161355637],[-100.35554931436394,28.47818545578502],[-100.34831456054926,28.470252937489715],[-100.34020134194361,28.464258406995345],[-100.33632566925047,28.458574204530247],[-100.33167475340149,28.422013000692683],[-100.32263135605703,28.386898791231257],[-100.29389925439908,28.353412445665743],[-100.27855142022145,28.331088457739497],[-100.27793131107931,28.31488792337285],[-100.28433914987995,28.296516814059128],[-100.27508903938943,28.277241401479422],[-100.25793245776248,28.260524060057683],[-100.24072425067033,28.249698001477583],[-100.21281898182963,28.245072979661277],[-100.20594597457384,28.24287658182351],[-100.20294873485273,28.23442746106875],[-100.20119174899945,28.220345679322566],[-100.19762606631731,28.20716815858214],[-100.18920282990783,28.2013288023427],[-100.17287312931913,28.198538456041106],[-100.07489454922599,28.15440655263291],[-100.05649776427134,28.137921863071277],[-100.04890135366801,28.115959465914692],[-100.04802281619894,28.10252346052228],[-100.04507729009784,28.095288867071943],[-100.03153802221775,28.08180116514134],[-100.01758538258566,28.07094910466528],[-100.01019568400699,28.06888215888628],[-100.01050573804142,28.06361114514829],[-100.01350298560496,28.056970776213024],[-100.0141231145686,28.05045958802532],[-100.00745684667298,28.033561366868785],[-100.00058389926834,28.020409778006627],[-99.99112703473962,28.007800450955866],[-99.97660599632339,27.99245269197751],[-99.96185235753018,27.987491690022107],[-99.94071675204341,27.9832544226136],[-99.92828850047788,27.975761089375784],[-99.93968317446325,27.96108505524586],[-99.92991634513383,27.946331493300267],[-99.91433586834594,27.928244627534568],[-99.89676589414213,27.91292261166795],[-99.88134047105139,27.90646302474659],[-99.87880837755048,27.901838173701513],[-99.88268405923644,27.891580215944966],[-99.89128818892902,27.87602562324388],[-99.88800677120878,27.8648119688051],[-99.88020360550297,27.859230825158875],[-99.8709277346863,27.85447677174111],[-99.8633570621491,27.845665665360965],[-99.86185845834206,27.83607973524654],[-99.86472654685004,27.81432412285611],[-99.86335712889021,27.804660659216996],[-99.85824108983752,27.803523515617936],[-99.8447793873651,27.79357583360196],[-99.83297134299792,27.782181251178454],[-99.83291971370694,27.77675539942335],[-99.80816665800008,27.77241441610914],[-99.80696276903325,27.771422980882495],[-99.7954284249922,27.761924126656268],[-99.78685016637178,27.748488361225398],[-99.77457695108694,27.73582740703149],[-99.76519771543317,27.73117666225569],[-99.74734346590803,27.726008865906287],[-99.74044469244944,27.722159080278146],[-99.73631056047977,27.71360656793071],[-99.73403680119131,27.702031060487492],[-99.73065198664202,27.69182493397283],[-99.72305558188687,27.68738087590441],[-99.71067367611776,27.67011627481729],[-99.70569230194232,27.66317047078755],[-99.70036965580093,27.659191481158008],[-99.66473875437869,27.65939818194328],[-99.65869256356439,27.654023660189683],[-99.64864152311577,27.636918854516292],[-99.64486916940679,27.6327331570253],[-99.6335261900638,27.633069046371414],[-99.61244214064794,27.64363663827043],[-99.60016905267574,27.646427401877848],[-99.59024712335592,27.64206054311087],[-99.57823238762315,27.622811198818898],[-99.57226378466744,27.6184704715816],[-99.55502964102176,27.6135093385577],[-99.5350309106418,27.604827877805782],[-99.51500629863133,27.588601501183845],[-99.50720315247061,27.573770346134932],[-99.50707390789921,27.533436686948075],[-99.51007115379232,27.510518241672724],[-99.50950271439456,27.500027926885846],[-99.50368913269561,27.495583815818648],[-99.48828955919033,27.494653652891525],[-99.48040887636081,27.490777823266964],[-99.4764298207634,27.482509704294618],[-99.47291583178274,27.468298715390354],[-99.47363927510727,27.463802770161244],[-99.47291579470082,27.42664737221572],[-99.47570635193581,27.41476190690299],[-99.48462050911202,27.391765792903183],[-99.48772109594488,27.37187036519305],[-99.4928887617639,27.35884799032202],[-99.49402561959184,27.348202558764292],[-99.49759130726846,27.33879749945172],[-99.51479958066648,27.321796034458913],[-99.52136245954719,27.31125393497505],[-99.4931988127804,27.30128041896016],[-99.48658423296276,27.297611404034374],[-99.4848789131105,27.294820885187573],[-99.48294105180128,27.286707707809494],[-99.48040890915313,27.283297071754234],[-99.46896258334549,27.27823279291078],[-99.46612038021863,27.276527474239217],[-99.45183181368789,27.261179449539117],[-99.44090225263311,27.244798035499887],[-99.43402928804822,27.22696966802944],[-99.43198806404408,27.20759099067478],[-99.43578631278581,27.18841915222716],[-99.45033319380701,27.145165844177626],[-99.45245194312001,27.12501209493097],[-99.45017817440277,27.120464545944724],[-99.44573399229739,27.114728431750056],[-99.44141903904004,27.107493841341714],[-99.43940364390518,27.098347058932024],[-99.44203912794543,27.08961368712583],[-99.46172786644829,27.056954249594412],[-99.4437444595463,27.034578320156527],[-99.43986875251532,27.028945689682367],[-99.4246500173133,27.017886832212028],[-99.41604588428422,27.014889570954736],[-99.4073125663956,27.014527832503546],[-99.39932859143047,27.01266761346961],[-99.39279150361725,27.004761042634886],[-99.39015601453116,26.99359897113226],[-99.39036270299265,26.97313503596601],[-99.3861769190346,26.962231336349237],[-99.37684933638528,26.953756453354224],[-99.3369809542835,26.924765919390314],[-99.32597386973274,26.91153673067511],[-99.29396030996985,26.876293366292096],[-99.27967179033475,26.859653610606372],[-99.26279945110498,26.844047390602476],[-99.24827834444511,26.827097403868926],[-99.23409316885669,26.78363754996721],[-99.22135493841103,26.735733534697857],[-99.18112483070266,26.629900178810082],[-99.17838600489392,26.613673879669257],[-99.17128048064531,26.56396109465728],[-99.16487261824497,26.54044837649678],[-99.14094641386622,26.531404939557362],[-99.11510820148607,26.525617193171144],[-99.10299007331035,26.51207794729386],[-99.09149204881057,26.484017569402706],[-99.08937334923893,26.47115027381642],[-99.09373997513458,26.459781328644635],[-99.10252500090179,26.446965705622283],[-99.10890703636396,26.434253285244555],[-99.1064265714469,26.423039516896296],[-99.08549759432198,26.40763984887315],[-99.06635149373952,26.404746044911416],[-99.0476446029604,26.406968038090113],[-99.02787836341358,26.406244549547388],[-99.02299495905403,26.403350745528673],[-99.01643203287111,26.394462321272762],[-99.01051510605909,26.392602072051023],[-99.00405555997533,26.393842338354798],[-98.98695062754297,26.400095046862987],[-98.96284360484769,26.399526741751288],[-98.9541360907904,26.393945543653103],[-98.94537694709071,26.37828763075372],[-98.92989987000801,26.392240327708492],[-98.89302872809083,26.367849020372134],[-98.87021357290111,26.3721381257563],[-98.8605242422238,26.366298686961894],[-98.8508349338351,26.364076692580806],[-98.84233413528945,26.365833586932933],[-98.83608128990429,26.3721381257563],[-98.82502253428714,26.36645372030426],[-98.81732275851758,26.368520831507208],[-98.81029475277708,26.37244819241787],[-98.80132888990744,26.3721381257563],[-98.7958512000235,26.36831412038934],[-98.78083919990678,26.35167432434254],[-98.74639684203417,26.332140568140325],[-98.73593235895116,26.32004826218269],[-98.7399114455584,26.30325342361101],[-98.7262171980764,26.304390335589684],[-98.71316889195852,26.303356779245977],[-98.70141251296275,26.299119348351965],[-98.69146481476976,26.29023106344712],[-98.70425471575169,26.2766400953204],[-98.7022393372766,26.271627495878427],[-98.6933251461413,26.2705422613852],[-98.68528948409259,26.26847529826291],[-98.66469641775419,26.250646894828137],[-98.65366349308772,26.244290670363945],[-98.64056351991286,26.241810208928733],[-98.58162655571468,26.26227410822521],[-98.5527911056923,26.248321467041972],[-98.52152685203775,26.24093168555678],[-98.49294978936163,26.23059641650278],[-98.47238256214945,26.207652050481283],[-98.45654374782107,26.2259455602032],[-98.42884518052355,26.21772900698731],[-98.39719336400151,26.20114086568031],[-98.36933975561315,26.194009471183108],[-98.37727209658398,26.173648993618627],[-98.3772721014131,26.16357210981737],[-98.36577409080303,26.160161445543018],[-98.33926407859923,26.159851378323516],[-98.33303707729594,26.153030124734865],[-98.30980850554563,26.121094024702824],[-98.30042924102113,26.111430562089094],[-98.2226562022959,26.075412056508323],[-98.18506160083825,26.065231814427417],[-98.15023169333985,26.06368155310993],[-98.10310279103192,26.074947030694986],[-98.08331070889463,26.070916231105187],[-98.0751458307023,26.04662830303953],[-98.06545650595264,26.04218415550604],[-98.04416580660627,26.048798698928493],[-98.0130566033352,26.06368155310993],[-97.9992331614882,26.064301687682285],[-97.94166560319006,26.05680854515414],[-97.87818111577467,26.063733230990962],[-97.8020100547717,26.063733230990962],[-97.78232133518406,26.058617270992123],[-97.78030594099761,26.04321763801051],[-97.76694759487319,26.039652014458632],[-97.6796144269364,26.034639410258293],[-97.65987402155075,26.030660288574154],[-97.64145137167915,26.022495408852024],[-97.6226411516696,26.009059535792964],[-97.61305517588114,25.995985408221802],[-97.60478694660195,25.979965717298043],[-97.59432246761187,25.966374812057023],[-97.56517695533753,25.954747591438245],[-97.52027014426372,25.912786366742548],[-97.50220923113625,25.90188263920375],[-97.48631872383777,25.89573312467921],[-97.46942053037978,25.89294259570032],[-97.44825902638502,25.89232246146462],[-97.44130855261642,25.884932754028057],[-97.43572750269038,25.86927481695141],[-97.42541805070832,25.85485707473833],[-97.40417903208511,25.851394734718994],[-97.3998898941391,25.855115463931295],[-97.39947648661617,25.861161620973576],[-97.39782283519892,25.865812476535673],[-97.389890502152,25.865657443006697],[-97.38312089166567,25.860541486881278],[-97.38012366447262,25.85320345902961],[-97.37601538262318,25.846743879700362],[-97.36599015321234,25.843901673920644],[-97.34573299248804,25.85222158011479],[-97.34516455274465,25.871703600547193],[-97.35227006848159,25.89449293130069],[-97.35511226625988,25.912786366742548],[-97.35110734454788,25.918419103288485],[-97.32844721970574,25.93330187720926],[-97.31098058339788,25.922088081239014],[-97.28764868168032,25.928651019623207],[-97.269200191097,25.944360640203055],[-97.26635798862388,25.96063871848915],[-97.25305130751528,25.963480926321573],[-97.20494054862593,25.96063871848915],[-97.13927160783061,25.965806355459307]]],[[[-114.775542765751,18.35492580983193],[-114.72402909375424,18.35492580983193],[-114.720204247358,18.35211831717987],[-114.72085526898229,18.34568917383014],[-114.72394772372051,18.338568446608758],[-114.72716221840145,18.3338075754282],[-114.73403886615284,18.32925039380622],[-114.74058998111371,18.328314562768583],[-114.74738522998848,18.32868078364724],[-114.78189043648528,18.324530380446415],[-114.79857339224127,18.330878108900617],[-114.79857335676813,18.3424746020522],[-114.775542765751,18.35492580983193]]],[[[-110.94591224740121,18.799994253229837],[-110.93224036136996,18.794663789837468],[-110.91942299728785,18.78070718574986],[-110.91120355255975,18.762518474094396],[-110.91120356591473,18.74469628004682],[-110.92430577529241,18.72736227648531],[-110.9418839003341,18.725978812722158],[-110.96117103320826,18.726955499085058],[-110.97948159621313,18.716783059397223],[-110.99461828191436,18.731594083248268],[-111.00837154310213,18.74237698822265],[-111.02318275977032,18.750922016169685],[-111.06725012925025,18.768744209347147],[-111.06655837333001,18.775702083253748],[-111.06200109033861,18.793117495759162],[-111.05308995860783,18.81598534162071],[-111.03856362072041,18.835394677120313],[-111.00055905700098,18.868231554987315],[-110.98005126155073,18.860826051325166],[-110.95616615844035,18.843695452280055],[-110.94078525964954,18.821722581202238],[-110.94591224740121,18.799994253229837]]],[[[-110.81432043846195,19.348049202132305],[-110.8056534753971,19.342108601464552],[-110.79865472919009,19.333807562312103],[-110.7876684049095,19.313910121112162],[-110.81309971257942,19.296331956982613],[-110.82408604760359,19.28628153946655],[-110.82860264112435,19.27570207252484],[-110.83023028121933,19.273342233880566],[-110.83348550666207,19.276353393989982],[-110.83617101757297,19.283596040346982],[-110.83604897611936,19.29340251303211],[-110.83238684284458,19.302191445491243],[-110.81920323378425,19.324041951154882],[-110.81432046492459,19.334377468281907],[-110.81432043846195,19.348049202132305]]],[[[-106.22403759427092,21.328735864839018],[-106.22573969941259,21.308669004238663],[-106.22750597508647,21.291165779411983],[-106.23697187086995,21.295066583852456],[-106.24730952386341,21.289698527784527],[-106.27019655297586,21.300997477013137],[-106.27936337065626,21.314658930164203],[-106.2600051131354,21.334096861614256],[-106.24178268584336,21.33296382718078],[-106.23191740660904,21.335237106134212],[-106.22744588988184,21.332768554111656],[-106.22403759427092,21.328735864839018]]],[[[-106.40421774147553,21.483885766180475],[-106.38599028211839,21.48276670064277],[-106.37272831959842,21.48204629281779],[-106.3719240937955,21.471799107626232],[-106.36288747028178,21.464307227238503],[-106.36264428489216,21.455074411797803],[-106.38065409178598,21.44698739948064],[-106.38462787154155,21.4314729482429],[-106.38709805426949,21.42063574000085],[-106.40260734305318,21.422952280157286],[-106.42882562914798,21.435094964542486],[-106.44370934456761,21.436839204319085],[-106.4592758559771,21.448321715937023],[-106.47874738423256,21.451401924595306],[-106.49261365825622,21.469004598359362],[-106.47198508653625,21.483841454189285],[-106.45958745088738,21.494884753730926],[-106.44853002635298,21.493095750882638],[-106.43706217491493,21.495945838215054],[-106.4247220798415,21.488023755148152],[-106.40421774147553,21.483885766180475]]],[[[-106.51235263895539,21.597034440148686],[-106.51600819405863,21.588751848331924],[-106.51407659535373,21.579036401680874],[-106.51166442671045,21.571895708707572],[-106.51986177852396,21.568143157350352],[-106.5208069276187,21.56247182097426],[-106.52615645999899,21.556679265147444],[-106.5320505566691,21.550369385609027],[-106.5323609705122,21.54162925572446],[-106.53685816526352,21.544603567572683],[-106.5417940678847,21.54345926638742],[-106.54084849128614,21.54914141731368],[-106.53771142694399,21.555386255796588],[-106.54506496370199,21.561892460236205],[-106.55228859894653,21.56376212659148],[-106.59126769370606,21.577224866518495],[-106.63115563115896,21.600860444929722],[-106.63009296723543,21.604493429644474],[-106.62853903195824,21.609152500581125],[-106.62875935218008,21.616837406826622],[-106.63556389024694,21.625897488308347],[-106.64163067128335,21.639106077403788],[-106.65139357649204,21.652216580287963],[-106.65598550951475,21.658265698585996],[-106.64947669438928,21.662531670760416],[-106.64921599267538,21.672806805991804],[-106.65064251823011,21.68406882367194],[-106.6608476279776,21.693064018245522],[-106.64215669103572,21.696598617347668],[-106.62098151256724,21.690434586603565],[-106.60001272969241,21.69145196109154],[-106.58766557760849,21.684561213074016],[-106.54800391226208,21.66854594067814],[-106.53445774084899,21.657571276436602],[-106.5364257524822,21.648270856707207],[-106.53942569071704,21.6363976360978],[-106.5269085485476,21.623896237094844],[-106.51896980726502,21.616897641135488],[-106.51378642792314,21.608810021235207],[-106.50926664993437,21.605320487202732],[-106.50478223258168,21.602859442711505],[-106.51235263895539,21.597034440148686]]],[[[-106.66382291960554,21.777245662805246],[-106.66304708650199,21.769554289006916],[-106.65799747067943,21.767105709220907],[-106.65596503643644,21.75430162497203],[-106.66349973038672,21.74693230357494],[-106.65776607668447,21.739877673311245],[-106.67896342760268,21.72703603908222],[-106.68894069800265,21.746831512410676],[-106.68390867138051,21.76097246844153],[-106.67813897824934,21.774845600835917],[-106.67141442984246,21.771923257323188],[-106.66382291960554,21.777245662805246]]],[[[-109.83574973306753,24.22465428095029],[-109.82284860198943,24.20940563936436],[-109.80856253835651,24.182221887216443],[-109.80714756005808,24.171565728621584],[-109.79842520775705,24.15516464349655],[-109.80286508865326,24.13706220150722],[-109.81484350134278,24.140430984193557],[-109.83101246452495,24.14351104874564],[-109.86248263622177,24.14708713267523],[-109.87392705290627,24.15170272411846],[-109.87176124936514,24.159690706364536],[-109.8850442168031,24.17665811552814],[-109.90043207180092,24.199240683886742],[-109.91297208074786,24.235720554575195],[-109.92387532750267,24.266637883989898],[-109.92117995442102,24.275815627569248],[-109.91662096983009,24.284812210606585],[-109.93742544201946,24.32514860359035],[-109.93423360237378,24.35938586693993],[-109.93322040535921,24.37441436774368],[-109.9267514162111,24.37292960365928],[-109.9192461901493,24.36202911832346],[-109.91741310239195,24.348511224527165],[-109.90584405740503,24.334834105386502],[-109.89969417038525,24.325687588248343],[-109.89215524978196,24.31628810588197],[-109.8823308088622,24.294285890506178],[-109.87063096714046,24.272355796955484],[-109.85808965151867,24.2589394935086],[-109.84257144284408,24.2303003813153],[-109.83574973306753,24.22465428095029]]],[[[-111.56163489281703,24.378078508668445],[-111.53945088061204,24.372666720508132],[-111.50963296036421,24.363959130630665],[-111.46709408924075,24.33673166857042],[-111.46295787076048,24.32977083300126],[-111.53281672326086,24.358311501593448],[-111.56125258550789,24.36236711081781],[-111.5972451579111,24.365109506958873],[-111.63836641378614,24.35570340177285],[-111.6648144141437,24.351855996813985],[-111.67325402761946,24.358400431161943],[-111.6654612675431,24.369011893869544],[-111.65777755404457,24.37521713783607],[-111.6460495062577,24.371050965606187],[-111.62879799609917,24.37264418766673],[-111.60018727385999,24.376440220607513],[-111.58299852616005,24.375088550409544],[-111.56163489281703,24.378078508668445]]],[[[-111.7534887473578,24.446966912202654],[-111.72420777257345,24.396166981869776],[-111.70620514797062,24.379817443543374],[-111.69474868653064,24.38118894287798],[-111.69231748903117,24.373939375420715],[-111.6997516319131,24.35892379369581],[-111.6938671226067,24.347602400724085],[-111.70126442131435,24.330945242921615],[-111.71035454121242,24.31834550046379],[-111.70811072813557,24.29985449175781],[-111.73883503674311,24.338117286353043],[-111.75856117272112,24.356101481732043],[-111.8078033816848,24.389074840039783],[-111.8457520949888,24.417814459691918],[-111.87158331446253,24.43909902474336],[-111.90802731440043,24.45738582777103],[-111.91488172280134,24.464710527001134],[-111.9262174376909,24.468124113922894],[-111.94078990868881,24.48358680882612],[-111.97559390703559,24.49783243312961],[-112.0017541935357,24.506312933541945],[-112.00684375335308,24.514400161401976],[-111.9889742959936,24.52765375054552],[-111.97161082154304,24.518536011175847],[-111.96019612163445,24.518320896497947],[-111.90484223532935,24.518864091106902],[-111.88115444187588,24.51760675183253],[-111.86439534498918,24.520478653024373],[-111.8505902205002,24.509819061078698],[-111.83734327388073,24.51275615678839],[-111.8385255629168,24.499991089319458],[-111.83095282418161,24.486254107318707],[-111.82143055026846,24.4804712555036],[-111.81823225698155,24.467620878717703],[-111.79820235409377,24.464035440816158],[-111.77547725025319,24.461987949886282],[-111.7534887473578,24.446966912202654]]],[[[-110.32494055424954,24.515855189692555],[-110.3152215625983,24.50455836774928],[-110.3050023903991,24.50315982266646],[-110.30235021233973,24.48876968429888],[-110.29585277759475,24.47688671721332],[-110.28786261043902,24.469741677177264],[-110.29234574548684,24.45818529546197],[-110.30651303103976,24.456492022319544],[-110.31273354272713,24.44668209631944],[-110.30785072061482,24.43268466116958],[-110.31720946394478,24.42621501842316],[-110.32258051825426,24.41730371445668],[-110.3265047751843,24.40074866388933],[-110.34804007105437,24.402450946727267],[-110.34886630810757,24.411444265534225],[-110.35274597074165,24.418000431047588],[-110.34883727407593,24.42957482202306],[-110.35506261924309,24.43507104459385],[-110.363187318275,24.43637224405354],[-110.37042647205784,24.429677872430617],[-110.37244100825872,24.438768842712765],[-110.37565921173982,24.44683201522805],[-110.35863514937321,24.45219965349091],[-110.36016197084672,24.457545661219562],[-110.36706998858855,24.458800293735568],[-110.36863504807721,24.46415862075963],[-110.37724723833259,24.468128620506874],[-110.38463991218606,24.47365639696958],[-110.38902733622156,24.482282602709635],[-110.39199037176202,24.4977678386882],[-110.38764855332543,24.50560059183382],[-110.39676959941234,24.511183356416772],[-110.39591378497376,24.51912006556143],[-110.38290853598224,24.52404667297183],[-110.37623162272752,24.530767206286125],[-110.38509916821373,24.529389390162155],[-110.39596608079263,24.53502683975318],[-110.39444294122532,24.54609413862421],[-110.40557107738358,24.543804186511395],[-110.40765329042401,24.551281833287668],[-110.40332381269502,24.559076145892842],[-110.41250186116721,24.562579876883383],[-110.41574497604458,24.569601460948018],[-110.40021134532591,24.58126634990982],[-110.39750663526137,24.590805027847853],[-110.38649663019166,24.586863852044225],[-110.38052283074487,24.574957707159115],[-110.37436553082412,24.56683530931925],[-110.36363632351343,24.556947528896323],[-110.36052705133147,24.54674338905594],[-110.36398943848387,24.532489025882178],[-110.34592350550616,24.5303949615827],[-110.32494055424954,24.515855189692555]]],[[[-110.71079188660164,25.09504710944127],[-110.70870678824,25.10220805297348],[-110.70689963829676,25.10513633420333],[-110.70202038760146,25.103374971384337],[-110.69499823393278,25.093982831669667],[-110.68475232835779,25.066186038455655],[-110.66862541057296,25.05277325033393],[-110.64231949345813,25.04922668886747],[-110.6141251293324,25.041937568356275],[-110.59309239077292,25.03444734807344],[-110.59022830604368,25.026122044178926],[-110.58364676624703,25.022437962010112],[-110.57491646886807,25.01572736346091],[-110.57569567106702,25.005967387274584],[-110.56836242143878,24.99768172516003],[-110.56580684452238,24.980569270093692],[-110.57069198379767,24.95549263716908],[-110.55928946380673,24.935704153560117],[-110.55335288479507,24.925823137486905],[-110.54847203010316,24.911490143278446],[-110.53397129592007,24.890802467503633],[-110.52492856711177,24.880000910184005],[-110.53309549964246,24.87657855529028],[-110.5533563275292,24.872682100730366],[-110.56271729776505,24.87375738872915],[-110.57170346951425,24.8723819574836],[-110.57915290375898,24.86366188143707],[-110.58353890468733,24.866218055553617],[-110.5793128633707,24.872187269974173],[-110.57370604089195,24.879335727656798],[-110.57388001445635,24.887454621157623],[-110.58399245563277,24.892602427084057],[-110.59536163018032,24.90021627863102],[-110.61035801653287,24.90630597956443],[-110.61019329145894,24.91116596401361],[-110.62030190521232,24.916724181859742],[-110.63199094593057,24.915431971206317],[-110.64231342850472,24.91449758967991],[-110.641651371943,24.920972163386622],[-110.63649965295409,24.927725551233472],[-110.64402344644633,24.94250261227106],[-110.65468289651655,24.94607309578526],[-110.66040548538055,24.96245754798641],[-110.6601353734287,24.970982671325746],[-110.66565583951721,24.980061217516187],[-110.6730192036999,24.98798635826437],[-110.67403705490604,24.99732810107849],[-110.67583788803582,25.011197812146683],[-110.68224833523006,25.020289296939964],[-110.69693856496107,25.019755558841467],[-110.70494139972257,25.02992142086854],[-110.71328177477164,25.029215407068783],[-110.71655063584241,25.03989037735806],[-110.71651205808374,25.054065443341166],[-110.71306259641067,25.062019202671113],[-110.71349036425283,25.07501862302785],[-110.71079188660164,25.09504710944127]]],[[[-112.10348528183727,24.617166275636993],[-112.09634303564819,24.60700387354633],[-112.07808496859774,24.58483738247875],[-112.07091078771815,24.58517808172458],[-112.07094826596958,24.5739533358012],[-112.06459399504702,24.5681605503858],[-112.05747773336884,24.5536904598064],[-112.0599073851399,24.540602700394654],[-112.0682659355329,24.542448602252556],[-112.09134151047677,24.551533902336764],[-112.10247786567214,24.559152157201616],[-112.10006789311409,24.564234700428837],[-112.10558609241208,24.58381889005074],[-112.11386196856662,24.599166283258132],[-112.12701494797452,24.611790492122456],[-112.13733246708254,24.619088795256545],[-112.14653350117153,24.61871084092718],[-112.15921561877111,24.643023410369796],[-112.17197410711351,24.646668359920053],[-112.17634372689947,24.65356227926847],[-112.16834391042696,24.661157430072798],[-112.16632566713136,24.67093679093553],[-112.15993740738224,24.672373501040333],[-112.15196329872371,24.670545315987887],[-112.14478553641553,24.670891724747833],[-112.1383814823414,24.680296739400447],[-112.13593805108081,24.698045619484123],[-112.13948169194899,24.714721033535163],[-112.14621608539187,24.732128936143173],[-112.15576431964332,24.74338529780947],[-112.16771029408605,24.755373241423985],[-112.1756739333252,24.76336410541145],[-112.18953349010141,24.773923454600766],[-112.2067764940771,24.782131244094547],[-112.21385068635757,24.784838832776863],[-112.22461862245564,24.788118765002928],[-112.23778536312149,24.789227999302923],[-112.24596108559611,24.788763815387473],[-112.25054511440199,24.787795488710323],[-112.25693036182665,24.783819731453796],[-112.26093237676383,24.776582070256655],[-112.26095585362582,24.76970013500603],[-112.25781433904018,24.75157805512356],[-112.25941279829628,24.74940736024197],[-112.26857632274125,24.758115978937976],[-112.2725319014441,24.772977361246447],[-112.3045954931937,24.792181651334314],[-112.301637382595,24.80309313181529],[-112.30202993890772,24.80744204224191],[-112.30002900252116,24.809975977694],[-112.29003316475588,24.812494891259814],[-112.27518189216605,24.839512538898642],[-112.25733969443993,24.88447451853327],[-112.2063022829859,25.01766045794361],[-112.19074459504635,25.062974351186515],[-112.16322417106655,25.15626824126562],[-112.14452063935155,25.227769282312728],[-112.14249480927641,25.25513246519067],[-112.13784646082665,25.265260824368315],[-112.12532590553147,25.265833480150583],[-112.12022399460771,25.22052060340905],[-112.12687610377502,25.20146764610738],[-112.14346305223226,25.16278190492528],[-112.15603391295016,25.140773275801525],[-112.16937150878144,25.073534124123498],[-112.1793036456824,25.04498565972317],[-112.17083786081376,25.029572654250437],[-112.16731926904576,25.01938970918485],[-112.16971931005389,25.00600586021777],[-112.16412988404613,24.99689155411011],[-112.16149474889093,24.988050953971026],[-112.16182706226195,24.974397228199145],[-112.17010958299976,24.969595817571086],[-112.17895710479743,24.974700377179076],[-112.18696377315554,24.961331180378817],[-112.18875717124122,24.952232511599927],[-112.18735356648146,24.921709153256696],[-112.19592969490654,24.915300677079653],[-112.19096971108425,24.889849158970552],[-112.18331848764458,24.879654198060503],[-112.17686468156828,24.872387665913678],[-112.18255659551419,24.86596027493586],[-112.19532300667343,24.867272612654926],[-112.2043099414553,24.866860704448353],[-112.2071610339201,24.860857240776625],[-112.20930590113424,24.85512958569929],[-112.21371501628548,24.84752656431786],[-112.21093855159054,24.83882302157641],[-112.20897563263489,24.823599265213673],[-112.20619495989476,24.817434173858803],[-112.19582970149335,24.811616696531907],[-112.18785962083605,24.80616606132757],[-112.18228775709507,24.799633232365814],[-112.17870562388698,24.795640347967385],[-112.17112539291168,24.794537723119472],[-112.17312646240518,24.79236792581053],[-112.17752017287006,24.79092790396874],[-112.17592998901077,24.788388262064178],[-112.16558737975433,24.77568585025628],[-112.1621119563293,24.759709524894756],[-112.13901877188768,24.737910041345817],[-112.13146469101956,24.72847105533006],[-112.13070253471244,24.715787301399118],[-112.13111923345525,24.709628546049036],[-112.12713955988401,24.706358238255074],[-112.12314902377206,24.70707298899909],[-112.11562347126593,24.68930096860574],[-112.12643688104555,24.673747118556243],[-112.13163926597322,24.666875426421534],[-112.1400290970126,24.659288385830916],[-112.14323442593074,24.64988247758345],[-112.14043905724834,24.643734554047118],[-112.13646366528057,24.632882028971917],[-112.10348528183727,24.617166275636993]]],[[[-108.83161373361322,25.42641835142239],[-108.81883704174018,25.420803121941884],[-108.79930579062574,25.39411040944385],[-108.78652910378922,25.38544343823654],[-108.80394446418211,25.3745791657032],[-108.83657792915722,25.38812897363313],[-108.87246660269878,25.40884024282487],[-108.89981034832067,25.419623103248828],[-108.90705318652003,25.420355526050233],[-108.91608639204915,25.424465236197705],[-108.92373612961124,25.42641835142239],[-108.93248450383774,25.42731354334985],[-108.99400794385025,25.42674388941411],[-109.0079646468117,25.432562562241877],[-109.01309159774608,25.446926160986475],[-108.90099036471116,25.44651927584757],[-108.88272051041588,25.443182697682715],[-108.83161373361322,25.42641835142239]]],[[[-110.7652924787175,25.59393940812482],[-110.78588624472556,25.604369019472383],[-110.80553198352612,25.64441809916604],[-110.80356054816554,25.674932663946684],[-110.79194303556916,25.69530210489336],[-110.78247404486386,25.710334696731167],[-110.77341425973822,25.712795023647335],[-110.77000388349872,25.695627269075032],[-110.76206208109272,25.693617545642955],[-110.76668354797839,25.675785571816398],[-110.75961291804374,25.647755667683462],[-110.75318694841481,25.598095816725284],[-110.7652924787175,25.59393940812482]]],[[[-111.0811938268264,25.998658386340296],[-111.07000793180332,25.997039020990726],[-111.0708495534638,25.986061828767802],[-111.065343758263,25.982723047413348],[-111.06566209773698,25.972193154686348],[-111.0673862340141,25.965817998003253],[-111.07231128266498,25.97143481193701],[-111.07941373589085,25.97251974682981],[-111.0867779753714,25.981856842096363],[-111.09381556932512,25.98522702075636],[-111.10111427790086,25.996851162892924],[-111.11233050003602,25.99665954913552],[-111.11961848092396,25.99221773044522],[-111.11926234609642,25.986286867890165],[-111.12057780971398,25.976241830683094],[-111.1306831116206,25.961821300480512],[-111.14115858108674,25.952874644215324],[-111.15394647397665,25.93304514037337],[-111.1728556552748,25.913328383362405],[-111.18080348126055,25.902525382539764],[-111.1778757279065,25.897446681206095],[-111.18341436413255,25.882008298501884],[-111.1813034736084,25.866851141094173],[-111.18871431020743,25.85695513491015],[-111.19789267820984,25.85627325783907],[-111.20430272384432,25.84543833835462],[-111.20284973831905,25.825230804615366],[-111.20074112811461,25.810068772187087],[-111.20499082954082,25.803754238830326],[-111.2132906609084,25.815855335881707],[-111.21985968939781,25.81737990671061],[-111.23034478992415,25.823611966710576],[-111.22972572482239,25.83087803430683],[-111.23335513145793,25.842899138972168],[-111.23181415076125,25.85161999901184],[-111.21834429806135,25.87168850280459],[-111.21931062980336,25.88423592929575],[-111.20988847273088,25.91695274398521],[-111.21107189681315,25.928868697602653],[-111.20101599142572,25.94235804771743],[-111.19659220359631,25.954632968720276],[-111.18809974309559,25.969916098388218],[-111.17467980906348,25.978365205442596],[-111.16925542405899,25.98759421299478],[-111.17204118178466,26.002715400201506],[-111.16821292250442,26.023480368211306],[-111.17561743192722,26.035206364680846],[-111.1760267774177,26.043341499675623],[-111.1617701600579,26.045362795861397],[-111.133812976468,26.052844370950655],[-111.1360700224428,26.063303283038834],[-111.12752035495792,26.068313183193936],[-111.11999755186368,26.06118809534921],[-111.10341374362538,26.053816861541193],[-111.07932008869103,26.060190892516246],[-111.07454572411329,26.06877610583961],[-111.05636946884627,26.071817289039476],[-111.07111848340831,26.05360947399808],[-111.0819856343677,26.028694501065345],[-111.0811938268264,25.998658386340296]]],[[[-110.0444419944719,27.086999653843495],[-110.03675199160745,27.089324958218043],[-110.01745086890001,27.083705559890763],[-109.9852446584137,27.069567900831288],[-109.95750964028227,27.051966683386226],[-109.93803408963315,27.021164710753258],[-109.94574681023495,27.02113481626248],[-109.968414164855,27.04906211400672],[-109.99144445365113,27.06419501438195],[-110.01869023788285,27.07684111010514],[-110.0354046674778,27.07961618378113],[-110.0444419944719,27.086999653843495]]],[[[-110.60417602743117,27.318023520691597],[-110.60655676980679,27.35858795734383],[-110.60456293769657,27.382513680316958],[-110.59748286717208,27.405747755723688],[-110.5930896985695,27.416985625177535],[-110.59843328729421,27.378078853751763],[-110.59404178746401,27.33183173172876],[-110.57518196506236,27.313715466213033],[-110.53065935512676,27.300391857636505],[-110.53434221094196,27.28435673648903],[-110.58856433206142,27.302735466208322],[-110.60417602743117,27.318023520691597]]],[[[-115.19497969020732,28.34135835711168],[-115.18413589311156,28.314740716686266],[-115.17392960812175,28.308830817219008],[-115.17576568665937,28.298818649553986],[-115.1685854191803,28.285121489566897],[-115.16271476088934,28.26134241304605],[-115.17275954760785,28.234564454401006],[-115.17226838504634,28.212645199854226],[-115.15884798413425,28.192840295214708],[-115.15548985879448,28.170703453112925],[-115.15971032244276,28.150714616265436],[-115.15582877764295,28.140779819770316],[-115.16268874283,28.129624982256917],[-115.17533645832746,28.12447957334804],[-115.17645826124891,28.11675499665351],[-115.18577656972998,28.106172751128454],[-115.18304012064546,28.095147065271817],[-115.18797084964244,28.086801485649485],[-115.18214889701802,28.07023648909589],[-115.18828832451801,28.056347086670186],[-115.17932146407522,28.040344752479083],[-115.18303120427062,28.034777804020923],[-115.18169733835616,28.02758192611814],[-115.18926458527241,28.03030201171333],[-115.1945694535136,28.03392158129097],[-115.20629934993514,28.03794011946163],[-115.21814762178866,28.031745273147834],[-115.22814299985536,28.0283227844799],[-115.23387872550501,28.03605943414499],[-115.24702383929002,28.033716087827045],[-115.25399511174892,28.040303894150814],[-115.26184526511045,28.07014335636665],[-115.28026287132545,28.087469937376397],[-115.30354488258054,28.094698526939833],[-115.32166958915589,28.08678526255094],[-115.33670017131705,28.08443591731094],[-115.34660976914802,28.071051250232536],[-115.35805203793423,28.08257867245422],[-115.3521566721584,28.116420020536918],[-115.33400442556062,28.124877638867932],[-115.27367103540463,28.189520597757404],[-115.23975586359337,28.233606402312454],[-115.2551548967624,28.263917340506293],[-115.2624534509448,28.29875646214874],[-115.25708824442783,28.327435633795663],[-115.2486424298848,28.359315110767188],[-115.23499630352251,28.370230286003007],[-115.21486747491281,28.37827914284173],[-115.19199497539425,28.360835839615927],[-115.19497969020732,28.34135835711168]]],[[[-112.89376928999107,28.677695598546492],[-112.86075654572262,28.67186041247863],[-112.80495564810435,28.63653649145995],[-112.79124610180233,28.622883040759724],[-112.78299876745683,28.617606288852482],[-112.77841524691708,28.610303547852354],[-112.76354391271722,28.60282415826473],[-112.76010851639374,28.59485298578574],[-112.75240045831967,28.591080390460057],[-112.7620450970329,28.58196342927718],[-112.77391863038541,28.575782107940384],[-112.7809940004855,28.581026738240507],[-112.78365373210188,28.585982667957772],[-112.7891311089336,28.586870391055246],[-112.79792633015816,28.609920220639445],[-112.81056883212233,28.618432724824338],[-112.82931982944571,28.625782924878763],[-112.84264236249251,28.640067838007926],[-112.86779759202945,28.643278343092106],[-112.86522734405759,28.65015297204008],[-112.87186766121928,28.655575405726854],[-112.87743644744764,28.663389713034054],[-112.88448899369172,28.670215360400974],[-112.89376928999107,28.677695598546492]]],[[[-112.61315006415062,28.72576304602583],[-112.60065886192824,28.72797466054893],[-112.59349378600011,28.732232062079024],[-112.56989232362562,28.728899320743015],[-112.55745075879686,28.733809210750923],[-112.54795698175924,28.72854934377984],[-112.54672264118362,28.71745701985893],[-112.54140180238802,28.712268340768286],[-112.54597980639325,28.701872348479643],[-112.54573876636,28.686589864349916],[-112.55393921729875,28.67228789765939],[-112.5720567929504,28.668401176450352],[-112.59467347890605,28.67308248531227],[-112.60434925674565,28.669433690193657],[-112.60093497356924,28.676981221038965],[-112.61224303791523,28.705233638474738],[-112.61315006415062,28.72576304602583]]],[[[-112.27465685348224,28.768387751901358],[-112.28905186630342,28.763006840193245],[-112.3096602052256,28.74636030047246],[-112.32617515733652,28.762722353537995],[-112.34548876602638,28.765191709426485],[-112.35905537868621,28.75823605489163],[-112.36696522968472,28.772016080368658],[-112.38200433259378,28.7738215322301],[-112.39921718435795,28.79262644859494],[-112.41281887979,28.80012791643674],[-112.42572622465019,28.796911457459867],[-112.4357514927313,28.801907527690826],[-112.45504930083533,28.800603761208915],[-112.46653628089668,28.805570389517854],[-112.46721556880573,28.819405617692574],[-112.49384856074711,28.823018604930343],[-112.49604339062552,28.83304526020098],[-112.52182024474922,28.844879144197183],[-112.5484939312219,28.85793445967666],[-112.56216598203227,28.869173509031437],[-112.57293151324956,28.868502404838065],[-112.58303296257043,28.875362745511858],[-112.55583715469254,28.891784343122684],[-112.52610427658836,28.90884186375647],[-112.51073153456825,28.928371364882167],[-112.50430251130993,28.931870755060853],[-112.49982660854047,28.940415701741063],[-112.49575764917782,28.950629072255712],[-112.49083407731337,28.959417926306568],[-112.48591060090475,28.971625036838386],[-112.48973551552716,28.981024584091344],[-112.50015212302837,28.990423820493195],[-112.50357009372728,29.03217187572993],[-112.50035560126283,29.07562898268117],[-112.49205480615942,29.11762112892179],[-112.4802954203483,29.15493411397364],[-112.4738663630342,29.168524548945857],[-112.46471108148137,29.18183018768339],[-112.4529922942366,29.193548827950327],[-112.43871008516649,29.202093802769237],[-112.42229014828195,29.1893898856823],[-112.40145187690993,29.1894409525201],[-112.37995041439046,29.2051632145751],[-112.36274816700887,29.21773613521022],[-112.34336175788036,29.220875532216667],[-112.31606886548599,29.220302083943615],[-112.29956458425237,29.22282297305184],[-112.28733288506305,29.23299633839723],[-112.27799199295202,29.242467376022322],[-112.2643371739291,29.246890333719247],[-112.26719660673116,29.238094581151316],[-112.28156891429444,29.225470927071694],[-112.27723960266,29.209133802465267],[-112.26573534499495,29.197847150303843],[-112.26356650769863,29.19284050120982],[-112.26715244837266,29.1846656009688],[-112.2685583444406,29.175270793547494],[-112.2742860195686,29.165222317499563],[-112.26848189300874,29.152726214321802],[-112.27274706607761,29.137675231528046],[-112.23531293167056,29.09572524470904],[-112.19560609313041,29.02132986800335],[-112.21354300262392,28.98674721800284],[-112.21489870869408,28.95414767906078],[-112.22842416454883,28.903951595995398],[-112.24347359974551,28.889499169940688],[-112.23768417098748,28.87634206418806],[-112.25413705635147,28.85687883604383],[-112.2591098276749,28.837435692182066],[-112.27125981588169,28.823632635375834],[-112.27622930692385,28.80545112798592],[-112.27256361499835,28.784095778167167],[-112.26108931065586,28.780332571456626],[-112.25318733049058,28.769050151766617],[-112.26319328216273,28.763388058305537],[-112.27465685348224,28.768387751901358]]],[[[-113.13817297356317,29.064886764044097],[-113.1248466757147,29.06063703513564],[-113.11776626511949,29.056293880217016],[-113.10208377898923,29.053105453922175],[-113.11663628890449,29.026198139095573],[-113.11436069270081,29.013734566371266],[-113.11479172192865,28.9844776909497],[-113.12328655228332,28.98635729797809],[-113.13575664771481,29.00033312587098],[-113.1470742347609,29.004075810426436],[-113.15916296935981,29.01774430011406],[-113.1907452032445,29.02875333442163],[-113.19940463972466,29.046809104427357],[-113.21627730179074,29.055408006104447],[-113.22948830695447,29.05957392667],[-113.24362750058822,29.069469932144255],[-113.2508908920406,29.08197667801912],[-113.25817762764929,29.08771336100849],[-113.26292010471802,29.10287738603336],[-113.27573687562125,29.11722640874544],[-113.2926958453798,29.133263327235476],[-113.30065404499643,29.145094687084946],[-113.3125461293032,29.146265325685793],[-113.32109113479574,29.155550523399995],[-113.3350105128995,29.160959123560396],[-113.35397443049226,29.170739052882116],[-113.36207171614092,29.18757941587143],[-113.3872094851383,29.19723795359611],[-113.40553278490519,29.21197461297919],[-113.43103148762506,29.242771672228276],[-113.42753334449307,29.25201470134172],[-113.4346126841114,29.266778892948697],[-113.45012822835454,29.279715185286168],[-113.46497008859407,29.279067845504713],[-113.48192961328158,29.278443936067355],[-113.4960802606074,29.28520089960675],[-113.50316759087775,29.29812274218138],[-113.50460669555133,29.316581320651743],[-113.51168526015485,29.32640941622972],[-113.52444225978802,29.334423158651465],[-113.5315519939021,29.349202209969032],[-113.53936525831327,29.354764172243577],[-113.54367974171532,29.366527306334643],[-113.55857351620631,29.378214424304737],[-113.56067818357145,29.38616863500455],[-113.57198451095891,29.397790538561292],[-113.58910418417766,29.40959896263541],[-113.59341938148388,29.433628781321218],[-113.58840051308233,29.45684628676874],[-113.57364639100881,29.478520056939242],[-113.56459485609666,29.50767924644049],[-113.56895156368311,29.52447319645627],[-113.57114440544305,29.539949644411813],[-113.55980171903093,29.544275402159883],[-113.55835734978206,29.538080985937015],[-113.54911752219056,29.533139446746578],[-113.53566374211488,29.538128746222437],[-113.52362442419117,29.543113536509058],[-113.5236463622872,29.54992883103762],[-113.51087578941736,29.549337685824565],[-113.51084382111249,29.537581455385364],[-113.4994908090619,29.535137870370725],[-113.47678908843552,29.53210373862599],[-113.46329689565617,29.51887772066982],[-113.43277373060336,29.492537052742886],[-113.41933642831573,29.466392137565524],[-113.39516052723094,29.4593178339731],[-113.39449403071666,29.451168153203298],[-113.38527377987509,29.442559778275616],[-113.38599343807407,29.435119584510662],[-113.37319538494262,29.421643469625497],[-113.36113298986423,29.401929842272605],[-113.3632574294645,29.393283861503395],[-113.3497785821159,29.38406623701458],[-113.36110101062667,29.374184447843735],[-113.37313815585472,29.361205361569755],[-113.37595920952694,29.343928314845186],[-113.37240631678345,29.33468719927398],[-113.37028710235447,29.310008823438345],[-113.34559677727685,29.295826568669813],[-113.3065900456938,29.29032524172531],[-113.29741475729284,29.280457147752703],[-113.28538364393695,29.280460452038838],[-113.27686241797008,29.289100854999727],[-113.26413650091129,29.28848325455542],[-113.25568157790175,29.285394650807355],[-113.23802675847422,29.2884721401501],[-113.22109390415521,29.289078926580135],[-113.206267601129,29.2853709200404],[-113.18276019235256,29.289693523083468],[-113.16852449464261,29.27611771766999],[-113.17881075303818,29.25945868111148],[-113.17792587373994,29.237876196675742],[-113.17141280077652,29.22613178896718],[-113.17214235742634,29.206390618490577],[-113.17218328573242,29.19467079574872],[-113.16577177641004,29.18910000627308],[-113.17073489814048,29.178614174732505],[-113.17359278552395,29.157020653681787],[-113.17431547029699,29.129247642105028],[-113.17008622634239,29.11998554442963],[-113.15806359395849,29.100211367438302],[-113.15450150680766,29.093401075291055],[-113.15738192265101,29.083551960695033],[-113.14822955963106,29.066266491067037],[-113.13817297356317,29.064886764044097]]],[[[-114.78612217335575,31.80304590007158],[-114.75523841200803,31.79779694449577],[-114.71007236530072,31.76373925131314],[-114.66954505401104,31.720933342490216],[-114.65269935838516,31.689764741879667],[-114.66608640238634,31.689764741879667],[-114.67796788689279,31.694403346880357],[-114.68740800897166,31.70180899090896],[-114.69367430816757,31.710272590627127],[-114.71556553048549,31.695217119002546],[-114.76256261462382,31.71564358625808],[-114.7982071750537,31.75665928185501],[-114.78612217335575,31.80304590007158]]],[[[-87.33120682536851,18.532416016683108],[-87.32815508103269,18.541245862762],[-87.32433022830436,18.549790903634324],[-87.31847083203188,18.558417059219668],[-87.31012934989522,18.567206045591085],[-87.32815506354626,18.53270082136276],[-87.32209223523671,18.48924376642936],[-87.33450275327337,18.454372602886934],[-87.37319900393106,18.402492448289202],[-87.37942458892971,18.402492448289202],[-87.37564044470895,18.410264498476938],[-87.35850990200474,18.429388787353865],[-87.34874428390872,18.442572428986995],[-87.34361729562309,18.452337810506666],[-87.33747310886385,18.47776925827098],[-87.33120682536851,18.532416016683108]]],[[[-87.26915441748172,18.73851140161367],[-87.25548256020163,18.72426998710236],[-87.24815833992811,18.67621496543787],[-87.24986731613275,18.650864970041777],[-87.26292883134882,18.62864811953692],[-87.25861568099623,18.65696843702398],[-87.26915441748172,18.73851140161367]]],[[[-91.60033119636934,18.77204018671033],[-91.5557348373808,18.791693475161235],[-91.53888911409169,18.793117495759162],[-91.53246008968712,18.78534576795825],[-91.52733311670379,18.777085546478492],[-91.52440346792008,18.766587749040784],[-91.52456621054559,18.752142648565123],[-91.52879798287715,18.75527579526337],[-91.53205318398989,18.758978550275508],[-91.55394446954784,18.74494052670928],[-91.56590734290803,18.74017966947904],[-91.57921301106101,18.73851140161367],[-91.5746150155682,18.745916912501684],[-91.56851153704096,18.75165445569362],[-91.56090247211407,18.75592681921527],[-91.55186926498885,18.758978550275508],[-91.57164465473726,18.757228867109138],[-91.60602781435384,18.743719894245125],[-91.62083898436445,18.74469628004682],[-91.6600642341105,18.692328042457074],[-91.6888728437999,18.669419616948186],[-91.72321528711046,18.662787099319207],[-91.70274819811051,18.697495979369084],[-91.75511631907823,18.667140881368823],[-91.78595944117644,18.654364339214197],[-91.8162735644607,18.64911528542095],[-91.83568274346017,18.64911528542095],[-91.84268146475875,18.651190632492682],[-91.83824620389242,18.658189070301365],[-91.82315021693182,18.673326063624927],[-91.81216385703715,18.679754891522443],[-91.76821857612632,18.697495979369084],[-91.74022376673838,18.703802832922097],[-91.68588703070243,18.731533397109388],[-91.64655436749275,18.75584119769895],[-91.60033119636934,18.77204018671033]]],[[[-86.74901282345758,20.592230525651424],[-86.74689693966755,20.595892649479577],[-86.74217688766753,20.595892649479577],[-86.73745683598443,20.592271232606574],[-86.73534094941948,20.58535390410468],[-86.737212693375,20.582180075805493],[-86.74901282557987,20.56769440689314],[-86.78433183256388,20.50983305863697],[-86.79710852998437,20.47748445533523],[-86.81354732811918,20.461127007360762],[-86.84398352593745,20.437323295139343],[-86.85570228060467,20.420843834507757],[-86.88076738007634,20.37592192906578],[-86.88556881151789,20.358832081307618],[-86.88980058698547,20.353664468353728],[-86.89924068730859,20.348456110625577],[-86.90855872372804,20.34153880889675],[-86.91291256322815,20.331488342809305],[-86.91690019231064,20.324611709637622],[-86.92650305857175,20.31370677011995],[-86.97915605294203,20.267808327884154],[-86.99526933619934,20.260809645066914],[-87.00226803338025,20.270086983557245],[-87.00523841016285,20.290187887372873],[-87.0188695931082,20.332464898292574],[-87.02277584336227,20.35541411900318],[-87.01968339666433,20.39744699803649],[-87.00788326961317,20.43622469452986],[-86.96812903615367,20.50625234703065],[-86.93675696405114,20.54718658464264],[-86.92951412849659,20.55003490802905],[-86.91368567584799,20.563421940981804],[-86.90542558558093,20.56769440689314],[-86.89688066556981,20.567816490221496],[-86.89053300737989,20.56533437954661],[-86.88573157420261,20.56232330365579],[-86.88219153419152,20.56085845387771],[-86.87124589543696,20.558579802816933],[-86.84634355176887,20.54897694003514],[-86.83714758905221,20.54718658464264],[-86.82371985496621,20.549994201064866],[-86.80174719743134,20.56256743276682],[-86.78921464753351,20.559881899870092],[-86.77131099973921,20.56610747382768],[-86.75568600048082,20.57754139780536],[-86.74901282345758,20.592230525651424]]],[[[-86.7005916031588,21.198920003273816],[-86.72004147070042,21.21271393862879],[-86.73957271645433,21.24282458760062],[-86.74986732215616,21.273138772991913],[-86.74156654033108,21.28766513454197],[-86.73851477003828,21.2667503404961],[-86.72752845142874,21.242906001431077],[-86.7005916031588,21.198920003273816]]],[[[-97.65143795565061,21.787909250738018],[-97.61473547905514,21.764390355812417],[-97.60171466037413,21.751939266231805],[-97.61046301850098,21.740179746367872],[-97.63996333367271,21.74510319180248],[-97.66348222315148,21.778469126631542],[-97.67926997890025,21.823187526285835],[-97.68492589925613,21.862453450770975],[-97.67031816832876,21.848618912528437],[-97.66454016999838,21.8290876434594],[-97.66055254971913,21.80756263426355],[-97.65143795565061,21.787909250738018]]],[[[-97.81529702498386,22.72020102884396],[-97.79841059562854,22.76251853806623],[-97.78856359620713,22.77484766956087],[-97.78453529690826,22.75584550459572],[-97.7961319915729,22.72378178843087],[-97.81761632228294,22.694769500895752],[-97.84316973193067,22.684881935515634],[-97.83714759470149,22.696112397761578],[-97.82188880643673,22.711574640768223],[-97.81529702498386,22.72020102884396]]],[[[-118.25147798211627,29.08944394778024],[-118.2295889388285,29.061719669329083],[-118.22052872045019,29.015180089425737],[-118.22907772141846,28.9959734174552],[-118.22136449779157,28.95934252550539],[-118.22580358877313,28.915052100299373],[-118.25136204790972,28.884541901176163],[-118.27037511202397,28.886175799487837],[-118.28201990389681,28.879102180162846],[-118.28921433928447,28.87888168333744],[-118.2887820728713,28.868082739387603],[-118.29839221219022,28.876797777780162],[-118.29474975043874,28.88862379254378],[-118.28358638125317,28.892569599024664],[-118.29274643292159,28.915717192847367],[-118.29747221410227,28.930890541438966],[-118.29404351941507,28.948117111144956],[-118.29998013141034,28.9677588729582],[-118.31599009161852,28.981686667499147],[-118.30434305651171,28.998019443645973],[-118.31367864823217,29.025563095131968],[-118.32349521455741,29.03996572409297],[-118.33527610964407,29.05115827230582],[-118.35551846806226,29.067003967532298],[-118.35820537430462,29.083665811204643],[-118.36401874206292,29.098314663648225],[-118.36880423148946,29.114401185002503],[-118.36538299360865,29.13165350875891],[-118.35677808321056,29.14948075092285],[-118.336728833781,29.16329318647765],[-118.30924958982094,29.17155582377922],[-118.29634554842856,29.186158555749035],[-118.27375520418602,29.189562912143213],[-118.25589458267751,29.180932311604312],[-118.27178174833443,29.1651237882404],[-118.28369322421938,29.151855070073548],[-118.28617608761957,29.136440006712753],[-118.27911250808594,29.116244714950785],[-118.267209741058,29.09805662298117],[-118.25147798211627,29.08944394778024]]],[[[-113.2447403513615,26.724595401041373],[-113.22899329560792,26.73289623506676],[-113.21996006844797,26.731268547060118],[-113.2108048216902,26.727932049314433],[-113.20254473229112,26.722967862892837],[-113.20343992540589,26.71718990659748],[-113.19513912710366,26.71385325736126],[-113.19180255540414,26.71718990659748],[-113.18687901831669,26.72134017444785],[-113.1802465552899,26.722967862892837],[-113.17442784370054,26.720444983328992],[-113.16291256303286,26.704779360628944],[-113.14712480885413,26.6840681179504],[-113.13890538915972,26.67255275362523],[-113.13805091848616,26.665106538181295],[-113.14635169948671,26.665106538181295],[-113.15461178163703,26.670884502236586],[-113.1653946413975,26.67747623552655],[-113.19180252383717,26.68744533057695],[-113.22158769134334,26.69570546173776],[-113.2464086451738,26.701483421310908],[-113.25796464703205,26.704779360628944],[-113.26455645120102,26.7089297800722],[-113.25796465599153,26.71800367580695],[-113.2447403513615,26.724595401041373]]],[[[-89.66418799308202,22.3710691399327],[-89.68458229452628,22.380737797626914],[-89.69172582974832,22.38759885470879],[-89.68924646280216,22.39985685979858],[-89.69797174611782,22.417544111270676],[-89.69438777146108,22.42487338132736],[-89.67755394893626,22.42966753221261],[-89.65710439753455,22.44668920405327],[-89.65516466998349,22.47200120935471],[-89.67271789715129,22.492543853588465],[-89.68766341868098,22.507352172318356],[-89.69107183005866,22.52862846211959],[-89.71401665505782,22.54104616871158],[-89.73876903776026,22.54938833095523],[-89.75652257782254,22.543782126220876],[-89.76191797413057,22.52909592110275],[-89.7707556490565,22.53324116486058],[-89.76713831860461,22.547123136976474],[-89.75643460486866,22.560140793322336],[-89.74570740787253,22.57724902202839],[-89.72972513129204,22.582868448472826],[-89.69261013160198,22.567073069728202],[-89.65824759676934,22.54067003840347],[-89.62491973103312,22.49794366291203],[-89.61015191784817,22.461080975570074],[-89.62188278963252,22.409829098920202],[-89.63427616412905,22.378891098474476],[-89.65057468243786,22.36757642460348],[-89.66418799308202,22.3710691399327]]],[[[-110.58616260968951,24.832117128635073],[-110.57451861737178,24.840236907662064],[-110.5692284226915,24.843842227418676],[-110.56519199998773,24.840915609065497],[-110.56762016183163,24.830196695834356],[-110.56464878328939,24.826361539104713],[-110.56123966592753,24.820171209839103],[-110.56141360531532,24.8150171099567],[-110.56812522064847,24.81520308416274],[-110.56840504858938,24.822245468704317],[-110.57408385784099,24.822403501759467],[-110.58032831297702,24.82116838032322],[-110.5867901150426,24.828851311368293],[-110.58616260968951,24.832117128635073]]],[[[-115.7527970084265,24.954779381384604],[-115.75230874227762,24.954291158713847],[-115.75230872883583,24.9532738529227],[-115.75328526089234,24.953029591379227],[-115.75377360352685,24.95351811446865],[-115.75377356350384,24.95441313926941],[-115.7527970084265,24.954779381384604]]],[[[-110.71479064991547,25.305925663648505],[-110.70479948031651,25.30605110126161],[-110.69651821377309,25.307006887066315],[-110.69068524818749,25.31273794074744],[-110.68952533538913,25.30838867258134],[-110.69404316121067,25.303015623826788],[-110.7039890231711,25.289108070701378],[-110.70719466084492,25.271563099373875],[-110.71343768345204,25.264268403810345],[-110.71977787352846,25.259347707113633],[-110.72887285034385,25.25998199237594],[-110.72975618196072,25.26626019284095],[-110.73393939691053,25.277780085649482],[-110.73274210726137,25.28795440206293],[-110.71479064991547,25.305925663648505]]],[[[-112.10630618556723,25.484113391445327],[-112.10292936433909,25.488874936065912],[-112.09813616980357,25.485821829869444],[-112.09914074812077,25.47194614958794],[-112.09775421985758,25.455028561673213],[-112.09975008126314,25.431189391130776],[-112.1007702124582,25.41211864339017],[-112.1065916455511,25.391761865967705],[-112.10955788063667,25.363164021577347],[-112.10434741241153,25.342347996614844],[-112.10583783721106,25.325880916043356],[-112.11306636302082,25.3141946510823],[-112.1188604733105,25.3012035950956],[-112.11747554896012,25.28385815295858],[-112.12275429491419,25.282136466604587],[-112.13088461984816,25.288659124461958],[-112.13805058115709,25.297346614618878],[-112.13416845861482,25.312944424621662],[-112.12549295215985,25.32766228148308],[-112.11771916361302,25.36058387081703],[-112.11327091482335,25.403915412922338],[-112.10547262348722,25.442912292224552],[-112.1030147953363,25.46155051842239],[-112.10630618556723,25.484113391445327]]],[[[-111.05914823989174,25.70097756836258],[-111.05955021734367,25.70822372053095],[-111.04354031601986,25.706724915448838],[-111.04337520782323,25.712287334749373],[-111.03715375895139,25.713810777019095],[-111.03128278270623,25.70364475618209],[-111.02344522060446,25.69733511340587],[-111.01922563079124,25.693887126197062],[-111.01288911783271,25.678704988032553],[-111.01625677017665,25.669321499402482],[-111.0221081443341,25.65944129014835],[-111.02850967182873,25.651792613060966],[-111.03526140994252,25.65307073503584],[-111.04416713664126,25.664981547178996],[-111.04770294446281,25.67063575107571],[-111.04620374130532,25.679509072512573],[-111.0537937443082,25.69416864971919],[-111.05914823989174,25.70097756836258]]],[[[-111.25823529766521,25.81278906850314],[-111.25478978657705,25.811285003621293],[-111.25316385603162,25.80154568831422],[-111.24752484609157,25.79913606008348],[-111.24987310019976,25.794622063421436],[-111.24590078054031,25.78939516862825],[-111.24470680707518,25.786799485587498],[-111.24795654376983,25.7840178226183],[-111.24690914843298,25.77628688365189],[-111.24322963934974,25.771922438255707],[-111.24305953751721,25.766779971879586],[-111.24594329860443,25.765702399760993],[-111.25301021687274,25.773568315994876],[-111.25849374339938,25.781398629335357],[-111.25790034065943,25.791090996893743],[-111.2569741764916,25.80134566212805],[-111.26022563563338,25.809694633802344],[-111.25823529766521,25.81278906850314]]],[[[-111.28662407451223,26.12584561014481],[-111.2752382337697,26.136377531081134],[-111.26855769234233,26.13626230744826],[-111.2637249614055,26.135042093680557],[-111.2624874443225,26.125414310196252],[-111.26442963411509,26.118247084453632],[-111.2671616586627,26.115103221728212],[-111.26255747449726,26.111305648846297],[-111.26424325626064,26.10500567982407],[-111.27402031471651,26.104977512375697],[-111.28142231239308,26.104882869749083],[-111.2862044686277,26.103131530474823],[-111.28344979099953,26.106524618865205],[-111.28038014366788,26.110437640767383],[-111.27993176615672,26.1146412004713],[-111.28658193329822,26.119009032687607],[-111.28662407451223,26.12584561014481]]],[[[-112.09700314872744,27.224523148543515],[-112.10881185288605,27.236915128851635],[-112.09009008445476,27.259978124252488],[-112.06414072488788,27.241471516857413],[-112.04525281453232,27.21664429030655],[-112.05222676738424,27.19367198196902],[-112.06627896392885,27.17896489675863],[-112.08744774422692,27.18294218918782],[-112.0922209196329,27.20373673489949],[-112.09700314872744,27.224523148543515]]],[[[-111.89226811789027,27.429018906175965],[-111.90428750309877,27.437639317572764],[-111.90108256226486,27.449228082259193],[-111.87933159270324,27.453189246332215],[-111.8629721764243,27.446516301482855],[-111.856394261945,27.437869605756262],[-111.85962089188281,27.430140603925025],[-111.87920334180541,27.428118182983113],[-111.89226811789027,27.429018906175965]]],[[[-115.20415567732996,27.89249623410528],[-115.19692237505907,27.891489184946945],[-115.18478288791471,27.88200753703847],[-115.17145302277305,27.87359542306947],[-115.1623654703377,27.868343557420307],[-115.15926747373618,27.859851519827597],[-115.16459619467149,27.85129608556442],[-115.17299468789571,27.848570855518656],[-115.17843408418489,27.85065736451504],[-115.1822351019667,27.868723604970963],[-115.19380674506417,27.88140456890004],[-115.20948813552629,27.884472585875177],[-115.2203673911656,27.88864048521985],[-115.21803930695339,27.8961077304821],[-115.20415567732996,27.89249623410528]]],[[[-111.38850837313122,27.96880191735658],[-111.39506502046441,27.979388786130258],[-111.38743958099722,27.988079030934177],[-111.37323579239309,27.96881393457966],[-111.36558653663707,27.95340033465748],[-111.38195074108687,27.957242545303775],[-111.38850837313122,27.96880191735658]]],[[[-115.59380652029378,28.317167223387784],[-115.58826490529651,28.309779549769818],[-115.57926282416713,28.314132963344974],[-115.56777663335677,28.313724089229343],[-115.56466735693502,28.307373470129633],[-115.57554119798145,28.30725810807594],[-115.57907721488422,28.30083508348979],[-115.59232135448346,28.29750039665642],[-115.60268783704642,28.304302856303508],[-115.60397864152034,28.310139755678822],[-115.60104172068952,28.316023217323924],[-115.59380652029378,28.317167223387784]]],[[[-113.51883992422971,29.095563330898813],[-113.51190034348318,29.095005494240326],[-113.50470693582963,29.092177559186375],[-113.50404684436958,29.087954279376422],[-113.50786017606181,29.082914818367843],[-113.50891840961731,29.07872577905811],[-113.50413298003394,29.07531957333675],[-113.50555545452018,29.07076134150471],[-113.50596486864329,29.062595329234245],[-113.50014398761193,29.056222385463414],[-113.50122201516105,29.05049319042051],[-113.49675060720546,29.04835435400345],[-113.49645032946202,29.042315442520746],[-113.49163844633497,29.03957100016999],[-113.49201094176978,29.035949692678553],[-113.50132706821285,29.036305064524736],[-113.50682477702168,29.039656613807846],[-113.50472042500562,29.044173407847207],[-113.5088310229482,29.0484225444427],[-113.51431792029562,29.053284491270812],[-113.51221101387128,29.05810347831174],[-113.50942981585526,29.060804356800233],[-113.51355362144884,29.06324358786216],[-113.51522796143009,29.070196293609964],[-113.51483823633612,29.07623097908091],[-113.5210306865415,29.078982919144952],[-113.52270508437537,29.085933508755506],[-113.52714560514912,29.092295014337243],[-113.51883992422971,29.095563330898813]]],[[[-114.41854184862294,29.986776489000988],[-114.4018487618083,29.986034301978513],[-114.40006478139873,29.969303983623938],[-114.39478098994469,29.960184152816414],[-114.40707345580402,29.958648410822445],[-114.42201746713397,29.966236108008477],[-114.41588677393935,29.97613115790725],[-114.41854184862294,29.986776489000988]]],[[[-116.11441068316213,30.496223352426757],[-116.10961194646576,30.49534674022519],[-116.10423950659835,30.488080091836864],[-116.10417503662376,30.482589491169875],[-116.11476364021058,30.48203450302718],[-116.12276736954979,30.485167446971527],[-116.12284390570548,30.49157208863686],[-116.11441068316213,30.496223352426757]]],[[[-117.25369335921751,32.4208021298236],[-117.24763920796208,32.41863043149923],[-117.24503165970384,32.41462675949383],[-117.2419696225164,32.40442550576151],[-117.23935103025762,32.39713983149412],[-117.23932071012622,32.38911765738048],[-117.24320545593466,32.388742793959224],[-117.24670327277177,32.40003751937429],[-117.24802680169124,32.40732650202644],[-117.25106409292646,32.41096296244171],[-117.25369335921751,32.4208021298236]]]]}}]}